2026.04.16 14:01:03 INFO  Started: Metals version 1.6.7 in folders '/Users/shreyashsature/Coding/JAVA-DSA-practice/F_Bit Manipulation' for client Visual Studio Code 1.92.2.
2026.04.16 14:01:03 INFO  Memory monitor started
2026.04.16 14:01:04 WARN  Using H2 2.4.240 which is newer than the version Flyway has been verified with. The latest verified version of H2 is 2.3.232.
2026.04.16 14:01:04 INFO  no build target found for /Users/shreyashsature/Coding/JAVA-DSA-practice/F_Bit Manipulation/BinaryToDecimal.java. Using fallback presentation compiler.
2026.04.16 14:01:04 INFO  no build target found for /Users/shreyashsature/Coding/JAVA-DSA-practice/F_Bit Manipulation/BinaryToDecimal.java. Using fallback presentation compiler.
2026.04.16 14:01:04 WARN  no build tool detected in workspace '/Users/shreyashsature/Coding/JAVA-DSA-practice/F_Bit Manipulation'. The most common cause for this problem is that the editor was opened in the wrong working directory, for example if you use sbt then the workspace directory should contain build.sbt. 
2026.04.16 14:01:04 WARN  Build server is not auto-connectable.
2026.04.16 14:01:04 WARN  no build target for: /Users/shreyashsature/Coding/JAVA-DSA-practice/F_Bit Manipulation/BinaryToDecimal.java
2026.04.16 14:01:05 INFO  no build target found for /Users/shreyashsature/Coding/JAVA-DSA-practice/F_Bit Manipulation/BinaryToDecimal.java. Using fallback presentation compiler.
2026.04.16 14:01:05 WARN  Running javac-semanticdb failed for file:///Users/shreyashsature/Coding/JAVA-DSA-practice/F_Bit%20Manipulation/BinaryToDecimal.java. Output:

2026.04.16 14:01:05 INFO  no build target found for /Users/shreyashsature/Coding/JAVA-DSA-practice/F_Bit Manipulation/BinaryToDecimal.java. Using fallback presentation compiler.
2026.04.16 14:01:05 INFO  no build target found for /Users/shreyashsature/Coding/JAVA-DSA-practice/F_Bit Manipulation/BinaryToDecimal.java. Using fallback presentation compiler.
2026.04.16 14:01:05 INFO  no build target found for /Users/shreyashsature/Coding/JAVA-DSA-practice/F_Bit Manipulation/BinaryToDecimal.java. Using fallback presentation compiler.
2026.04.16 14:01:05 INFO  no build target found for /Users/shreyashsature/Coding/JAVA-DSA-practice/F_Bit Manipulation/BinaryToDecimal.java. Using fallback presentation compiler.
2026.04.16 14:01:05 INFO  no build target found for /Users/shreyashsature/Coding/JAVA-DSA-practice/F_Bit Manipulation/BinaryToDecimal.java. Using fallback presentation compiler.
Apr 16, 2026 2:01:06 PM org.eclipse.lsp4j.jsonrpc.RemoteEndpoint handleCancellation
WARNING: Unmatched cancel notification for request id 13
2026.04.16 14:01:05 INFO  no build target found for /Users/shreyashsature/Coding/JAVA-DSA-practice/F_Bit Manipulation/BinaryToDecimal.java. Using fallback presentation compiler.
2026.04.16 14:01:06 INFO  no build target found for /Users/shreyashsature/Coding/JAVA-DSA-practice/F_Bit Manipulation/BinaryToDecimal.java. Using fallback presentation compiler.
2026.04.16 14:01:05 INFO  no build target found for /Users/shreyashsature/Coding/JAVA-DSA-practice/F_Bit Manipulation/BinaryToDecimal.java. Using fallback presentation compiler.
2026.04.16 14:01:05 INFO  no build target found for /Users/shreyashsature/Coding/JAVA-DSA-practice/F_Bit Manipulation/BinaryToDecimal.java. Using fallback presentation compiler.
2026.04.16 14:01:05 INFO  no build target found for /Users/shreyashsature/Coding/JAVA-DSA-practice/F_Bit Manipulation/BinaryToDecimal.java. Using fallback presentation compiler.
2026.04.16 14:01:07 INFO  no build target found for /Users/shreyashsature/Coding/JAVA-DSA-practice/F_Bit Manipulation/BinaryToDecimal.java. Using fallback presentation compiler.
2026.04.16 14:01:07 WARN  Running javac-semanticdb failed for file:///Users/shreyashsature/Coding/JAVA-DSA-practice/F_Bit%20Manipulation/BinaryToDecimal.java. Output:

2026.04.16 14:01:08 INFO  no build target found for /Users/shreyashsature/Coding/JAVA-DSA-practice/F_Bit Manipulation/BinaryToDecimal.java. Using fallback presentation compiler.
2026.04.16 14:01:08 INFO  no build target found for /Users/shreyashsature/Coding/JAVA-DSA-practice/F_Bit Manipulation/BinaryToDecimal.java. Using fallback presentation compiler.
2026.04.16 14:01:08 INFO  no build target found for /Users/shreyashsature/Coding/JAVA-DSA-practice/F_Bit Manipulation/BinaryToDecimal.java. Using fallback presentation compiler.
2026.04.16 14:01:08 INFO  no build target found for /Users/shreyashsature/Coding/JAVA-DSA-practice/F_Bit Manipulation/BinaryToDecimal.java. Using fallback presentation compiler.
2026.04.16 14:01:08 INFO  no build target found for /Users/shreyashsature/Coding/JAVA-DSA-practice/F_Bit Manipulation/BinaryToDecimal.java. Using fallback presentation compiler.
2026.04.16 14:01:08 INFO  no build target found for /Users/shreyashsature/Coding/JAVA-DSA-practice/F_Bit Manipulation/BinaryToDecimal.java. Using fallback presentation compiler.
Apr 16, 2026 2:01:08 PM org.eclipse.lsp4j.jsonrpc.RemoteEndpoint handleCancellation
WARNING: Unmatched cancel notification for request id 24
Apr 16, 2026 2:01:08 PM org.eclipse.lsp4j.jsonrpc.RemoteEndpoint handleCancellation
WARNING: Unmatched cancel notification for request id 25
2026.04.16 14:01:08 INFO  no build target found for /Users/shreyashsature/Coding/JAVA-DSA-practice/F_Bit Manipulation/BinaryToDecimal.java. Using fallback presentation compiler.
2026.04.16 14:01:08 INFO  no build target found for /Users/shreyashsature/Coding/JAVA-DSA-practice/F_Bit Manipulation/BinaryToDecimal.java. Using fallback presentation compiler.
2026.04.16 14:01:08 INFO  no build target found for /Users/shreyashsature/Coding/JAVA-DSA-practice/F_Bit Manipulation/BinaryToDecimal.java. Using fallback presentation compiler.
2026.04.16 14:01:08 INFO  no build target found for /Users/shreyashsature/Coding/JAVA-DSA-practice/F_Bit Manipulation/BinaryToDecimal.java. Using fallback presentation compiler.
2026.04.16 14:01:08 INFO  no build target found for /Users/shreyashsature/Coding/JAVA-DSA-practice/F_Bit Manipulation/BinaryToDecimal.java. Using fallback presentation compiler.
2026.04.16 14:01:08 INFO  no build target found for /Users/shreyashsature/Coding/JAVA-DSA-practice/F_Bit Manipulation/BinaryToDecimal.java. Using fallback presentation compiler.
2026.04.16 14:01:08 INFO  no build target found for /Users/shreyashsature/Coding/JAVA-DSA-practice/F_Bit Manipulation/BinaryToDecimal.java. Using fallback presentation compiler.
2026.04.16 14:01:09 INFO  no build target found for /Users/shreyashsature/Coding/JAVA-DSA-practice/F_Bit Manipulation/BinaryToDecimal.java. Using fallback presentation compiler.
2026.04.16 14:01:09 INFO  no build target found for /Users/shreyashsature/Coding/JAVA-DSA-practice/F_Bit Manipulation/BinaryToDecimal.java. Using fallback presentation compiler.
2026.04.16 14:01:09 INFO  no build target found for /Users/shreyashsature/Coding/JAVA-DSA-practice/F_Bit Manipulation/BinaryToDecimal.java. Using fallback presentation compiler.
2026.04.16 14:01:09 INFO  no build target found for /Users/shreyashsature/Coding/JAVA-DSA-practice/F_Bit Manipulation/BinaryToDecimal.java. Using fallback presentation compiler.
2026.04.16 14:01:09 INFO  no build target found for /Users/shreyashsature/Coding/JAVA-DSA-practice/F_Bit Manipulation/BinaryToDecimal.java. Using fallback presentation compiler.
2026.04.16 14:01:09 INFO  no build target found for /Users/shreyashsature/Coding/JAVA-DSA-practice/F_Bit Manipulation/BinaryToDecimal.java. Using fallback presentation compiler.
2026.04.16 14:01:09 INFO  no build target found for /Users/shreyashsature/Coding/JAVA-DSA-practice/F_Bit Manipulation/BinaryToDecimal.java. Using fallback presentation compiler.
2026.04.16 14:01:09 WARN  Running javac-semanticdb failed for file:///Users/shreyashsature/Coding/JAVA-DSA-practice/F_Bit%20Manipulation/BinaryToDecimal.java. Output:

2026.04.16 14:01:10 INFO  no build target found for /Users/shreyashsature/Coding/JAVA-DSA-practice/F_Bit Manipulation/BinaryToDecimal.java. Using fallback presentation compiler.
2026.04.16 14:01:10 INFO  no build target found for /Users/shreyashsature/Coding/JAVA-DSA-practice/F_Bit Manipulation/BinaryToDecimal.java. Using fallback presentation compiler.
2026.04.16 14:01:10 INFO  no build target found for /Users/shreyashsature/Coding/JAVA-DSA-practice/F_Bit Manipulation/BinaryToDecimal.java. Using fallback presentation compiler.
2026.04.16 14:01:11 INFO  no build target found for /Users/shreyashsature/Coding/JAVA-DSA-practice/F_Bit Manipulation/BinaryToDecimal.java. Using fallback presentation compiler.
2026.04.16 14:01:11 INFO  no build target found for /Users/shreyashsature/Coding/JAVA-DSA-practice/F_Bit Manipulation/BinaryToDecimal.java. Using fallback presentation compiler.
2026.04.16 14:01:11 INFO  no build target found for /Users/shreyashsature/Coding/JAVA-DSA-practice/F_Bit Manipulation/BinaryToDecimal.java. Using fallback presentation compiler.
2026.04.16 14:01:11 WARN  Running javac-semanticdb failed for file:///Users/shreyashsature/Coding/JAVA-DSA-practice/F_Bit%20Manipulation/BinaryToDecimal.java. Output:

2026.04.16 14:01:11 INFO  no build target found for /Users/shreyashsature/Coding/JAVA-DSA-practice/F_Bit Manipulation/BinaryToDecimal.java. Using fallback presentation compiler.
2026.04.16 14:01:11 INFO  no build target found for /Users/shreyashsature/Coding/JAVA-DSA-practice/F_Bit Manipulation/BinaryToDecimal.java. Using fallback presentation compiler.
2026.04.16 14:01:11 INFO  no build target found for /Users/shreyashsature/Coding/JAVA-DSA-practice/F_Bit Manipulation/BinaryToDecimal.java. Using fallback presentation compiler.
2026.04.16 14:01:12 WARN  Running javac-semanticdb failed for file:///Users/shreyashsature/Coding/JAVA-DSA-practice/F_Bit%20Manipulation/BinaryToDecimal.java. Output:

2026.04.16 14:01:12 INFO  no build target found for /Users/shreyashsature/Coding/JAVA-DSA-practice/F_Bit Manipulation/BinaryToDecimal.java. Using fallback presentation compiler.
2026.04.16 14:01:12 INFO  no build target found for /Users/shreyashsature/Coding/JAVA-DSA-practice/F_Bit Manipulation/BinaryToDecimal.java. Using fallback presentation compiler.
2026.04.16 14:01:12 INFO  no build target found for /Users/shreyashsature/Coding/JAVA-DSA-practice/F_Bit Manipulation/BinaryToDecimal.java. Using fallback presentation compiler.
2026.04.16 14:01:12 INFO  no build target found for /Users/shreyashsature/Coding/JAVA-DSA-practice/F_Bit Manipulation/BinaryToDecimal.java. Using fallback presentation compiler.
2026.04.16 14:01:12 INFO  no build target found for /Users/shreyashsature/Coding/JAVA-DSA-practice/F_Bit Manipulation/BinaryToDecimal.java. Using fallback presentation compiler.
2026.04.16 14:01:13 INFO  no build target found for /Users/shreyashsature/Coding/JAVA-DSA-practice/F_Bit Manipulation/BinaryToDecimal.java. Using fallback presentation compiler.
2026.04.16 14:01:12 INFO  no build target found for /Users/shreyashsature/Coding/JAVA-DSA-practice/F_Bit Manipulation/BinaryToDecimal.java. Using fallback presentation compiler.
2026.04.16 14:01:13 WARN  Running javac-semanticdb failed for file:///Users/shreyashsature/Coding/JAVA-DSA-practice/F_Bit%20Manipulation/BinaryToDecimal.java. Output:

2026.04.16 14:01:12 INFO  no build target found for /Users/shreyashsature/Coding/JAVA-DSA-practice/F_Bit Manipulation/BinaryToDecimal.java. Using fallback presentation compiler.
2026.04.16 14:01:13 INFO  no build target found for /Users/shreyashsature/Coding/JAVA-DSA-practice/F_Bit Manipulation/BinaryToDecimal.java. Using fallback presentation compiler.
2026.04.16 14:01:13 INFO  no build target found for /Users/shreyashsature/Coding/JAVA-DSA-practice/F_Bit Manipulation/BinaryToDecimal.java. Using fallback presentation compiler.
2026.04.16 14:01:13 INFO  no build target found for /Users/shreyashsature/Coding/JAVA-DSA-practice/F_Bit Manipulation/BinaryToDecimal.java. Using fallback presentation compiler.
2026.04.16 14:01:13 INFO  no build target found for /Users/shreyashsature/Coding/JAVA-DSA-practice/F_Bit Manipulation/BinaryToDecimal.java. Using fallback presentation compiler.
2026.04.16 14:01:13 INFO  no build target found for /Users/shreyashsature/Coding/JAVA-DSA-practice/F_Bit Manipulation/BinaryToDecimal.java. Using fallback presentation compiler.
2026.04.16 14:01:13 INFO  no build target found for /Users/shreyashsature/Coding/JAVA-DSA-practice/F_Bit Manipulation/BinaryToDecimal.java. Using fallback presentation compiler.
2026.04.16 14:01:14 INFO  no build target found for /Users/shreyashsature/Coding/JAVA-DSA-practice/F_Bit Manipulation/BinaryToDecimal.java. Using fallback presentation compiler.
2026.04.16 14:01:13 INFO  no build target found for /Users/shreyashsature/Coding/JAVA-DSA-practice/F_Bit Manipulation/BinaryToDecimal.java. Using fallback presentation compiler.
2026.04.16 14:01:14 WARN  Running javac-semanticdb failed for file:///Users/shreyashsature/Coding/JAVA-DSA-practice/F_Bit%20Manipulation/BinaryToDecimal.java. Output:

2026.04.16 14:01:13 INFO  no build target found for /Users/shreyashsature/Coding/JAVA-DSA-practice/F_Bit Manipulation/BinaryToDecimal.java. Using fallback presentation compiler.
2026.04.16 14:01:13 INFO  no build target found for /Users/shreyashsature/Coding/JAVA-DSA-practice/F_Bit Manipulation/BinaryToDecimal.java. Using fallback presentation compiler.
2026.04.16 14:01:13 INFO  no build target found for /Users/shreyashsature/Coding/JAVA-DSA-practice/F_Bit Manipulation/BinaryToDecimal.java. Using fallback presentation compiler.
2026.04.16 14:01:13 INFO  no build target found for /Users/shreyashsature/Coding/JAVA-DSA-practice/F_Bit Manipulation/BinaryToDecimal.java. Using fallback presentation compiler.
2026.04.16 14:01:14 INFO  no build target found for /Users/shreyashsature/Coding/JAVA-DSA-practice/F_Bit Manipulation/BinaryToDecimal.java. Using fallback presentation compiler.
2026.04.16 14:01:15 INFO  no build target found for /Users/shreyashsature/Coding/JAVA-DSA-practice/F_Bit Manipulation/BinaryToDecimal.java. Using fallback presentation compiler.
2026.04.16 14:01:14 WARN  Running javac-semanticdb failed for file:///Users/shreyashsature/Coding/JAVA-DSA-practice/F_Bit%20Manipulation/BinaryToDecimal.java. Output:

2026.04.16 14:01:15 INFO  no build target found for /Users/shreyashsature/Coding/JAVA-DSA-practice/F_Bit Manipulation/BinaryToDecimal.java. Using fallback presentation compiler.
2026.04.16 14:01:16 INFO  no build target found for /Users/shreyashsature/Coding/JAVA-DSA-practice/F_Bit Manipulation/BinaryToDecimal.java. Using fallback presentation compiler.
2026.04.16 14:01:16 INFO  no build target found for /Users/shreyashsature/Coding/JAVA-DSA-practice/F_Bit Manipulation/BinaryToDecimal.java. Using fallback presentation compiler.
2026.04.16 14:01:16 INFO  no build target found for /Users/shreyashsature/Coding/JAVA-DSA-practice/F_Bit Manipulation/BinaryToDecimal.java. Using fallback presentation compiler.
2026.04.16 14:01:16 WARN  Running javac-semanticdb failed for file:///Users/shreyashsature/Coding/JAVA-DSA-practice/F_Bit%20Manipulation/BinaryToDecimal.java. Output:

2026.04.16 14:01:16 INFO  no build target found for /Users/shreyashsature/Coding/JAVA-DSA-practice/F_Bit Manipulation/BinaryToDecimal.java. Using fallback presentation compiler.
2026.04.16 14:01:18 INFO  no build target found for /Users/shreyashsature/Coding/JAVA-DSA-practice/F_Bit Manipulation/BinaryToDecimal.java. Using fallback presentation compiler.
2026.04.16 14:01:18 INFO  no build target found for /Users/shreyashsature/Coding/JAVA-DSA-practice/F_Bit Manipulation/BinaryToDecimal.java. Using fallback presentation compiler.
2026.04.16 14:01:18 INFO  no build target found for /Users/shreyashsature/Coding/JAVA-DSA-practice/F_Bit Manipulation/BinaryToDecimal.java. Using fallback presentation compiler.
2026.04.16 14:01:18 INFO  no build target found for /Users/shreyashsature/Coding/JAVA-DSA-practice/F_Bit Manipulation/BinaryToDecimal.java. Using fallback presentation compiler.
2026.04.16 14:01:18 INFO  no build target found for /Users/shreyashsature/Coding/JAVA-DSA-practice/F_Bit Manipulation/BinaryToDecimal.java. Using fallback presentation compiler.
2026.04.16 14:01:18 INFO  no build target found for /Users/shreyashsature/Coding/JAVA-DSA-practice/F_Bit Manipulation/BinaryToDecimal.java. Using fallback presentation compiler.
2026.04.16 14:01:18 WARN  Running javac-semanticdb failed for file:///Users/shreyashsature/Coding/JAVA-DSA-practice/F_Bit%20Manipulation/BinaryToDecimal.java. Output:

2026.04.16 14:01:18 INFO  no build target found for /Users/shreyashsature/Coding/JAVA-DSA-practice/F_Bit Manipulation/BinaryToDecimal.java. Using fallback presentation compiler.
2026.04.16 14:01:19 INFO  no build target found for /Users/shreyashsature/Coding/JAVA-DSA-practice/F_Bit Manipulation/BinaryToDecimal.java. Using fallback presentation compiler.
2026.04.16 14:01:19 INFO  no build target found for /Users/shreyashsature/Coding/JAVA-DSA-practice/F_Bit Manipulation/BinaryToDecimal.java. Using fallback presentation compiler.
2026.04.16 14:01:19 INFO  no build target found for /Users/shreyashsature/Coding/JAVA-DSA-practice/F_Bit Manipulation/BinaryToDecimal.java. Using fallback presentation compiler.
2026.04.16 14:01:19 WARN  Running javac-semanticdb failed for file:///Users/shreyashsature/Coding/JAVA-DSA-practice/F_Bit%20Manipulation/BinaryToDecimal.java. Output:

2026.04.16 14:01:19 INFO  no build target found for /Users/shreyashsature/Coding/JAVA-DSA-practice/F_Bit Manipulation/BinaryToDecimal.java. Using fallback presentation compiler.
2026.04.16 14:01:20 INFO  no build target found for /Users/shreyashsature/Coding/JAVA-DSA-practice/F_Bit Manipulation/BinaryToDecimal.java. Using fallback presentation compiler.
2026.04.16 14:01:23 INFO  no build target found for /Users/shreyashsature/Coding/JAVA-DSA-practice/F_Bit Manipulation/BinaryToDecimal.java. Using fallback presentation compiler.
2026.04.16 14:01:23 INFO  no build target found for /Users/shreyashsature/Coding/JAVA-DSA-practice/F_Bit Manipulation/BinaryToDecimal.java. Using fallback presentation compiler.
2026.04.16 14:01:23 INFO  no build target found for /Users/shreyashsature/Coding/JAVA-DSA-practice/F_Bit Manipulation/BinaryToDecimal.java. Using fallback presentation compiler.
2026.04.16 14:01:24 WARN  Running javac-semanticdb failed for file:///Users/shreyashsature/Coding/JAVA-DSA-practice/F_Bit%20Manipulation/BinaryToDecimal.java. Output:

2026.04.16 14:01:24 INFO  no build target found for /Users/shreyashsature/Coding/JAVA-DSA-practice/F_Bit Manipulation/BinaryToDecimal.java. Using fallback presentation compiler.
2026.04.16 14:01:24 INFO  no build target found for /Users/shreyashsature/Coding/JAVA-DSA-practice/F_Bit Manipulation/BinaryToDecimal.java. Using fallback presentation compiler.
2026.04.16 14:01:24 INFO  no build target found for /Users/shreyashsature/Coding/JAVA-DSA-practice/F_Bit Manipulation/BinaryToDecimal.java. Using fallback presentation compiler.
2026.04.16 14:01:24 INFO  no build target found for /Users/shreyashsature/Coding/JAVA-DSA-practice/F_Bit Manipulation/BinaryToDecimal.java. Using fallback presentation compiler.
2026.04.16 14:01:24 INFO  no build target found for /Users/shreyashsature/Coding/JAVA-DSA-practice/F_Bit Manipulation/BinaryToDecimal.java. Using fallback presentation compiler.
2026.04.16 14:01:24 INFO  no build target found for /Users/shreyashsature/Coding/JAVA-DSA-practice/F_Bit Manipulation/BinaryToDecimal.java. Using fallback presentation compiler.
2026.04.16 14:01:24 INFO  no build target found for /Users/shreyashsature/Coding/JAVA-DSA-practice/F_Bit Manipulation/BinaryToDecimal.java. Using fallback presentation compiler.
2026.04.16 14:01:25 WARN  Running javac-semanticdb failed for file:///Users/shreyashsature/Coding/JAVA-DSA-practice/F_Bit%20Manipulation/BinaryToDecimal.java. Output:

2026.04.16 14:01:25 INFO  no build target found for /Users/shreyashsature/Coding/JAVA-DSA-practice/F_Bit Manipulation/BinaryToDecimal.java. Using fallback presentation compiler.
2026.04.16 14:01:25 INFO  no build target found for /Users/shreyashsature/Coding/JAVA-DSA-practice/F_Bit Manipulation/BinaryToDecimal.java. Using fallback presentation compiler.
2026.04.16 14:01:27 INFO  no build target found for /Users/shreyashsature/Coding/JAVA-DSA-practice/F_Bit Manipulation/BinaryToDecimal.java. Using fallback presentation compiler.
2026.04.16 14:01:27 INFO  no build target found for /Users/shreyashsature/Coding/JAVA-DSA-practice/F_Bit Manipulation/BinaryToDecimal.java. Using fallback presentation compiler.
2026.04.16 14:01:27 WARN  Running javac-semanticdb failed for file:///Users/shreyashsature/Coding/JAVA-DSA-practice/F_Bit%20Manipulation/BinaryToDecimal.java. Output:

2026.04.16 14:01:27 INFO  no build target found for /Users/shreyashsature/Coding/JAVA-DSA-practice/F_Bit Manipulation/BinaryToDecimal.java. Using fallback presentation compiler.
2026.04.16 14:01:27 INFO  no build target found for /Users/shreyashsature/Coding/JAVA-DSA-practice/F_Bit Manipulation/BinaryToDecimal.java. Using fallback presentation compiler.
2026.04.16 14:01:27 INFO  no build target found for /Users/shreyashsature/Coding/JAVA-DSA-practice/F_Bit Manipulation/BinaryToDecimal.java. Using fallback presentation compiler.
2026.04.16 14:01:28 WARN  Running javac-semanticdb failed for file:///Users/shreyashsature/Coding/JAVA-DSA-practice/F_Bit%20Manipulation/BinaryToDecimal.java. Output:

2026.04.16 14:01:28 INFO  no build target found for /Users/shreyashsature/Coding/JAVA-DSA-practice/F_Bit Manipulation/BinaryToDecimal.java. Using fallback presentation compiler.
2026.04.16 14:01:27 INFO  no build target found for /Users/shreyashsature/Coding/JAVA-DSA-practice/F_Bit Manipulation/BinaryToDecimal.java. Using fallback presentation compiler.
2026.04.16 14:01:27 INFO  no build target found for /Users/shreyashsature/Coding/JAVA-DSA-practice/F_Bit Manipulation/BinaryToDecimal.java. Using fallback presentation compiler.
2026.04.16 14:01:27 INFO  no build target found for /Users/shreyashsature/Coding/JAVA-DSA-practice/F_Bit Manipulation/BinaryToDecimal.java. Using fallback presentation compiler.
2026.04.16 14:01:27 INFO  no build target found for /Users/shreyashsature/Coding/JAVA-DSA-practice/F_Bit Manipulation/BinaryToDecimal.java. Using fallback presentation compiler.
2026.04.16 14:01:28 INFO  no build target found for /Users/shreyashsature/Coding/JAVA-DSA-practice/F_Bit Manipulation/BinaryToDecimal.java. Using fallback presentation compiler.
2026.04.16 14:01:28 INFO  no build target found for /Users/shreyashsature/Coding/JAVA-DSA-practice/F_Bit Manipulation/BinaryToDecimal.java. Using fallback presentation compiler.
2026.04.16 14:01:28 WARN  Running javac-semanticdb failed for file:///Users/shreyashsature/Coding/JAVA-DSA-practice/F_Bit%20Manipulation/BinaryToDecimal.java. Output:

2026.04.16 14:01:28 INFO  no build target found for /Users/shreyashsature/Coding/JAVA-DSA-practice/F_Bit Manipulation/BinaryToDecimal.java. Using fallback presentation compiler.
2026.04.16 14:01:28 INFO  no build target found for /Users/shreyashsature/Coding/JAVA-DSA-practice/F_Bit Manipulation/BinaryToDecimal.java. Using fallback presentation compiler.
2026.04.16 14:01:28 INFO  no build target found for /Users/shreyashsature/Coding/JAVA-DSA-practice/F_Bit Manipulation/BinaryToDecimal.java. Using fallback presentation compiler.
2026.04.16 14:01:28 INFO  no build target found for /Users/shreyashsature/Coding/JAVA-DSA-practice/F_Bit Manipulation/BinaryToDecimal.java. Using fallback presentation compiler.
2026.04.16 14:01:29 WARN  Running javac-semanticdb failed for file:///Users/shreyashsature/Coding/JAVA-DSA-practice/F_Bit%20Manipulation/BinaryToDecimal.java. Output:

2026.04.16 14:01:30 INFO  no build target found for /Users/shreyashsature/Coding/JAVA-DSA-practice/F_Bit Manipulation/BinaryToDecimal.java. Using fallback presentation compiler.
2026.04.16 14:01:30 INFO  no build target found for /Users/shreyashsature/Coding/JAVA-DSA-practice/F_Bit Manipulation/BinaryToDecimal.java. Using fallback presentation compiler.
2026.04.16 14:01:30 INFO  no build target found for /Users/shreyashsature/Coding/JAVA-DSA-practice/F_Bit Manipulation/BinaryToDecimal.java. Using fallback presentation compiler.
2026.04.16 14:01:30 INFO  no build target found for /Users/shreyashsature/Coding/JAVA-DSA-practice/F_Bit Manipulation/BinaryToDecimal.java. Using fallback presentation compiler.
2026.04.16 14:01:30 INFO  no build target found for /Users/shreyashsature/Coding/JAVA-DSA-practice/F_Bit Manipulation/BinaryToDecimal.java. Using fallback presentation compiler.
2026.04.16 14:01:30 INFO  no build target found for /Users/shreyashsature/Coding/JAVA-DSA-practice/F_Bit Manipulation/BinaryToDecimal.java. Using fallback presentation compiler.
2026.04.16 14:01:30 INFO  no build target found for /Users/shreyashsature/Coding/JAVA-DSA-practice/F_Bit Manipulation/BinaryToDecimal.java. Using fallback presentation compiler.
2026.04.16 14:01:30 WARN  Running javac-semanticdb failed for file:///Users/shreyashsature/Coding/JAVA-DSA-practice/F_Bit%20Manipulation/BinaryToDecimal.java. Output:

2026.04.16 14:01:30 INFO  no build target found for /Users/shreyashsature/Coding/JAVA-DSA-practice/F_Bit Manipulation/BinaryToDecimal.java. Using fallback presentation compiler.
2026.04.16 14:01:30 INFO  no build target found for /Users/shreyashsature/Coding/JAVA-DSA-practice/F_Bit Manipulation/BinaryToDecimal.java. Using fallback presentation compiler.
2026.04.16 14:01:31 INFO  no build target found for /Users/shreyashsature/Coding/JAVA-DSA-practice/F_Bit Manipulation/BinaryToDecimal.java. Using fallback presentation compiler.
2026.04.16 14:01:31 INFO  no build target found for /Users/shreyashsature/Coding/JAVA-DSA-practice/F_Bit Manipulation/BinaryToDecimal.java. Using fallback presentation compiler.
2026.04.16 14:01:31 INFO  no build target found for /Users/shreyashsature/Coding/JAVA-DSA-practice/F_Bit Manipulation/BinaryToDecimal.java. Using fallback presentation compiler.
2026.04.16 14:01:31 INFO  no build target found for /Users/shreyashsature/Coding/JAVA-DSA-practice/F_Bit Manipulation/BinaryToDecimal.java. Using fallback presentation compiler.
2026.04.16 14:01:31 WARN  Running javac-semanticdb failed for file:///Users/shreyashsature/Coding/JAVA-DSA-practice/F_Bit%20Manipulation/BinaryToDecimal.java. Output:

2026.04.16 14:01:31 INFO  no build target found for /Users/shreyashsature/Coding/JAVA-DSA-practice/F_Bit Manipulation/BinaryToDecimal.java. Using fallback presentation compiler.
2026.04.16 14:01:31 INFO  no build target found for /Users/shreyashsature/Coding/JAVA-DSA-practice/F_Bit Manipulation/BinaryToDecimal.java. Using fallback presentation compiler.
2026.04.16 14:01:31 INFO  no build target found for /Users/shreyashsature/Coding/JAVA-DSA-practice/F_Bit Manipulation/BinaryToDecimal.java. Using fallback presentation compiler.
2026.04.16 14:01:31 INFO  no build target found for /Users/shreyashsature/Coding/JAVA-DSA-practice/F_Bit Manipulation/BinaryToDecimal.java. Using fallback presentation compiler.
2026.04.16 14:01:31 WARN  Running javac-semanticdb failed for file:///Users/shreyashsature/Coding/JAVA-DSA-practice/F_Bit%20Manipulation/BinaryToDecimal.java. Output:

2026.04.16 14:01:32 INFO  no build target found for /Users/shreyashsature/Coding/JAVA-DSA-practice/F_Bit Manipulation/BinaryToDecimal.java. Using fallback presentation compiler.
2026.04.16 14:01:32 INFO  no build target found for /Users/shreyashsature/Coding/JAVA-DSA-practice/F_Bit Manipulation/BinaryToDecimal.java. Using fallback presentation compiler.
2026.04.16 14:01:35 INFO  no build target found for /Users/shreyashsature/Coding/JAVA-DSA-practice/F_Bit Manipulation/BinaryToDecimal.java. Using fallback presentation compiler.
2026.04.16 14:01:35 INFO  no build target found for /Users/shreyashsature/Coding/JAVA-DSA-practice/F_Bit Manipulation/BinaryToDecimal.java. Using fallback presentation compiler.
2026.04.16 14:01:35 INFO  no build target found for /Users/shreyashsature/Coding/JAVA-DSA-practice/F_Bit Manipulation/BinaryToDecimal.java. Using fallback presentation compiler.
2026.04.16 14:01:36 WARN  Running javac-semanticdb failed for file:///Users/shreyashsature/Coding/JAVA-DSA-practice/F_Bit%20Manipulation/BinaryToDecimal.java. Output:

2026.04.16 14:01:35 INFO  no build target found for /Users/shreyashsature/Coding/JAVA-DSA-practice/F_Bit Manipulation/BinaryToDecimal.java. Using fallback presentation compiler.
2026.04.16 14:01:36 INFO  no build target found for /Users/shreyashsature/Coding/JAVA-DSA-practice/F_Bit Manipulation/BinaryToDecimal.java. Using fallback presentation compiler.
2026.04.16 14:01:35 INFO  no build target found for /Users/shreyashsature/Coding/JAVA-DSA-practice/F_Bit Manipulation/BinaryToDecimal.java. Using fallback presentation compiler.
2026.04.16 14:01:35 INFO  no build target found for /Users/shreyashsature/Coding/JAVA-DSA-practice/F_Bit Manipulation/BinaryToDecimal.java. Using fallback presentation compiler.
2026.04.16 14:01:36 WARN  Running javac-semanticdb failed for file:///Users/shreyashsature/Coding/JAVA-DSA-practice/F_Bit%20Manipulation/BinaryToDecimal.java. Output:

2026.04.16 14:01:36 INFO  no build target found for /Users/shreyashsature/Coding/JAVA-DSA-practice/F_Bit Manipulation/BinaryToDecimal.java. Using fallback presentation compiler.
2026.04.16 14:01:36 INFO  no build target found for /Users/shreyashsature/Coding/JAVA-DSA-practice/F_Bit Manipulation/BinaryToDecimal.java. Using fallback presentation compiler.
2026.04.16 14:01:36 INFO  no build target found for /Users/shreyashsature/Coding/JAVA-DSA-practice/F_Bit Manipulation/BinaryToDecimal.java. Using fallback presentation compiler.
2026.04.16 14:01:36 INFO  no build target found for /Users/shreyashsature/Coding/JAVA-DSA-practice/F_Bit Manipulation/BinaryToDecimal.java. Using fallback presentation compiler.
2026.04.16 14:01:36 WARN  Running javac-semanticdb failed for file:///Users/shreyashsature/Coding/JAVA-DSA-practice/F_Bit%20Manipulation/BinaryToDecimal.java. Output:

2026.04.16 14:01:36 INFO  no build target found for /Users/shreyashsature/Coding/JAVA-DSA-practice/F_Bit Manipulation/BinaryToDecimal.java. Using fallback presentation compiler.
2026.04.16 14:01:36 INFO  no build target found for /Users/shreyashsature/Coding/JAVA-DSA-practice/F_Bit Manipulation/BinaryToDecimal.java. Using fallback presentation compiler.
2026.04.16 14:01:37 INFO  no build target found for /Users/shreyashsature/Coding/JAVA-DSA-practice/F_Bit Manipulation/BinaryToDecimal.java. Using fallback presentation compiler.
2026.04.16 14:01:36 INFO  no build target found for /Users/shreyashsature/Coding/JAVA-DSA-practice/F_Bit Manipulation/BinaryToDecimal.java. Using fallback presentation compiler.
2026.04.16 14:01:37 WARN  Running javac-semanticdb failed for file:///Users/shreyashsature/Coding/JAVA-DSA-practice/F_Bit%20Manipulation/BinaryToDecimal.java. Output:

2026.04.16 14:01:38 INFO  no build target found for /Users/shreyashsature/Coding/JAVA-DSA-practice/F_Bit Manipulation/BinaryToDecimal.java. Using fallback presentation compiler.
2026.04.16 14:01:38 INFO  no build target found for /Users/shreyashsature/Coding/JAVA-DSA-practice/F_Bit Manipulation/BinaryToDecimal.java. Using fallback presentation compiler.
2026.04.16 14:01:38 INFO  no build target found for /Users/shreyashsature/Coding/JAVA-DSA-practice/F_Bit Manipulation/BinaryToDecimal.java. Using fallback presentation compiler.
2026.04.16 14:01:38 WARN  Running javac-semanticdb failed for file:///Users/shreyashsature/Coding/JAVA-DSA-practice/F_Bit%20Manipulation/BinaryToDecimal.java. Output:

2026.04.16 14:01:38 INFO  no build target found for /Users/shreyashsature/Coding/JAVA-DSA-practice/F_Bit Manipulation/BinaryToDecimal.java. Using fallback presentation compiler.
2026.04.16 14:01:38 INFO  no build target found for /Users/shreyashsature/Coding/JAVA-DSA-practice/F_Bit Manipulation/BinaryToDecimal.java. Using fallback presentation compiler.
2026.04.16 14:01:40 INFO  no build target found for /Users/shreyashsature/Coding/JAVA-DSA-practice/F_Bit Manipulation/BinaryToDecimal.java. Using fallback presentation compiler.
2026.04.16 14:01:40 INFO  no build target found for /Users/shreyashsature/Coding/JAVA-DSA-practice/F_Bit Manipulation/BinaryToDecimal.java. Using fallback presentation compiler.
2026.04.16 14:01:40 INFO  no build target found for /Users/shreyashsature/Coding/JAVA-DSA-practice/F_Bit Manipulation/BinaryToDecimal.java. Using fallback presentation compiler.
2026.04.16 14:01:40 WARN  Running javac-semanticdb failed for file:///Users/shreyashsature/Coding/JAVA-DSA-practice/F_Bit%20Manipulation/BinaryToDecimal.java. Output:

2026.04.16 14:01:40 INFO  no build target found for /Users/shreyashsature/Coding/JAVA-DSA-practice/F_Bit Manipulation/BinaryToDecimal.java. Using fallback presentation compiler.
2026.04.16 14:01:41 INFO  no build target found for /Users/shreyashsature/Coding/JAVA-DSA-practice/F_Bit Manipulation/BinaryToDecimal.java. Using fallback presentation compiler.
2026.04.16 14:01:41 INFO  no build target found for /Users/shreyashsature/Coding/JAVA-DSA-practice/F_Bit Manipulation/BinaryToDecimal.java. Using fallback presentation compiler.
2026.04.16 14:01:41 INFO  no build target found for /Users/shreyashsature/Coding/JAVA-DSA-practice/F_Bit Manipulation/BinaryToDecimal.java. Using fallback presentation compiler.
2026.04.16 14:01:41 WARN  Running javac-semanticdb failed for file:///Users/shreyashsature/Coding/JAVA-DSA-practice/F_Bit%20Manipulation/BinaryToDecimal.java. Output:

2026.04.16 14:01:41 INFO  no build target found for /Users/shreyashsature/Coding/JAVA-DSA-practice/F_Bit Manipulation/BinaryToDecimal.java. Using fallback presentation compiler.
2026.04.16 14:01:41 INFO  no build target found for /Users/shreyashsature/Coding/JAVA-DSA-practice/F_Bit Manipulation/BinaryToDecimal.java. Using fallback presentation compiler.
2026.04.16 14:01:41 INFO  no build target found for /Users/shreyashsature/Coding/JAVA-DSA-practice/F_Bit Manipulation/BinaryToDecimal.java. Using fallback presentation compiler.
2026.04.16 14:01:41 WARN  Running javac-semanticdb failed for file:///Users/shreyashsature/Coding/JAVA-DSA-practice/F_Bit%20Manipulation/BinaryToDecimal.java. Output:

2026.04.16 14:01:41 INFO  no build target found for /Users/shreyashsature/Coding/JAVA-DSA-practice/F_Bit Manipulation/BinaryToDecimal.java. Using fallback presentation compiler.
2026.04.16 14:01:42 INFO  no build target found for /Users/shreyashsature/Coding/JAVA-DSA-practice/F_Bit Manipulation/BinaryToDecimal.java. Using fallback presentation compiler.
2026.04.16 14:01:42 INFO  no build target found for /Users/shreyashsature/Coding/JAVA-DSA-practice/F_Bit Manipulation/BinaryToDecimal.java. Using fallback presentation compiler.
2026.04.16 14:01:42 INFO  no build target found for /Users/shreyashsature/Coding/JAVA-DSA-practice/F_Bit Manipulation/BinaryToDecimal.java. Using fallback presentation compiler.
2026.04.16 14:01:42 INFO  no build target found for /Users/shreyashsature/Coding/JAVA-DSA-practice/F_Bit Manipulation/BinaryToDecimal.java. Using fallback presentation compiler.
2026.04.16 14:01:42 WARN  Running javac-semanticdb failed for file:///Users/shreyashsature/Coding/JAVA-DSA-practice/F_Bit%20Manipulation/BinaryToDecimal.java. Output:

2026.04.16 14:01:43 INFO  no build target found for /Users/shreyashsature/Coding/JAVA-DSA-practice/F_Bit Manipulation/BinaryToDecimal.java. Using fallback presentation compiler.
2026.04.16 14:01:42 INFO  no build target found for /Users/shreyashsature/Coding/JAVA-DSA-practice/F_Bit Manipulation/BinaryToDecimal.java. Using fallback presentation compiler.
2026.04.16 14:01:43 INFO  no build target found for /Users/shreyashsature/Coding/JAVA-DSA-practice/F_Bit Manipulation/BinaryToDecimal.java. Using fallback presentation compiler.
2026.04.16 14:01:42 WARN  Running javac-semanticdb failed for file:///Users/shreyashsature/Coding/JAVA-DSA-practice/F_Bit%20Manipulation/BinaryToDecimal.java. Output:

2026.04.16 14:01:43 INFO  no build target found for /Users/shreyashsature/Coding/JAVA-DSA-practice/F_Bit Manipulation/BinaryToDecimal.java. Using fallback presentation compiler.
2026.04.16 14:01:43 INFO  no build target found for /Users/shreyashsature/Coding/JAVA-DSA-practice/F_Bit Manipulation/BinaryToDecimal.java. Using fallback presentation compiler.
2026.04.16 14:01:44 INFO  no build target found for /Users/shreyashsature/Coding/JAVA-DSA-practice/F_Bit Manipulation/BinaryToDecimal.java. Using fallback presentation compiler.
2026.04.16 14:01:44 WARN  Running javac-semanticdb failed for file:///Users/shreyashsature/Coding/JAVA-DSA-practice/F_Bit%20Manipulation/BinaryToDecimal.java. Output:

2026.04.16 14:01:44 INFO  no build target found for /Users/shreyashsature/Coding/JAVA-DSA-practice/F_Bit Manipulation/BinaryToDecimal.java. Using fallback presentation compiler.
2026.04.16 14:01:44 INFO  no build target found for /Users/shreyashsature/Coding/JAVA-DSA-practice/F_Bit Manipulation/BinaryToDecimal.java. Using fallback presentation compiler.
2026.04.16 14:01:44 INFO  no build target found for /Users/shreyashsature/Coding/JAVA-DSA-practice/F_Bit Manipulation/BinaryToDecimal.java. Using fallback presentation compiler.
2026.04.16 14:01:44 INFO  no build target found for /Users/shreyashsature/Coding/JAVA-DSA-practice/F_Bit Manipulation/BinaryToDecimal.java. Using fallback presentation compiler.
2026.04.16 14:01:45 INFO  no build target found for /Users/shreyashsature/Coding/JAVA-DSA-practice/F_Bit Manipulation/BinaryToDecimal.java. Using fallback presentation compiler.
2026.04.16 14:01:45 INFO  no build target found for /Users/shreyashsature/Coding/JAVA-DSA-practice/F_Bit Manipulation/BinaryToDecimal.java. Using fallback presentation compiler.
2026.04.16 14:01:45 INFO  no build target found for /Users/shreyashsature/Coding/JAVA-DSA-practice/F_Bit Manipulation/BinaryToDecimal.java. Using fallback presentation compiler.
2026.04.16 14:01:45 WARN  Running javac-semanticdb failed for file:///Users/shreyashsature/Coding/JAVA-DSA-practice/F_Bit%20Manipulation/BinaryToDecimal.java. Output:

2026.04.16 14:01:45 INFO  no build target found for /Users/shreyashsature/Coding/JAVA-DSA-practice/F_Bit Manipulation/BinaryToDecimal.java. Using fallback presentation compiler.
2026.04.16 14:01:46 INFO  no build target found for /Users/shreyashsature/Coding/JAVA-DSA-practice/F_Bit Manipulation/BinaryToDecimal.java. Using fallback presentation compiler.
2026.04.16 14:01:45 INFO  no build target found for /Users/shreyashsature/Coding/JAVA-DSA-practice/F_Bit Manipulation/BinaryToDecimal.java. Using fallback presentation compiler.
2026.04.16 14:01:46 WARN  Running javac-semanticdb failed for file:///Users/shreyashsature/Coding/JAVA-DSA-practice/F_Bit%20Manipulation/BinaryToDecimal.java. Output:

2026.04.16 14:01:45 INFO  no build target found for /Users/shreyashsature/Coding/JAVA-DSA-practice/F_Bit Manipulation/BinaryToDecimal.java. Using fallback presentation compiler.
2026.04.16 14:01:47 INFO  no build target found for /Users/shreyashsature/Coding/JAVA-DSA-practice/F_Bit Manipulation/BinaryToDecimal.java. Using fallback presentation compiler.
2026.04.16 14:01:47 INFO  no build target found for /Users/shreyashsature/Coding/JAVA-DSA-practice/F_Bit Manipulation/BinaryToDecimal.java. Using fallback presentation compiler.
2026.04.16 14:01:47 INFO  no build target found for /Users/shreyashsature/Coding/JAVA-DSA-practice/F_Bit Manipulation/BinaryToDecimal.java. Using fallback presentation compiler.
2026.04.16 14:01:47 WARN  Running javac-semanticdb failed for file:///Users/shreyashsature/Coding/JAVA-DSA-practice/F_Bit%20Manipulation/BinaryToDecimal.java. Output:

2026.04.16 14:01:47 INFO  no build target found for /Users/shreyashsature/Coding/JAVA-DSA-practice/F_Bit Manipulation/BinaryToDecimal.java. Using fallback presentation compiler.
2026.04.16 14:01:47 INFO  no build target found for /Users/shreyashsature/Coding/JAVA-DSA-practice/F_Bit Manipulation/BinaryToDecimal.java. Using fallback presentation compiler.
2026.04.16 14:01:48 INFO  no build target found for /Users/shreyashsature/Coding/JAVA-DSA-practice/F_Bit Manipulation/BinaryToDecimal.java. Using fallback presentation compiler.
2026.04.16 14:01:48 INFO  no build target found for /Users/shreyashsature/Coding/JAVA-DSA-practice/F_Bit Manipulation/BinaryToDecimal.java. Using fallback presentation compiler.
2026.04.16 14:01:49 INFO  no build target found for /Users/shreyashsature/Coding/JAVA-DSA-practice/F_Bit Manipulation/BinaryToDecimal.java. Using fallback presentation compiler.
2026.04.16 14:01:49 INFO  no build target found for /Users/shreyashsature/Coding/JAVA-DSA-practice/F_Bit Manipulation/BinaryToDecimal.java. Using fallback presentation compiler.
2026.04.16 14:01:49 WARN  Running javac-semanticdb failed for file:///Users/shreyashsature/Coding/JAVA-DSA-practice/F_Bit%20Manipulation/BinaryToDecimal.java. Output:

2026.04.16 14:01:49 INFO  no build target found for /Users/shreyashsature/Coding/JAVA-DSA-practice/F_Bit Manipulation/BinaryToDecimal.java. Using fallback presentation compiler.
2026.04.16 14:01:51 INFO  no build target found for /Users/shreyashsature/Coding/JAVA-DSA-practice/F_Bit Manipulation/BinaryToDecimal.java. Using fallback presentation compiler.
2026.04.16 14:01:51 INFO  no build target found for /Users/shreyashsature/Coding/JAVA-DSA-practice/F_Bit Manipulation/BinaryToDecimal.java. Using fallback presentation compiler.
2026.04.16 14:01:51 INFO  no build target found for /Users/shreyashsature/Coding/JAVA-DSA-practice/F_Bit Manipulation/BinaryToDecimal.java. Using fallback presentation compiler.
2026.04.16 14:01:51 INFO  no build target found for /Users/shreyashsature/Coding/JAVA-DSA-practice/F_Bit Manipulation/BinaryToDecimal.java. Using fallback presentation compiler.
2026.04.16 14:01:52 INFO  no build target found for /Users/shreyashsature/Coding/JAVA-DSA-practice/F_Bit Manipulation/BinaryToDecimal.java. Using fallback presentation compiler.
2026.04.16 14:01:51 INFO  no build target found for /Users/shreyashsature/Coding/JAVA-DSA-practice/F_Bit Manipulation/BinaryToDecimal.java. Using fallback presentation compiler.
2026.04.16 14:01:52 WARN  Running javac-semanticdb failed for file:///Users/shreyashsature/Coding/JAVA-DSA-practice/F_Bit%20Manipulation/BinaryToDecimal.java. Output:

2026.04.16 14:01:53 INFO  no build target found for /Users/shreyashsature/Coding/JAVA-DSA-practice/F_Bit Manipulation/BinaryToDecimal.java. Using fallback presentation compiler.
2026.04.16 14:01:53 INFO  no build target found for /Users/shreyashsature/Coding/JAVA-DSA-practice/F_Bit Manipulation/BinaryToDecimal.java. Using fallback presentation compiler.
2026.04.16 14:01:53 INFO  no build target found for /Users/shreyashsature/Coding/JAVA-DSA-practice/F_Bit Manipulation/BinaryToDecimal.java. Using fallback presentation compiler.
2026.04.16 14:01:53 WARN  Running javac-semanticdb failed for file:///Users/shreyashsature/Coding/JAVA-DSA-practice/F_Bit%20Manipulation/BinaryToDecimal.java. Output:

2026.04.16 14:01:53 INFO  no build target found for /Users/shreyashsature/Coding/JAVA-DSA-practice/F_Bit Manipulation/BinaryToDecimal.java. Using fallback presentation compiler.
2026.04.16 14:01:53 INFO  no build target found for /Users/shreyashsature/Coding/JAVA-DSA-practice/F_Bit Manipulation/BinaryToDecimal.java. Using fallback presentation compiler.
2026.04.16 14:01:53 INFO  no build target found for /Users/shreyashsature/Coding/JAVA-DSA-practice/F_Bit Manipulation/BinaryToDecimal.java. Using fallback presentation compiler.
2026.04.16 14:01:53 INFO  no build target found for /Users/shreyashsature/Coding/JAVA-DSA-practice/F_Bit Manipulation/BinaryToDecimal.java. Using fallback presentation compiler.
2026.04.16 14:01:53 INFO  no build target found for /Users/shreyashsature/Coding/JAVA-DSA-practice/F_Bit Manipulation/BinaryToDecimal.java. Using fallback presentation compiler.
2026.04.16 14:01:53 INFO  no build target found for /Users/shreyashsature/Coding/JAVA-DSA-practice/F_Bit Manipulation/BinaryToDecimal.java. Using fallback presentation compiler.
2026.04.16 14:01:53 WARN  Running javac-semanticdb failed for file:///Users/shreyashsature/Coding/JAVA-DSA-practice/F_Bit%20Manipulation/BinaryToDecimal.java. Output:

2026.04.16 14:01:54 INFO  no build target found for /Users/shreyashsature/Coding/JAVA-DSA-practice/F_Bit Manipulation/BinaryToDecimal.java. Using fallback presentation compiler.
2026.04.16 14:01:56 INFO  no build target found for /Users/shreyashsature/Coding/JAVA-DSA-practice/F_Bit Manipulation/BinaryToDecimal.java. Using fallback presentation compiler.
2026.04.16 14:01:56 INFO  no build target found for /Users/shreyashsature/Coding/JAVA-DSA-practice/F_Bit Manipulation/BinaryToDecimal.java. Using fallback presentation compiler.
2026.04.16 14:01:56 INFO  no build target found for /Users/shreyashsature/Coding/JAVA-DSA-practice/F_Bit Manipulation/BinaryToDecimal.java. Using fallback presentation compiler.
2026.04.16 14:01:56 INFO  no build target found for /Users/shreyashsature/Coding/JAVA-DSA-practice/F_Bit Manipulation/BinaryToDecimal.java. Using fallback presentation compiler.
2026.04.16 14:01:56 WARN  Running javac-semanticdb failed for file:///Users/shreyashsature/Coding/JAVA-DSA-practice/F_Bit%20Manipulation/BinaryToDecimal.java. Output:

2026.04.16 14:01:56 INFO  no build target found for /Users/shreyashsature/Coding/JAVA-DSA-practice/F_Bit Manipulation/BinaryToDecimal.java. Using fallback presentation compiler.
2026.04.16 14:01:56 INFO  no build target found for /Users/shreyashsature/Coding/JAVA-DSA-practice/F_Bit Manipulation/BinaryToDecimal.java. Using fallback presentation compiler.
2026.04.16 14:01:56 INFO  no build target found for /Users/shreyashsature/Coding/JAVA-DSA-practice/F_Bit Manipulation/BinaryToDecimal.java. Using fallback presentation compiler.
2026.04.16 14:01:57 INFO  no build target found for /Users/shreyashsature/Coding/JAVA-DSA-practice/F_Bit Manipulation/BinaryToDecimal.java. Using fallback presentation compiler.
2026.04.16 14:01:56 INFO  no build target found for /Users/shreyashsature/Coding/JAVA-DSA-practice/F_Bit Manipulation/BinaryToDecimal.java. Using fallback presentation compiler.
2026.04.16 14:01:57 WARN  Running javac-semanticdb failed for file:///Users/shreyashsature/Coding/JAVA-DSA-practice/F_Bit%20Manipulation/BinaryToDecimal.java. Output:

2026.04.16 14:01:57 INFO  no build target found for /Users/shreyashsature/Coding/JAVA-DSA-practice/F_Bit Manipulation/BinaryToDecimal.java. Using fallback presentation compiler.
2026.04.16 14:01:57 INFO  no build target found for /Users/shreyashsature/Coding/JAVA-DSA-practice/F_Bit Manipulation/BinaryToDecimal.java. Using fallback presentation compiler.
2026.04.16 14:01:57 INFO  no build target found for /Users/shreyashsature/Coding/JAVA-DSA-practice/F_Bit Manipulation/BinaryToDecimal.java. Using fallback presentation compiler.
2026.04.16 14:01:58 INFO  no build target found for /Users/shreyashsature/Coding/JAVA-DSA-practice/F_Bit Manipulation/BinaryToDecimal.java. Using fallback presentation compiler.
2026.04.16 14:01:57 INFO  no build target found for /Users/shreyashsature/Coding/JAVA-DSA-practice/F_Bit Manipulation/BinaryToDecimal.java. Using fallback presentation compiler.
2026.04.16 14:01:57 INFO  no build target found for /Users/shreyashsature/Coding/JAVA-DSA-practice/F_Bit Manipulation/BinaryToDecimal.java. Using fallback presentation compiler.
2026.04.16 14:01:58 WARN  Running javac-semanticdb failed for file:///Users/shreyashsature/Coding/JAVA-DSA-practice/F_Bit%20Manipulation/BinaryToDecimal.java. Output:

2026.04.16 14:01:58 INFO  no build target found for /Users/shreyashsature/Coding/JAVA-DSA-practice/F_Bit Manipulation/BinaryToDecimal.java. Using fallback presentation compiler.
2026.04.16 14:01:58 INFO  no build target found for /Users/shreyashsature/Coding/JAVA-DSA-practice/F_Bit Manipulation/BinaryToDecimal.java. Using fallback presentation compiler.
2026.04.16 14:01:58 INFO  no build target found for /Users/shreyashsature/Coding/JAVA-DSA-practice/F_Bit Manipulation/BinaryToDecimal.java. Using fallback presentation compiler.
2026.04.16 14:01:59 WARN  Running javac-semanticdb failed for file:///Users/shreyashsature/Coding/JAVA-DSA-practice/F_Bit%20Manipulation/BinaryToDecimal.java. Output:

2026.04.16 14:01:58 INFO  no build target found for /Users/shreyashsature/Coding/JAVA-DSA-practice/F_Bit Manipulation/BinaryToDecimal.java. Using fallback presentation compiler.
2026.04.16 14:01:58 INFO  no build target found for /Users/shreyashsature/Coding/JAVA-DSA-practice/F_Bit Manipulation/BinaryToDecimal.java. Using fallback presentation compiler.
2026.04.16 14:01:58 INFO  no build target found for /Users/shreyashsature/Coding/JAVA-DSA-practice/F_Bit Manipulation/BinaryToDecimal.java. Using fallback presentation compiler.
2026.04.16 14:01:58 INFO  no build target found for /Users/shreyashsature/Coding/JAVA-DSA-practice/F_Bit Manipulation/BinaryToDecimal.java. Using fallback presentation compiler.
2026.04.16 14:01:58 INFO  no build target found for /Users/shreyashsature/Coding/JAVA-DSA-practice/F_Bit Manipulation/BinaryToDecimal.java. Using fallback presentation compiler.
2026.04.16 14:01:58 INFO  no build target found for /Users/shreyashsature/Coding/JAVA-DSA-practice/F_Bit Manipulation/BinaryToDecimal.java. Using fallback presentation compiler.
2026.04.16 14:01:59 WARN  Running javac-semanticdb failed for file:///Users/shreyashsature/Coding/JAVA-DSA-practice/F_Bit%20Manipulation/BinaryToDecimal.java. Output:

2026.04.16 14:02:00 INFO  no build target found for /Users/shreyashsature/Coding/JAVA-DSA-practice/F_Bit Manipulation/BinaryToDecimal.java. Using fallback presentation compiler.
2026.04.16 14:02:00 INFO  no build target found for /Users/shreyashsature/Coding/JAVA-DSA-practice/F_Bit Manipulation/BinaryToDecimal.java. Using fallback presentation compiler.
2026.04.16 14:02:00 INFO  no build target found for /Users/shreyashsature/Coding/JAVA-DSA-practice/F_Bit Manipulation/BinaryToDecimal.java. Using fallback presentation compiler.
2026.04.16 14:02:00 INFO  no build target found for /Users/shreyashsature/Coding/JAVA-DSA-practice/F_Bit Manipulation/BinaryToDecimal.java. Using fallback presentation compiler.
2026.04.16 14:02:00 WARN  Running javac-semanticdb failed for file:///Users/shreyashsature/Coding/JAVA-DSA-practice/F_Bit%20Manipulation/BinaryToDecimal.java. Output:

2026.04.16 14:02:00 INFO  no build target found for /Users/shreyashsature/Coding/JAVA-DSA-practice/F_Bit Manipulation/BinaryToDecimal.java. Using fallback presentation compiler.
2026.04.16 14:02:00 INFO  no build target found for /Users/shreyashsature/Coding/JAVA-DSA-practice/F_Bit Manipulation/BinaryToDecimal.java. Using fallback presentation compiler.
2026.04.16 14:02:00 INFO  no build target found for /Users/shreyashsature/Coding/JAVA-DSA-practice/F_Bit Manipulation/BinaryToDecimal.java. Using fallback presentation compiler.
2026.04.16 14:02:00 INFO  no build target found for /Users/shreyashsature/Coding/JAVA-DSA-practice/F_Bit Manipulation/BinaryToDecimal.java. Using fallback presentation compiler.
2026.04.16 14:02:00 INFO  no build target found for /Users/shreyashsature/Coding/JAVA-DSA-practice/F_Bit Manipulation/BinaryToDecimal.java. Using fallback presentation compiler.
2026.04.16 14:02:01 INFO  no build target found for /Users/shreyashsature/Coding/JAVA-DSA-practice/F_Bit Manipulation/BinaryToDecimal.java. Using fallback presentation compiler.
2026.04.16 14:02:01 INFO  no build target found for /Users/shreyashsature/Coding/JAVA-DSA-practice/F_Bit Manipulation/BinaryToDecimal.java. Using fallback presentation compiler.
2026.04.16 14:02:00 WARN  Running javac-semanticdb failed for file:///Users/shreyashsature/Coding/JAVA-DSA-practice/F_Bit%20Manipulation/BinaryToDecimal.java. Output:

2026.04.16 14:02:01 INFO  no build target found for /Users/shreyashsature/Coding/JAVA-DSA-practice/F_Bit Manipulation/BinaryToDecimal.java. Using fallback presentation compiler.
2026.04.16 14:02:01 INFO  no build target found for /Users/shreyashsature/Coding/JAVA-DSA-practice/F_Bit Manipulation/BinaryToDecimal.java. Using fallback presentation compiler.
2026.04.16 14:02:00 WARN  Running javac-semanticdb failed for file:///Users/shreyashsature/Coding/JAVA-DSA-practice/F_Bit%20Manipulation/BinaryToDecimal.java. Output:

2026.04.16 14:02:01 INFO  no build target found for /Users/shreyashsature/Coding/JAVA-DSA-practice/F_Bit Manipulation/BinaryToDecimal.java. Using fallback presentation compiler.
2026.04.16 14:02:01 INFO  no build target found for /Users/shreyashsature/Coding/JAVA-DSA-practice/F_Bit Manipulation/BinaryToDecimal.java. Using fallback presentation compiler.
2026.04.16 14:02:02 INFO  no build target found for /Users/shreyashsature/Coding/JAVA-DSA-practice/F_Bit Manipulation/BinaryToDecimal.java. Using fallback presentation compiler.
2026.04.16 14:02:02 INFO  no build target found for /Users/shreyashsature/Coding/JAVA-DSA-practice/F_Bit Manipulation/BinaryToDecimal.java. Using fallback presentation compiler.
2026.04.16 14:02:02 INFO  no build target found for /Users/shreyashsature/Coding/JAVA-DSA-practice/F_Bit Manipulation/BinaryToDecimal.java. Using fallback presentation compiler.
2026.04.16 14:02:02 INFO  no build target found for /Users/shreyashsature/Coding/JAVA-DSA-practice/F_Bit Manipulation/BinaryToDecimal.java. Using fallback presentation compiler.
2026.04.16 14:02:02 INFO  no build target found for /Users/shreyashsature/Coding/JAVA-DSA-practice/F_Bit Manipulation/BinaryToDecimal.java. Using fallback presentation compiler.
2026.04.16 14:02:02 WARN  Running javac-semanticdb failed for file:///Users/shreyashsature/Coding/JAVA-DSA-practice/F_Bit%20Manipulation/BinaryToDecimal.java. Output:

2026.04.16 14:02:02 INFO  no build target found for /Users/shreyashsature/Coding/JAVA-DSA-practice/F_Bit Manipulation/BinaryToDecimal.java. Using fallback presentation compiler.
2026.04.16 14:02:02 INFO  no build target found for /Users/shreyashsature/Coding/JAVA-DSA-practice/F_Bit Manipulation/BinaryToDecimal.java. Using fallback presentation compiler.
2026.04.16 14:02:05 INFO  no build target found for /Users/shreyashsature/Coding/JAVA-DSA-practice/F_Bit Manipulation/BinaryToDecimal.java. Using fallback presentation compiler.
2026.04.16 14:02:05 INFO  no build target found for /Users/shreyashsature/Coding/JAVA-DSA-practice/F_Bit Manipulation/BinaryToDecimal.java. Using fallback presentation compiler.
2026.04.16 14:02:05 WARN  Running javac-semanticdb failed for file:///Users/shreyashsature/Coding/JAVA-DSA-practice/F_Bit%20Manipulation/BinaryToDecimal.java. Output:

2026.04.16 14:02:05 INFO  no build target found for /Users/shreyashsature/Coding/JAVA-DSA-practice/F_Bit Manipulation/BinaryToDecimal.java. Using fallback presentation compiler.
2026.04.16 14:02:05 INFO  no build target found for /Users/shreyashsature/Coding/JAVA-DSA-practice/F_Bit Manipulation/BinaryToDecimal.java. Using fallback presentation compiler.
2026.04.16 14:02:06 INFO  no build target found for /Users/shreyashsature/Coding/JAVA-DSA-practice/F_Bit Manipulation/BinaryToDecimal.java. Using fallback presentation compiler.
2026.04.16 14:02:06 INFO  no build target found for /Users/shreyashsature/Coding/JAVA-DSA-practice/F_Bit Manipulation/BinaryToDecimal.java. Using fallback presentation compiler.
2026.04.16 14:02:06 INFO  no build target found for /Users/shreyashsature/Coding/JAVA-DSA-practice/F_Bit Manipulation/BinaryToDecimal.java. Using fallback presentation compiler.
2026.04.16 14:02:06 INFO  no build target found for /Users/shreyashsature/Coding/JAVA-DSA-practice/F_Bit Manipulation/BinaryToDecimal.java. Using fallback presentation compiler.
2026.04.16 14:02:06 INFO  no build target found for /Users/shreyashsature/Coding/JAVA-DSA-practice/F_Bit Manipulation/BinaryToDecimal.java. Using fallback presentation compiler.
2026.04.16 14:02:06 INFO  no build target found for /Users/shreyashsature/Coding/JAVA-DSA-practice/F_Bit Manipulation/BinaryToDecimal.java. Using fallback presentation compiler.
2026.04.16 14:02:06 WARN  Running javac-semanticdb failed for file:///Users/shreyashsature/Coding/JAVA-DSA-practice/F_Bit%20Manipulation/BinaryToDecimal.java. Output:

2026.04.16 14:02:06 INFO  no build target found for /Users/shreyashsature/Coding/JAVA-DSA-practice/F_Bit Manipulation/BinaryToDecimal.java. Using fallback presentation compiler.
2026.04.16 14:02:07 INFO  no build target found for /Users/shreyashsature/Coding/JAVA-DSA-practice/F_Bit Manipulation/BinaryToDecimal.java. Using fallback presentation compiler.
2026.04.16 14:02:07 INFO  no build target found for /Users/shreyashsature/Coding/JAVA-DSA-practice/F_Bit Manipulation/BinaryToDecimal.java. Using fallback presentation compiler.
2026.04.16 14:02:07 INFO  no build target found for /Users/shreyashsature/Coding/JAVA-DSA-practice/F_Bit Manipulation/BinaryToDecimal.java. Using fallback presentation compiler.
2026.04.16 14:02:08 WARN  Running javac-semanticdb failed for file:///Users/shreyashsature/Coding/JAVA-DSA-practice/F_Bit%20Manipulation/BinaryToDecimal.java. Output:

2026.04.16 14:02:07 INFO  no build target found for /Users/shreyashsature/Coding/JAVA-DSA-practice/F_Bit Manipulation/BinaryToDecimal.java. Using fallback presentation compiler.
2026.04.16 14:02:07 INFO  no build target found for /Users/shreyashsature/Coding/JAVA-DSA-practice/F_Bit Manipulation/BinaryToDecimal.java. Using fallback presentation compiler.
2026.04.16 14:02:07 INFO  no build target found for /Users/shreyashsature/Coding/JAVA-DSA-practice/F_Bit Manipulation/BinaryToDecimal.java. Using fallback presentation compiler.
2026.04.16 14:02:09 INFO  no build target found for /Users/shreyashsature/Coding/JAVA-DSA-practice/F_Bit Manipulation/BinaryToDecimal.java. Using fallback presentation compiler.
2026.04.16 14:02:09 INFO  no build target found for /Users/shreyashsature/Coding/JAVA-DSA-practice/F_Bit Manipulation/BinaryToDecimal.java. Using fallback presentation compiler.
2026.04.16 14:02:09 INFO  no build target found for /Users/shreyashsature/Coding/JAVA-DSA-practice/F_Bit Manipulation/BinaryToDecimal.java. Using fallback presentation compiler.
2026.04.16 14:02:09 INFO  no build target found for /Users/shreyashsature/Coding/JAVA-DSA-practice/F_Bit Manipulation/BinaryToDecimal.java. Using fallback presentation compiler.
2026.04.16 14:02:09 INFO  no build target found for /Users/shreyashsature/Coding/JAVA-DSA-practice/F_Bit Manipulation/BinaryToDecimal.java. Using fallback presentation compiler.
2026.04.16 14:02:09 WARN  Running javac-semanticdb failed for file:///Users/shreyashsature/Coding/JAVA-DSA-practice/F_Bit%20Manipulation/BinaryToDecimal.java. Output:

2026.04.16 14:02:09 INFO  no build target found for /Users/shreyashsature/Coding/JAVA-DSA-practice/F_Bit Manipulation/BinaryToDecimal.java. Using fallback presentation compiler.
2026.04.16 14:02:10 INFO  no build target found for /Users/shreyashsature/Coding/JAVA-DSA-practice/F_Bit Manipulation/BinaryToDecimal.java. Using fallback presentation compiler.
2026.04.16 14:02:10 INFO  no build target found for /Users/shreyashsature/Coding/JAVA-DSA-practice/F_Bit Manipulation/BinaryToDecimal.java. Using fallback presentation compiler.
2026.04.16 14:02:10 WARN  Running javac-semanticdb failed for file:///Users/shreyashsature/Coding/JAVA-DSA-practice/F_Bit%20Manipulation/BinaryToDecimal.java. Output:

2026.04.16 14:02:10 INFO  no build target found for /Users/shreyashsature/Coding/JAVA-DSA-practice/F_Bit Manipulation/BinaryToDecimal.java. Using fallback presentation compiler.
2026.04.16 14:02:10 INFO  no build target found for /Users/shreyashsature/Coding/JAVA-DSA-practice/F_Bit Manipulation/BinaryToDecimal.java. Using fallback presentation compiler.
2026.04.16 14:02:11 INFO  no build target found for /Users/shreyashsature/Coding/JAVA-DSA-practice/F_Bit Manipulation/BinaryToDecimal.java. Using fallback presentation compiler.
2026.04.16 14:02:11 INFO  no build target found for /Users/shreyashsature/Coding/JAVA-DSA-practice/F_Bit Manipulation/BinaryToDecimal.java. Using fallback presentation compiler.
2026.04.16 14:02:11 INFO  no build target found for /Users/shreyashsature/Coding/JAVA-DSA-practice/F_Bit Manipulation/BinaryToDecimal.java. Using fallback presentation compiler.
2026.04.16 14:02:11 INFO  no build target found for /Users/shreyashsature/Coding/JAVA-DSA-practice/F_Bit Manipulation/BinaryToDecimal.java. Using fallback presentation compiler.
2026.04.16 14:02:11 INFO  no build target found for /Users/shreyashsature/Coding/JAVA-DSA-practice/F_Bit Manipulation/BinaryToDecimal.java. Using fallback presentation compiler.
2026.04.16 14:02:13 INFO  no build target found for /Users/shreyashsature/Coding/JAVA-DSA-practice/F_Bit Manipulation/BinaryToDecimal.java. Using fallback presentation compiler.
2026.04.16 14:02:13 WARN  Running javac-semanticdb failed for file:///Users/shreyashsature/Coding/JAVA-DSA-practice/F_Bit%20Manipulation/BinaryToDecimal.java. Output:

2026.04.16 14:02:13 INFO  no build target found for /Users/shreyashsature/Coding/JAVA-DSA-practice/F_Bit Manipulation/BinaryToDecimal.java. Using fallback presentation compiler.
2026.04.16 14:02:13 INFO  no build target found for /Users/shreyashsature/Coding/JAVA-DSA-practice/F_Bit Manipulation/BinaryToDecimal.java. Using fallback presentation compiler.
2026.04.16 14:02:13 INFO  no build target found for /Users/shreyashsature/Coding/JAVA-DSA-practice/F_Bit Manipulation/BinaryToDecimal.java. Using fallback presentation compiler.
2026.04.16 14:02:13 INFO  no build target found for /Users/shreyashsature/Coding/JAVA-DSA-practice/F_Bit Manipulation/BinaryToDecimal.java. Using fallback presentation compiler.
2026.04.16 14:02:13 WARN  Running javac-semanticdb failed for file:///Users/shreyashsature/Coding/JAVA-DSA-practice/F_Bit%20Manipulation/BinaryToDecimal.java. Output:

2026.04.16 14:02:13 INFO  no build target found for /Users/shreyashsature/Coding/JAVA-DSA-practice/F_Bit Manipulation/BinaryToDecimal.java. Using fallback presentation compiler.
2026.04.16 14:02:13 INFO  no build target found for /Users/shreyashsature/Coding/JAVA-DSA-practice/F_Bit Manipulation/BinaryToDecimal.java. Using fallback presentation compiler.
2026.04.16 14:02:14 INFO  no build target found for /Users/shreyashsature/Coding/JAVA-DSA-practice/F_Bit Manipulation/BinaryToDecimal.java. Using fallback presentation compiler.
2026.04.16 14:02:14 INFO  no build target found for /Users/shreyashsature/Coding/JAVA-DSA-practice/F_Bit Manipulation/BinaryToDecimal.java. Using fallback presentation compiler.
2026.04.16 14:02:14 INFO  no build target found for /Users/shreyashsature/Coding/JAVA-DSA-practice/F_Bit Manipulation/BinaryToDecimal.java. Using fallback presentation compiler.
2026.04.16 14:02:15 WARN  Running javac-semanticdb failed for file:///Users/shreyashsature/Coding/JAVA-DSA-practice/F_Bit%20Manipulation/BinaryToDecimal.java. Output:

2026.04.16 14:02:15 INFO  no build target found for /Users/shreyashsature/Coding/JAVA-DSA-practice/F_Bit Manipulation/BinaryToDecimal.java. Using fallback presentation compiler.
2026.04.16 14:02:15 INFO  no build target found for /Users/shreyashsature/Coding/JAVA-DSA-practice/F_Bit Manipulation/BinaryToDecimal.java. Using fallback presentation compiler.
2026.04.16 14:02:16 INFO  no build target found for /Users/shreyashsature/Coding/JAVA-DSA-practice/F_Bit Manipulation/BinaryToDecimal.java. Using fallback presentation compiler.
2026.04.16 14:02:18 INFO  no build target found for /Users/shreyashsature/Coding/JAVA-DSA-practice/F_Bit Manipulation/BinaryToDecimal.java. Using fallback presentation compiler.
2026.04.16 14:02:18 INFO  no build target found for /Users/shreyashsature/Coding/JAVA-DSA-practice/F_Bit Manipulation/BinaryToDecimal.java. Using fallback presentation compiler.
2026.04.16 14:02:18 INFO  no build target found for /Users/shreyashsature/Coding/JAVA-DSA-practice/F_Bit Manipulation/BinaryToDecimal.java. Using fallback presentation compiler.
2026.04.16 14:02:20 INFO  no build target found for /Users/shreyashsature/Coding/JAVA-DSA-practice/F_Bit Manipulation/BinaryToDecimal.java. Using fallback presentation compiler.
2026.04.16 14:02:20 INFO  no build target found for /Users/shreyashsature/Coding/JAVA-DSA-practice/F_Bit Manipulation/BinaryToDecimal.java. Using fallback presentation compiler.
2026.04.16 14:02:20 WARN  Running javac-semanticdb failed for file:///Users/shreyashsature/Coding/JAVA-DSA-practice/F_Bit%20Manipulation/BinaryToDecimal.java. Output:

2026.04.16 14:02:20 INFO  no build target found for /Users/shreyashsature/Coding/JAVA-DSA-practice/F_Bit Manipulation/BinaryToDecimal.java. Using fallback presentation compiler.
2026.04.16 14:02:20 INFO  no build target found for /Users/shreyashsature/Coding/JAVA-DSA-practice/F_Bit Manipulation/BinaryToDecimal.java. Using fallback presentation compiler.
2026.04.16 14:02:23 INFO  no build target found for /Users/shreyashsature/Coding/JAVA-DSA-practice/F_Bit Manipulation/BinaryToDecimal.java. Using fallback presentation compiler.
2026.04.16 14:02:23 INFO  no build target found for /Users/shreyashsature/Coding/JAVA-DSA-practice/F_Bit Manipulation/BinaryToDecimal.java. Using fallback presentation compiler.
2026.04.16 14:02:23 INFO  no build target found for /Users/shreyashsature/Coding/JAVA-DSA-practice/F_Bit Manipulation/BinaryToDecimal.java. Using fallback presentation compiler.
2026.04.16 14:02:23 INFO  no build target found for /Users/shreyashsature/Coding/JAVA-DSA-practice/F_Bit Manipulation/BinaryToDecimal.java. Using fallback presentation compiler.
2026.04.16 14:02:23 INFO  no build target found for /Users/shreyashsature/Coding/JAVA-DSA-practice/F_Bit Manipulation/BinaryToDecimal.java. Using fallback presentation compiler.
2026.04.16 14:02:23 INFO  no build target found for /Users/shreyashsature/Coding/JAVA-DSA-practice/F_Bit Manipulation/BinaryToDecimal.java. Using fallback presentation compiler.
2026.04.16 14:02:23 INFO  no build target found for /Users/shreyashsature/Coding/JAVA-DSA-practice/F_Bit Manipulation/BinaryToDecimal.java. Using fallback presentation compiler.
2026.04.16 14:02:23 WARN  Running javac-semanticdb failed for file:///Users/shreyashsature/Coding/JAVA-DSA-practice/F_Bit%20Manipulation/BinaryToDecimal.java. Output:

2026.04.16 14:02:23 INFO  no build target found for /Users/shreyashsature/Coding/JAVA-DSA-practice/F_Bit Manipulation/BinaryToDecimal.java. Using fallback presentation compiler.
2026.04.16 14:02:24 INFO  no build target found for /Users/shreyashsature/Coding/JAVA-DSA-practice/F_Bit Manipulation/BinaryToDecimal.java. Using fallback presentation compiler.
2026.04.16 14:02:25 INFO  no build target found for /Users/shreyashsature/Coding/JAVA-DSA-practice/F_Bit Manipulation/BinaryToDecimal.java. Using fallback presentation compiler.
2026.04.16 14:02:25 INFO  no build target found for /Users/shreyashsature/Coding/JAVA-DSA-practice/F_Bit Manipulation/BinaryToDecimal.java. Using fallback presentation compiler.
2026.04.16 14:02:25 INFO  no build target found for /Users/shreyashsature/Coding/JAVA-DSA-practice/F_Bit Manipulation/BinaryToDecimal.java. Using fallback presentation compiler.
2026.04.16 14:02:25 WARN  Running javac-semanticdb failed for file:///Users/shreyashsature/Coding/JAVA-DSA-practice/F_Bit%20Manipulation/BinaryToDecimal.java. Output:

2026.04.16 14:02:25 INFO  no build target found for /Users/shreyashsature/Coding/JAVA-DSA-practice/F_Bit Manipulation/BinaryToDecimal.java. Using fallback presentation compiler.
2026.04.16 14:02:25 INFO  no build target found for /Users/shreyashsature/Coding/JAVA-DSA-practice/F_Bit Manipulation/BinaryToDecimal.java. Using fallback presentation compiler.
2026.04.16 14:02:25 INFO  no build target found for /Users/shreyashsature/Coding/JAVA-DSA-practice/F_Bit Manipulation/BinaryToDecimal.java. Using fallback presentation compiler.
2026.04.16 14:02:25 INFO  no build target found for /Users/shreyashsature/Coding/JAVA-DSA-practice/F_Bit Manipulation/BinaryToDecimal.java. Using fallback presentation compiler.
2026.04.16 14:02:25 INFO  no build target found for /Users/shreyashsature/Coding/JAVA-DSA-practice/F_Bit Manipulation/BinaryToDecimal.java. Using fallback presentation compiler.
2026.04.16 14:02:25 INFO  no build target found for /Users/shreyashsature/Coding/JAVA-DSA-practice/F_Bit Manipulation/BinaryToDecimal.java. Using fallback presentation compiler.
2026.04.16 14:02:25 INFO  no build target found for /Users/shreyashsature/Coding/JAVA-DSA-practice/F_Bit Manipulation/BinaryToDecimal.java. Using fallback presentation compiler.
2026.04.16 14:02:25 INFO  no build target found for /Users/shreyashsature/Coding/JAVA-DSA-practice/F_Bit Manipulation/BinaryToDecimal.java. Using fallback presentation compiler.
2026.04.16 14:02:26 WARN  Running javac-semanticdb failed for file:///Users/shreyashsature/Coding/JAVA-DSA-practice/F_Bit%20Manipulation/BinaryToDecimal.java. Output:

2026.04.16 14:02:26 INFO  no build target found for /Users/shreyashsature/Coding/JAVA-DSA-practice/F_Bit Manipulation/BinaryToDecimal.java. Using fallback presentation compiler.
2026.04.16 14:02:26 INFO  no build target found for /Users/shreyashsature/Coding/JAVA-DSA-practice/F_Bit Manipulation/BinaryToDecimal.java. Using fallback presentation compiler.
2026.04.16 14:02:26 INFO  no build target found for /Users/shreyashsature/Coding/JAVA-DSA-practice/F_Bit Manipulation/BinaryToDecimal.java. Using fallback presentation compiler.
2026.04.16 14:02:26 INFO  no build target found for /Users/shreyashsature/Coding/JAVA-DSA-practice/F_Bit Manipulation/BinaryToDecimal.java. Using fallback presentation compiler.
2026.04.16 14:02:27 INFO  no build target found for /Users/shreyashsature/Coding/JAVA-DSA-practice/F_Bit Manipulation/BinaryToDecimal.java. Using fallback presentation compiler.
2026.04.16 14:02:26 INFO  no build target found for /Users/shreyashsature/Coding/JAVA-DSA-practice/F_Bit Manipulation/BinaryToDecimal.java. Using fallback presentation compiler.
2026.04.16 14:02:27 WARN  Running javac-semanticdb failed for file:///Users/shreyashsature/Coding/JAVA-DSA-practice/F_Bit%20Manipulation/BinaryToDecimal.java. Output:

2026.04.16 14:02:26 INFO  no build target found for /Users/shreyashsature/Coding/JAVA-DSA-practice/F_Bit Manipulation/BinaryToDecimal.java. Using fallback presentation compiler.
2026.04.16 14:02:27 INFO  no build target found for /Users/shreyashsature/Coding/JAVA-DSA-practice/F_Bit Manipulation/BinaryToDecimal.java. Using fallback presentation compiler.
2026.04.16 14:02:27 INFO  no build target found for /Users/shreyashsature/Coding/JAVA-DSA-practice/F_Bit Manipulation/BinaryToDecimal.java. Using fallback presentation compiler.
2026.04.16 14:02:27 INFO  no build target found for /Users/shreyashsature/Coding/JAVA-DSA-practice/F_Bit Manipulation/BinaryToDecimal.java. Using fallback presentation compiler.
2026.04.16 14:02:28 WARN  Running javac-semanticdb failed for file:///Users/shreyashsature/Coding/JAVA-DSA-practice/F_Bit%20Manipulation/BinaryToDecimal.java. Output:

2026.04.16 14:02:28 INFO  no build target found for /Users/shreyashsature/Coding/JAVA-DSA-practice/F_Bit Manipulation/BinaryToDecimal.java. Using fallback presentation compiler.
2026.04.16 14:02:27 INFO  no build target found for /Users/shreyashsature/Coding/JAVA-DSA-practice/F_Bit Manipulation/BinaryToDecimal.java. Using fallback presentation compiler.
2026.04.16 14:02:28 INFO  no build target found for /Users/shreyashsature/Coding/JAVA-DSA-practice/F_Bit Manipulation/BinaryToDecimal.java. Using fallback presentation compiler.
2026.04.16 14:02:28 INFO  no build target found for /Users/shreyashsature/Coding/JAVA-DSA-practice/F_Bit Manipulation/BinaryToDecimal.java. Using fallback presentation compiler.
2026.04.16 14:02:28 WARN  Running javac-semanticdb failed for file:///Users/shreyashsature/Coding/JAVA-DSA-practice/F_Bit%20Manipulation/BinaryToDecimal.java. Output:

2026.04.16 14:02:28 INFO  no build target found for /Users/shreyashsature/Coding/JAVA-DSA-practice/F_Bit Manipulation/BinaryToDecimal.java. Using fallback presentation compiler.
2026.04.16 14:02:28 INFO  no build target found for /Users/shreyashsature/Coding/JAVA-DSA-practice/F_Bit Manipulation/BinaryToDecimal.java. Using fallback presentation compiler.
2026.04.16 14:02:30 INFO  no build target found for /Users/shreyashsature/Coding/JAVA-DSA-practice/F_Bit Manipulation/BinaryToDecimal.java. Using fallback presentation compiler.
2026.04.16 14:02:30 INFO  no build target found for /Users/shreyashsature/Coding/JAVA-DSA-practice/F_Bit Manipulation/BinaryToDecimal.java. Using fallback presentation compiler.
2026.04.16 14:02:30 INFO  no build target found for /Users/shreyashsature/Coding/JAVA-DSA-practice/F_Bit Manipulation/BinaryToDecimal.java. Using fallback presentation compiler.
2026.04.16 14:02:30 INFO  no build target found for /Users/shreyashsature/Coding/JAVA-DSA-practice/F_Bit Manipulation/BinaryToDecimal.java. Using fallback presentation compiler.
2026.04.16 14:02:30 INFO  no build target found for /Users/shreyashsature/Coding/JAVA-DSA-practice/F_Bit Manipulation/BinaryToDecimal.java. Using fallback presentation compiler.
2026.04.16 14:02:31 INFO  no build target found for /Users/shreyashsature/Coding/JAVA-DSA-practice/F_Bit Manipulation/BinaryToDecimal.java. Using fallback presentation compiler.
2026.04.16 14:02:31 INFO  no build target found for /Users/shreyashsature/Coding/JAVA-DSA-practice/F_Bit Manipulation/BinaryToDecimal.java. Using fallback presentation compiler.
2026.04.16 14:02:31 INFO  no build target found for /Users/shreyashsature/Coding/JAVA-DSA-practice/F_Bit Manipulation/BinaryToDecimal.java. Using fallback presentation compiler.
2026.04.16 14:02:31 INFO  no build target found for /Users/shreyashsature/Coding/JAVA-DSA-practice/F_Bit Manipulation/BinaryToDecimal.java. Using fallback presentation compiler.
2026.04.16 14:02:31 INFO  no build target found for /Users/shreyashsature/Coding/JAVA-DSA-practice/F_Bit Manipulation/BinaryToDecimal.java. Using fallback presentation compiler.
2026.04.16 14:02:31 WARN  Running javac-semanticdb failed for file:///Users/shreyashsature/Coding/JAVA-DSA-practice/F_Bit%20Manipulation/BinaryToDecimal.java. Output:

2026.04.16 14:02:31 INFO  no build target found for /Users/shreyashsature/Coding/JAVA-DSA-practice/F_Bit Manipulation/BinaryToDecimal.java. Using fallback presentation compiler.
2026.04.16 14:02:31 INFO  no build target found for /Users/shreyashsature/Coding/JAVA-DSA-practice/F_Bit Manipulation/BinaryToDecimal.java. Using fallback presentation compiler.
2026.04.16 14:02:31 INFO  no build target found for /Users/shreyashsature/Coding/JAVA-DSA-practice/F_Bit Manipulation/BinaryToDecimal.java. Using fallback presentation compiler.
2026.04.16 14:02:32 WARN  Running javac-semanticdb failed for file:///Users/shreyashsature/Coding/JAVA-DSA-practice/F_Bit%20Manipulation/BinaryToDecimal.java. Output:

2026.04.16 14:02:32 INFO  no build target found for /Users/shreyashsature/Coding/JAVA-DSA-practice/F_Bit Manipulation/BinaryToDecimal.java. Using fallback presentation compiler.
2026.04.16 14:02:34 INFO  no build target found for /Users/shreyashsature/Coding/JAVA-DSA-practice/F_Bit Manipulation/BinaryToDecimal.java. Using fallback presentation compiler.
2026.04.16 14:02:35 INFO  no build target found for /Users/shreyashsature/Coding/JAVA-DSA-practice/F_Bit Manipulation/BinaryToDecimal.java. Using fallback presentation compiler.
2026.04.16 14:02:35 INFO  no build target found for /Users/shreyashsature/Coding/JAVA-DSA-practice/F_Bit Manipulation/BinaryToDecimal.java. Using fallback presentation compiler.
2026.04.16 14:02:37 INFO  no build target found for /Users/shreyashsature/Coding/JAVA-DSA-practice/F_Bit Manipulation/BinaryToDecimal.java. Using fallback presentation compiler.
2026.04.16 14:02:37 INFO  no build target found for /Users/shreyashsature/Coding/JAVA-DSA-practice/F_Bit Manipulation/BinaryToDecimal.java. Using fallback presentation compiler.
2026.04.16 14:02:37 INFO  no build target found for /Users/shreyashsature/Coding/JAVA-DSA-practice/F_Bit Manipulation/BinaryToDecimal.java. Using fallback presentation compiler.
2026.04.16 14:02:38 WARN  Running javac-semanticdb failed for file:///Users/shreyashsature/Coding/JAVA-DSA-practice/F_Bit%20Manipulation/BinaryToDecimal.java. Output:

2026.04.16 14:02:38 INFO  no build target found for /Users/shreyashsature/Coding/JAVA-DSA-practice/F_Bit Manipulation/BinaryToDecimal.java. Using fallback presentation compiler.
2026.04.16 14:02:38 INFO  no build target found for /Users/shreyashsature/Coding/JAVA-DSA-practice/F_Bit Manipulation/BinaryToDecimal.java. Using fallback presentation compiler.
2026.04.16 14:02:38 INFO  no build target found for /Users/shreyashsature/Coding/JAVA-DSA-practice/F_Bit Manipulation/BinaryToDecimal.java. Using fallback presentation compiler.
2026.04.16 14:02:38 INFO  no build target found for /Users/shreyashsature/Coding/JAVA-DSA-practice/F_Bit Manipulation/BinaryToDecimal.java. Using fallback presentation compiler.
2026.04.16 14:02:38 INFO  no build target found for /Users/shreyashsature/Coding/JAVA-DSA-practice/F_Bit Manipulation/BinaryToDecimal.java. Using fallback presentation compiler.
2026.04.16 14:02:39 INFO  no build target found for /Users/shreyashsature/Coding/JAVA-DSA-practice/F_Bit Manipulation/BinaryToDecimal.java. Using fallback presentation compiler.
2026.04.16 14:02:38 INFO  no build target found for /Users/shreyashsature/Coding/JAVA-DSA-practice/F_Bit Manipulation/BinaryToDecimal.java. Using fallback presentation compiler.
2026.04.16 14:02:38 INFO  no build target found for /Users/shreyashsature/Coding/JAVA-DSA-practice/F_Bit Manipulation/BinaryToDecimal.java. Using fallback presentation compiler.
2026.04.16 14:02:39 INFO  no build target found for /Users/shreyashsature/Coding/JAVA-DSA-practice/F_Bit Manipulation/BinaryToDecimal.java. Using fallback presentation compiler.
2026.04.16 14:02:38 INFO  no build target found for /Users/shreyashsature/Coding/JAVA-DSA-practice/F_Bit Manipulation/BinaryToDecimal.java. Using fallback presentation compiler.
2026.04.16 14:02:39 INFO  no build target found for /Users/shreyashsature/Coding/JAVA-DSA-practice/F_Bit Manipulation/BinaryToDecimal.java. Using fallback presentation compiler.
2026.04.16 14:02:39 WARN  Running javac-semanticdb failed for file:///Users/shreyashsature/Coding/JAVA-DSA-practice/F_Bit%20Manipulation/BinaryToDecimal.java. Output:

2026.04.16 14:02:39 INFO  no build target found for /Users/shreyashsature/Coding/JAVA-DSA-practice/F_Bit Manipulation/BinaryToDecimal.java. Using fallback presentation compiler.
2026.04.16 14:02:39 INFO  no build target found for /Users/shreyashsature/Coding/JAVA-DSA-practice/F_Bit Manipulation/BinaryToDecimal.java. Using fallback presentation compiler.
2026.04.16 14:02:39 INFO  no build target found for /Users/shreyashsature/Coding/JAVA-DSA-practice/F_Bit Manipulation/BinaryToDecimal.java. Using fallback presentation compiler.
2026.04.16 14:02:39 INFO  no build target found for /Users/shreyashsature/Coding/JAVA-DSA-practice/F_Bit Manipulation/BinaryToDecimal.java. Using fallback presentation compiler.
2026.04.16 14:02:40 WARN  Running javac-semanticdb failed for file:///Users/shreyashsature/Coding/JAVA-DSA-practice/F_Bit%20Manipulation/BinaryToDecimal.java. Output:

2026.04.16 14:02:39 INFO  no build target found for /Users/shreyashsature/Coding/JAVA-DSA-practice/F_Bit Manipulation/BinaryToDecimal.java. Using fallback presentation compiler.
2026.04.16 14:02:39 INFO  no build target found for /Users/shreyashsature/Coding/JAVA-DSA-practice/F_Bit Manipulation/BinaryToDecimal.java. Using fallback presentation compiler.
2026.04.16 14:02:40 INFO  no build target found for /Users/shreyashsature/Coding/JAVA-DSA-practice/F_Bit Manipulation/BinaryToDecimal.java. Using fallback presentation compiler.
2026.04.16 14:02:40 INFO  no build target found for /Users/shreyashsature/Coding/JAVA-DSA-practice/F_Bit Manipulation/BinaryToDecimal.java. Using fallback presentation compiler.
2026.04.16 14:02:40 INFO  no build target found for /Users/shreyashsature/Coding/JAVA-DSA-practice/F_Bit Manipulation/BinaryToDecimal.java. Using fallback presentation compiler.
2026.04.16 14:02:40 WARN  Running javac-semanticdb failed for file:///Users/shreyashsature/Coding/JAVA-DSA-practice/F_Bit%20Manipulation/BinaryToDecimal.java. Output:

2026.04.16 14:02:40 INFO  no build target found for /Users/shreyashsature/Coding/JAVA-DSA-practice/F_Bit Manipulation/BinaryToDecimal.java. Using fallback presentation compiler.
2026.04.16 14:02:40 INFO  no build target found for /Users/shreyashsature/Coding/JAVA-DSA-practice/F_Bit Manipulation/BinaryToDecimal.java. Using fallback presentation compiler.
2026.04.16 14:02:40 INFO  no build target found for /Users/shreyashsature/Coding/JAVA-DSA-practice/F_Bit Manipulation/BinaryToDecimal.java. Using fallback presentation compiler.
2026.04.16 14:02:41 WARN  Running javac-semanticdb failed for file:///Users/shreyashsature/Coding/JAVA-DSA-practice/F_Bit%20Manipulation/BinaryToDecimal.java. Output:

2026.04.16 14:02:41 INFO  no build target found for /Users/shreyashsature/Coding/JAVA-DSA-practice/F_Bit Manipulation/BinaryToDecimal.java. Using fallback presentation compiler.
2026.04.16 14:02:42 INFO  no build target found for /Users/shreyashsature/Coding/JAVA-DSA-practice/F_Bit Manipulation/BinaryToDecimal.java. Using fallback presentation compiler.
2026.04.16 14:02:41 INFO  no build target found for /Users/shreyashsature/Coding/JAVA-DSA-practice/F_Bit Manipulation/BinaryToDecimal.java. Using fallback presentation compiler.
2026.04.16 14:02:42 INFO  no build target found for /Users/shreyashsature/Coding/JAVA-DSA-practice/F_Bit Manipulation/BinaryToDecimal.java. Using fallback presentation compiler.
2026.04.16 14:02:42 WARN  Running javac-semanticdb failed for file:///Users/shreyashsature/Coding/JAVA-DSA-practice/F_Bit%20Manipulation/BinaryToDecimal.java. Output:

2026.04.16 14:02:42 INFO  no build target found for /Users/shreyashsature/Coding/JAVA-DSA-practice/F_Bit Manipulation/BinaryToDecimal.java. Using fallback presentation compiler.
2026.04.16 14:02:42 INFO  no build target found for /Users/shreyashsature/Coding/JAVA-DSA-practice/F_Bit Manipulation/BinaryToDecimal.java. Using fallback presentation compiler.
2026.04.16 14:02:42 INFO  no build target found for /Users/shreyashsature/Coding/JAVA-DSA-practice/F_Bit Manipulation/BinaryToDecimal.java. Using fallback presentation compiler.
2026.04.16 14:02:42 INFO  no build target found for /Users/shreyashsature/Coding/JAVA-DSA-practice/F_Bit Manipulation/BinaryToDecimal.java. Using fallback presentation compiler.
2026.04.16 14:02:42 WARN  Running javac-semanticdb failed for file:///Users/shreyashsature/Coding/JAVA-DSA-practice/F_Bit%20Manipulation/BinaryToDecimal.java. Output:

2026.04.16 14:02:43 INFO  no build target found for /Users/shreyashsature/Coding/JAVA-DSA-practice/F_Bit Manipulation/BinaryToDecimal.java. Using fallback presentation compiler.
2026.04.16 14:02:42 INFO  no build target found for /Users/shreyashsature/Coding/JAVA-DSA-practice/F_Bit Manipulation/BinaryToDecimal.java. Using fallback presentation compiler.
2026.04.16 14:02:43 INFO  no build target found for /Users/shreyashsature/Coding/JAVA-DSA-practice/F_Bit Manipulation/BinaryToDecimal.java. Using fallback presentation compiler.
2026.04.16 14:02:43 INFO  no build target found for /Users/shreyashsature/Coding/JAVA-DSA-practice/F_Bit Manipulation/BinaryToDecimal.java. Using fallback presentation compiler.
2026.04.16 14:02:42 WARN  Running javac-semanticdb failed for file:///Users/shreyashsature/Coding/JAVA-DSA-practice/F_Bit%20Manipulation/BinaryToDecimal.java. Output:

2026.04.16 14:02:42 INFO  no build target found for /Users/shreyashsature/Coding/JAVA-DSA-practice/F_Bit Manipulation/BinaryToDecimal.java. Using fallback presentation compiler.
2026.04.16 14:02:43 INFO  no build target found for /Users/shreyashsature/Coding/JAVA-DSA-practice/F_Bit Manipulation/BinaryToDecimal.java. Using fallback presentation compiler.
2026.04.16 14:02:43 INFO  no build target found for /Users/shreyashsature/Coding/JAVA-DSA-practice/F_Bit Manipulation/BinaryToDecimal.java. Using fallback presentation compiler.
2026.04.16 14:02:43 INFO  no build target found for /Users/shreyashsature/Coding/JAVA-DSA-practice/F_Bit Manipulation/BinaryToDecimal.java. Using fallback presentation compiler.
2026.04.16 14:02:44 INFO  no build target found for /Users/shreyashsature/Coding/JAVA-DSA-practice/F_Bit Manipulation/BinaryToDecimal.java. Using fallback presentation compiler.
2026.04.16 14:02:44 WARN  Running javac-semanticdb failed for file:///Users/shreyashsature/Coding/JAVA-DSA-practice/F_Bit%20Manipulation/BinaryToDecimal.java. Output:

2026.04.16 14:02:44 INFO  no build target found for /Users/shreyashsature/Coding/JAVA-DSA-practice/F_Bit Manipulation/BinaryToDecimal.java. Using fallback presentation compiler.
2026.04.16 14:02:44 INFO  no build target found for /Users/shreyashsature/Coding/JAVA-DSA-practice/F_Bit Manipulation/BinaryToDecimal.java. Using fallback presentation compiler.
2026.04.16 14:02:44 INFO  no build target found for /Users/shreyashsature/Coding/JAVA-DSA-practice/F_Bit Manipulation/BinaryToDecimal.java. Using fallback presentation compiler.
2026.04.16 14:02:44 INFO  no build target found for /Users/shreyashsature/Coding/JAVA-DSA-practice/F_Bit Manipulation/BinaryToDecimal.java. Using fallback presentation compiler.
2026.04.16 14:02:44 WARN  Running javac-semanticdb failed for file:///Users/shreyashsature/Coding/JAVA-DSA-practice/F_Bit%20Manipulation/BinaryToDecimal.java. Output:

2026.04.16 14:02:44 INFO  no build target found for /Users/shreyashsature/Coding/JAVA-DSA-practice/F_Bit Manipulation/BinaryToDecimal.java. Using fallback presentation compiler.
2026.04.16 14:02:44 INFO  no build target found for /Users/shreyashsature/Coding/JAVA-DSA-practice/F_Bit Manipulation/BinaryToDecimal.java. Using fallback presentation compiler.
2026.04.16 14:02:45 INFO  no build target found for /Users/shreyashsature/Coding/JAVA-DSA-practice/F_Bit Manipulation/BinaryToDecimal.java. Using fallback presentation compiler.
2026.04.16 14:02:45 INFO  no build target found for /Users/shreyashsature/Coding/JAVA-DSA-practice/F_Bit Manipulation/BinaryToDecimal.java. Using fallback presentation compiler.
2026.04.16 14:02:45 WARN  Running javac-semanticdb failed for file:///Users/shreyashsature/Coding/JAVA-DSA-practice/F_Bit%20Manipulation/BinaryToDecimal.java. Output:

2026.04.16 14:02:45 INFO  no build target found for /Users/shreyashsature/Coding/JAVA-DSA-practice/F_Bit Manipulation/BinaryToDecimal.java. Using fallback presentation compiler.
2026.04.16 14:02:45 INFO  no build target found for /Users/shreyashsature/Coding/JAVA-DSA-practice/F_Bit Manipulation/BinaryToDecimal.java. Using fallback presentation compiler.
2026.04.16 14:02:46 INFO  no build target found for /Users/shreyashsature/Coding/JAVA-DSA-practice/F_Bit Manipulation/BinaryToDecimal.java. Using fallback presentation compiler.
2026.04.16 14:02:46 INFO  no build target found for /Users/shreyashsature/Coding/JAVA-DSA-practice/F_Bit Manipulation/BinaryToDecimal.java. Using fallback presentation compiler.
2026.04.16 14:02:46 INFO  no build target found for /Users/shreyashsature/Coding/JAVA-DSA-practice/F_Bit Manipulation/BinaryToDecimal.java. Using fallback presentation compiler.
2026.04.16 14:02:47 WARN  Running javac-semanticdb failed for file:///Users/shreyashsature/Coding/JAVA-DSA-practice/F_Bit%20Manipulation/BinaryToDecimal.java. Output:

2026.04.16 14:02:47 INFO  no build target found for /Users/shreyashsature/Coding/JAVA-DSA-practice/F_Bit Manipulation/BinaryToDecimal.java. Using fallback presentation compiler.
2026.04.16 14:02:47 INFO  no build target found for /Users/shreyashsature/Coding/JAVA-DSA-practice/F_Bit Manipulation/BinaryToDecimal.java. Using fallback presentation compiler.
2026.04.16 14:02:47 INFO  no build target found for /Users/shreyashsature/Coding/JAVA-DSA-practice/F_Bit Manipulation/BinaryToDecimal.java. Using fallback presentation compiler.
2026.04.16 14:02:49 INFO  no build target found for /Users/shreyashsature/Coding/JAVA-DSA-practice/F_Bit Manipulation/BinaryToDecimal.java. Using fallback presentation compiler.
2026.04.16 14:02:49 INFO  no build target found for /Users/shreyashsature/Coding/JAVA-DSA-practice/F_Bit Manipulation/BinaryToDecimal.java. Using fallback presentation compiler.
2026.04.16 14:02:49 INFO  no build target found for /Users/shreyashsature/Coding/JAVA-DSA-practice/F_Bit Manipulation/BinaryToDecimal.java. Using fallback presentation compiler.
2026.04.16 14:02:49 INFO  no build target found for /Users/shreyashsature/Coding/JAVA-DSA-practice/F_Bit Manipulation/BinaryToDecimal.java. Using fallback presentation compiler.
2026.04.16 14:02:50 WARN  Running javac-semanticdb failed for file:///Users/shreyashsature/Coding/JAVA-DSA-practice/F_Bit%20Manipulation/BinaryToDecimal.java. Output:

2026.04.16 14:02:49 INFO  no build target found for /Users/shreyashsature/Coding/JAVA-DSA-practice/F_Bit Manipulation/BinaryToDecimal.java. Using fallback presentation compiler.
2026.04.16 14:02:53 INFO  no build target found for /Users/shreyashsature/Coding/JAVA-DSA-practice/F_Bit Manipulation/BinaryToDecimal.java. Using fallback presentation compiler.
2026.04.16 14:02:53 INFO  no build target found for /Users/shreyashsature/Coding/JAVA-DSA-practice/F_Bit Manipulation/BinaryToDecimal.java. Using fallback presentation compiler.
2026.04.16 14:02:53 INFO  no build target found for /Users/shreyashsature/Coding/JAVA-DSA-practice/F_Bit Manipulation/BinaryToDecimal.java. Using fallback presentation compiler.
2026.04.16 14:02:53 INFO  no build target found for /Users/shreyashsature/Coding/JAVA-DSA-practice/F_Bit Manipulation/BinaryToDecimal.java. Using fallback presentation compiler.
2026.04.16 14:02:53 INFO  no build target found for /Users/shreyashsature/Coding/JAVA-DSA-practice/F_Bit Manipulation/BinaryToDecimal.java. Using fallback presentation compiler.
2026.04.16 14:02:53 WARN  Running javac-semanticdb failed for file:///Users/shreyashsature/Coding/JAVA-DSA-practice/F_Bit%20Manipulation/BinaryToDecimal.java. Output:

2026.04.16 14:02:53 INFO  no build target found for /Users/shreyashsature/Coding/JAVA-DSA-practice/F_Bit Manipulation/BinaryToDecimal.java. Using fallback presentation compiler.
2026.04.16 14:02:54 INFO  no build target found for /Users/shreyashsature/Coding/JAVA-DSA-practice/F_Bit Manipulation/BinaryToDecimal.java. Using fallback presentation compiler.
2026.04.16 14:02:54 INFO  no build target found for /Users/shreyashsature/Coding/JAVA-DSA-practice/F_Bit Manipulation/BinaryToDecimal.java. Using fallback presentation compiler.
2026.04.16 14:02:54 WARN  Running javac-semanticdb failed for file:///Users/shreyashsature/Coding/JAVA-DSA-practice/F_Bit%20Manipulation/BinaryToDecimal.java. Output:

2026.04.16 14:02:54 INFO  no build target found for /Users/shreyashsature/Coding/JAVA-DSA-practice/F_Bit Manipulation/BinaryToDecimal.java. Using fallback presentation compiler.
2026.04.16 14:02:54 INFO  no build target found for /Users/shreyashsature/Coding/JAVA-DSA-practice/F_Bit Manipulation/BinaryToDecimal.java. Using fallback presentation compiler.
2026.04.16 14:02:54 INFO  no build target found for /Users/shreyashsature/Coding/JAVA-DSA-practice/F_Bit Manipulation/BinaryToDecimal.java. Using fallback presentation compiler.
2026.04.16 14:02:54 INFO  no build target found for /Users/shreyashsature/Coding/JAVA-DSA-practice/F_Bit Manipulation/BinaryToDecimal.java. Using fallback presentation compiler.
2026.04.16 14:02:54 INFO  no build target found for /Users/shreyashsature/Coding/JAVA-DSA-practice/F_Bit Manipulation/BinaryToDecimal.java. Using fallback presentation compiler.
2026.04.16 14:02:54 INFO  no build target found for /Users/shreyashsature/Coding/JAVA-DSA-practice/F_Bit Manipulation/BinaryToDecimal.java. Using fallback presentation compiler.
2026.04.16 14:02:54 INFO  no build target found for /Users/shreyashsature/Coding/JAVA-DSA-practice/F_Bit Manipulation/BinaryToDecimal.java. Using fallback presentation compiler.
2026.04.16 14:02:54 INFO  no build target found for /Users/shreyashsature/Coding/JAVA-DSA-practice/F_Bit Manipulation/BinaryToDecimal.java. Using fallback presentation compiler.
2026.04.16 14:02:54 INFO  no build target found for /Users/shreyashsature/Coding/JAVA-DSA-practice/F_Bit Manipulation/BinaryToDecimal.java. Using fallback presentation compiler.
2026.04.16 14:02:54 INFO  no build target found for /Users/shreyashsature/Coding/JAVA-DSA-practice/F_Bit Manipulation/BinaryToDecimal.java. Using fallback presentation compiler.
2026.04.16 14:02:54 INFO  no build target found for /Users/shreyashsature/Coding/JAVA-DSA-practice/F_Bit Manipulation/BinaryToDecimal.java. Using fallback presentation compiler.
2026.04.16 14:02:55 WARN  Running javac-semanticdb failed for file:///Users/shreyashsature/Coding/JAVA-DSA-practice/F_Bit%20Manipulation/BinaryToDecimal.java. Output:

2026.04.16 14:02:55 INFO  no build target found for /Users/shreyashsature/Coding/JAVA-DSA-practice/F_Bit Manipulation/BinaryToDecimal.java. Using fallback presentation compiler.
2026.04.16 14:02:55 INFO  no build target found for /Users/shreyashsature/Coding/JAVA-DSA-practice/F_Bit Manipulation/BinaryToDecimal.java. Using fallback presentation compiler.
2026.04.16 14:02:55 INFO  no build target found for /Users/shreyashsature/Coding/JAVA-DSA-practice/F_Bit Manipulation/BinaryToDecimal.java. Using fallback presentation compiler.
2026.04.16 14:02:55 INFO  no build target found for /Users/shreyashsature/Coding/JAVA-DSA-practice/F_Bit Manipulation/BinaryToDecimal.java. Using fallback presentation compiler.
2026.04.16 14:02:55 INFO  no build target found for /Users/shreyashsature/Coding/JAVA-DSA-practice/F_Bit Manipulation/BinaryToDecimal.java. Using fallback presentation compiler.
2026.04.16 14:02:55 INFO  no build target found for /Users/shreyashsature/Coding/JAVA-DSA-practice/F_Bit Manipulation/BinaryToDecimal.java. Using fallback presentation compiler.
2026.04.16 14:02:56 INFO  no build target found for /Users/shreyashsature/Coding/JAVA-DSA-practice/F_Bit Manipulation/BinaryToDecimal.java. Using fallback presentation compiler.
2026.04.16 14:02:55 INFO  no build target found for /Users/shreyashsature/Coding/JAVA-DSA-practice/F_Bit Manipulation/BinaryToDecimal.java. Using fallback presentation compiler.
2026.04.16 14:02:55 INFO  no build target found for /Users/shreyashsature/Coding/JAVA-DSA-practice/F_Bit Manipulation/BinaryToDecimal.java. Using fallback presentation compiler.
2026.04.16 14:02:55 INFO  no build target found for /Users/shreyashsature/Coding/JAVA-DSA-practice/F_Bit Manipulation/BinaryToDecimal.java. Using fallback presentation compiler.
2026.04.16 14:02:56 WARN  Running javac-semanticdb failed for file:///Users/shreyashsature/Coding/JAVA-DSA-practice/F_Bit%20Manipulation/BinaryToDecimal.java. Output:

2026.04.16 14:02:56 INFO  no build target found for /Users/shreyashsature/Coding/JAVA-DSA-practice/F_Bit Manipulation/BinaryToDecimal.java. Using fallback presentation compiler.
2026.04.16 14:02:57 INFO  no build target found for /Users/shreyashsature/Coding/JAVA-DSA-practice/F_Bit Manipulation/BinaryToDecimal.java. Using fallback presentation compiler.
2026.04.16 14:02:58 INFO  no build target found for /Users/shreyashsature/Coding/JAVA-DSA-practice/F_Bit Manipulation/BinaryToDecimal.java. Using fallback presentation compiler.
2026.04.16 14:02:58 INFO  no build target found for /Users/shreyashsature/Coding/JAVA-DSA-practice/F_Bit Manipulation/BinaryToDecimal.java. Using fallback presentation compiler.
2026.04.16 14:02:58 WARN  Running javac-semanticdb failed for file:///Users/shreyashsature/Coding/JAVA-DSA-practice/F_Bit%20Manipulation/BinaryToDecimal.java. Output:

2026.04.16 14:02:58 INFO  no build target found for /Users/shreyashsature/Coding/JAVA-DSA-practice/F_Bit Manipulation/BinaryToDecimal.java. Using fallback presentation compiler.
2026.04.16 14:02:58 INFO  no build target found for /Users/shreyashsature/Coding/JAVA-DSA-practice/F_Bit Manipulation/BinaryToDecimal.java. Using fallback presentation compiler.
2026.04.16 14:02:59 INFO  no build target found for /Users/shreyashsature/Coding/JAVA-DSA-practice/F_Bit Manipulation/BinaryToDecimal.java. Using fallback presentation compiler.
2026.04.16 14:02:59 INFO  no build target found for /Users/shreyashsature/Coding/JAVA-DSA-practice/F_Bit Manipulation/BinaryToDecimal.java. Using fallback presentation compiler.
2026.04.16 14:03:00 WARN  Running javac-semanticdb failed for file:///Users/shreyashsature/Coding/JAVA-DSA-practice/F_Bit%20Manipulation/BinaryToDecimal.java. Output:

2026.04.16 14:03:00 INFO  no build target found for /Users/shreyashsature/Coding/JAVA-DSA-practice/F_Bit Manipulation/BinaryToDecimal.java. Using fallback presentation compiler.
2026.04.16 14:02:59 INFO  no build target found for /Users/shreyashsature/Coding/JAVA-DSA-practice/F_Bit Manipulation/BinaryToDecimal.java. Using fallback presentation compiler.
2026.04.16 14:02:59 INFO  no build target found for /Users/shreyashsature/Coding/JAVA-DSA-practice/F_Bit Manipulation/BinaryToDecimal.java. Using fallback presentation compiler.
2026.04.16 14:02:59 INFO  no build target found for /Users/shreyashsature/Coding/JAVA-DSA-practice/F_Bit Manipulation/BinaryToDecimal.java. Using fallback presentation compiler.
2026.04.16 14:03:00 WARN  Running javac-semanticdb failed for file:///Users/shreyashsature/Coding/JAVA-DSA-practice/F_Bit%20Manipulation/BinaryToDecimal.java. Output:

2026.04.16 14:03:00 INFO  no build target found for /Users/shreyashsature/Coding/JAVA-DSA-practice/F_Bit Manipulation/BinaryToDecimal.java. Using fallback presentation compiler.
2026.04.16 14:02:59 INFO  no build target found for /Users/shreyashsature/Coding/JAVA-DSA-practice/F_Bit Manipulation/BinaryToDecimal.java. Using fallback presentation compiler.
2026.04.16 14:03:01 INFO  no build target found for /Users/shreyashsature/Coding/JAVA-DSA-practice/F_Bit Manipulation/BinaryToDecimal.java. Using fallback presentation compiler.
2026.04.16 14:03:01 INFO  no build target found for /Users/shreyashsature/Coding/JAVA-DSA-practice/F_Bit Manipulation/BinaryToDecimal.java. Using fallback presentation compiler.
2026.04.16 14:03:01 INFO  no build target found for /Users/shreyashsature/Coding/JAVA-DSA-practice/F_Bit Manipulation/BinaryToDecimal.java. Using fallback presentation compiler.
2026.04.16 14:03:01 WARN  Running javac-semanticdb failed for file:///Users/shreyashsature/Coding/JAVA-DSA-practice/F_Bit%20Manipulation/BinaryToDecimal.java. Output:

2026.04.16 14:03:01 INFO  no build target found for /Users/shreyashsature/Coding/JAVA-DSA-practice/F_Bit Manipulation/BinaryToDecimal.java. Using fallback presentation compiler.
2026.04.16 14:03:01 INFO  no build target found for /Users/shreyashsature/Coding/JAVA-DSA-practice/F_Bit Manipulation/BinaryToDecimal.java. Using fallback presentation compiler.
2026.04.16 14:03:01 WARN  Running javac-semanticdb failed for file:///Users/shreyashsature/Coding/JAVA-DSA-practice/F_Bit%20Manipulation/BinaryToDecimal.java. Output:

2026.04.16 14:03:01 INFO  no build target found for /Users/shreyashsature/Coding/JAVA-DSA-practice/F_Bit Manipulation/BinaryToDecimal.java. Using fallback presentation compiler.
2026.04.16 14:03:01 INFO  no build target found for /Users/shreyashsature/Coding/JAVA-DSA-practice/F_Bit Manipulation/BinaryToDecimal.java. Using fallback presentation compiler.
2026.04.16 14:03:02 INFO  no build target found for /Users/shreyashsature/Coding/JAVA-DSA-practice/F_Bit Manipulation/BinaryToDecimal.java. Using fallback presentation compiler.
2026.04.16 14:03:02 INFO  no build target found for /Users/shreyashsature/Coding/JAVA-DSA-practice/F_Bit Manipulation/BinaryToDecimal.java. Using fallback presentation compiler.
2026.04.16 14:03:02 WARN  Running javac-semanticdb failed for file:///Users/shreyashsature/Coding/JAVA-DSA-practice/F_Bit%20Manipulation/BinaryToDecimal.java. Output:

2026.04.16 14:03:02 INFO  no build target found for /Users/shreyashsature/Coding/JAVA-DSA-practice/F_Bit Manipulation/BinaryToDecimal.java. Using fallback presentation compiler.
2026.04.16 14:03:02 INFO  no build target found for /Users/shreyashsature/Coding/JAVA-DSA-practice/F_Bit Manipulation/BinaryToDecimal.java. Using fallback presentation compiler.
2026.04.16 14:03:02 INFO  no build target found for /Users/shreyashsature/Coding/JAVA-DSA-practice/F_Bit Manipulation/BinaryToDecimal.java. Using fallback presentation compiler.
2026.04.16 14:03:03 WARN  Running javac-semanticdb failed for file:///Users/shreyashsature/Coding/JAVA-DSA-practice/F_Bit%20Manipulation/BinaryToDecimal.java. Output:

2026.04.16 14:03:02 INFO  no build target found for /Users/shreyashsature/Coding/JAVA-DSA-practice/F_Bit Manipulation/BinaryToDecimal.java. Using fallback presentation compiler.
2026.04.16 14:03:05 INFO  no build target found for /Users/shreyashsature/Coding/JAVA-DSA-practice/F_Bit Manipulation/BinaryToDecimal.java. Using fallback presentation compiler.
2026.04.16 14:03:05 INFO  no build target found for /Users/shreyashsature/Coding/JAVA-DSA-practice/F_Bit Manipulation/BinaryToDecimal.java. Using fallback presentation compiler.
2026.04.16 14:03:05 INFO  no build target found for /Users/shreyashsature/Coding/JAVA-DSA-practice/F_Bit Manipulation/BinaryToDecimal.java. Using fallback presentation compiler.
2026.04.16 14:03:05 INFO  no build target found for /Users/shreyashsature/Coding/JAVA-DSA-practice/F_Bit Manipulation/BinaryToDecimal.java. Using fallback presentation compiler.
2026.04.16 14:03:05 INFO  no build target found for /Users/shreyashsature/Coding/JAVA-DSA-practice/F_Bit Manipulation/BinaryToDecimal.java. Using fallback presentation compiler.
2026.04.16 14:03:05 WARN  Running javac-semanticdb failed for file:///Users/shreyashsature/Coding/JAVA-DSA-practice/F_Bit%20Manipulation/BinaryToDecimal.java. Output:

2026.04.16 14:03:05 INFO  no build target found for /Users/shreyashsature/Coding/JAVA-DSA-practice/F_Bit Manipulation/BinaryToDecimal.java. Using fallback presentation compiler.
2026.04.16 14:03:06 INFO  no build target found for /Users/shreyashsature/Coding/JAVA-DSA-practice/F_Bit Manipulation/BinaryToDecimal.java. Using fallback presentation compiler.
2026.04.16 14:03:05 WARN  Running javac-semanticdb failed for file:///Users/shreyashsature/Coding/JAVA-DSA-practice/F_Bit%20Manipulation/BinaryToDecimal.java. Output:

2026.04.16 14:03:05 INFO  no build target found for /Users/shreyashsature/Coding/JAVA-DSA-practice/F_Bit Manipulation/BinaryToDecimal.java. Using fallback presentation compiler.
2026.04.16 14:03:06 INFO  no build target found for /Users/shreyashsature/Coding/JAVA-DSA-practice/F_Bit Manipulation/BinaryToDecimal.java. Using fallback presentation compiler.
2026.04.16 14:03:06 INFO  no build target found for /Users/shreyashsature/Coding/JAVA-DSA-practice/F_Bit Manipulation/BinaryToDecimal.java. Using fallback presentation compiler.
2026.04.16 14:03:06 INFO  no build target found for /Users/shreyashsature/Coding/JAVA-DSA-practice/F_Bit Manipulation/BinaryToDecimal.java. Using fallback presentation compiler.
2026.04.16 14:03:06 INFO  no build target found for /Users/shreyashsature/Coding/JAVA-DSA-practice/F_Bit Manipulation/BinaryToDecimal.java. Using fallback presentation compiler.
2026.04.16 14:03:07 INFO  no build target found for /Users/shreyashsature/Coding/JAVA-DSA-practice/F_Bit Manipulation/BinaryToDecimal.java. Using fallback presentation compiler.
2026.04.16 14:03:07 INFO  no build target found for /Users/shreyashsature/Coding/JAVA-DSA-practice/F_Bit Manipulation/BinaryToDecimal.java. Using fallback presentation compiler.
2026.04.16 14:03:07 INFO  no build target found for /Users/shreyashsature/Coding/JAVA-DSA-practice/F_Bit Manipulation/BinaryToDecimal.java. Using fallback presentation compiler.
2026.04.16 14:03:07 WARN  Running javac-semanticdb failed for file:///Users/shreyashsature/Coding/JAVA-DSA-practice/F_Bit%20Manipulation/BinaryToDecimal.java. Output:

2026.04.16 14:03:07 INFO  no build target found for /Users/shreyashsature/Coding/JAVA-DSA-practice/F_Bit Manipulation/BinaryToDecimal.java. Using fallback presentation compiler.
2026.04.16 14:03:07 INFO  no build target found for /Users/shreyashsature/Coding/JAVA-DSA-practice/F_Bit Manipulation/BinaryToDecimal.java. Using fallback presentation compiler.
2026.04.16 14:03:07 INFO  no build target found for /Users/shreyashsature/Coding/JAVA-DSA-practice/F_Bit Manipulation/BinaryToDecimal.java. Using fallback presentation compiler.
2026.04.16 14:03:07 INFO  no build target found for /Users/shreyashsature/Coding/JAVA-DSA-practice/F_Bit Manipulation/BinaryToDecimal.java. Using fallback presentation compiler.
2026.04.16 14:03:07 INFO  no build target found for /Users/shreyashsature/Coding/JAVA-DSA-practice/F_Bit Manipulation/BinaryToDecimal.java. Using fallback presentation compiler.
2026.04.16 14:03:07 INFO  no build target found for /Users/shreyashsature/Coding/JAVA-DSA-practice/F_Bit Manipulation/BinaryToDecimal.java. Using fallback presentation compiler.
2026.04.16 14:03:07 INFO  no build target found for /Users/shreyashsature/Coding/JAVA-DSA-practice/F_Bit Manipulation/BinaryToDecimal.java. Using fallback presentation compiler.
2026.04.16 14:03:07 WARN  Running javac-semanticdb failed for file:///Users/shreyashsature/Coding/JAVA-DSA-practice/F_Bit%20Manipulation/BinaryToDecimal.java. Output:

2026.04.16 14:03:08 INFO  no build target found for /Users/shreyashsature/Coding/JAVA-DSA-practice/F_Bit Manipulation/BinaryToDecimal.java. Using fallback presentation compiler.
2026.04.16 14:03:08 INFO  no build target found for /Users/shreyashsature/Coding/JAVA-DSA-practice/F_Bit Manipulation/BinaryToDecimal.java. Using fallback presentation compiler.
2026.04.16 14:03:08 WARN  Running javac-semanticdb failed for file:///Users/shreyashsature/Coding/JAVA-DSA-practice/F_Bit%20Manipulation/BinaryToDecimal.java. Output:

2026.04.16 14:03:08 INFO  no build target found for /Users/shreyashsature/Coding/JAVA-DSA-practice/F_Bit Manipulation/BinaryToDecimal.java. Using fallback presentation compiler.
2026.04.16 14:03:08 INFO  no build target found for /Users/shreyashsature/Coding/JAVA-DSA-practice/F_Bit Manipulation/BinaryToDecimal.java. Using fallback presentation compiler.
2026.04.16 14:03:09 INFO  no build target found for /Users/shreyashsature/Coding/JAVA-DSA-practice/F_Bit Manipulation/BinaryToDecimal.java. Using fallback presentation compiler.
2026.04.16 14:03:09 INFO  no build target found for /Users/shreyashsature/Coding/JAVA-DSA-practice/F_Bit Manipulation/BinaryToDecimal.java. Using fallback presentation compiler.
2026.04.16 14:03:09 WARN  Running javac-semanticdb failed for file:///Users/shreyashsature/Coding/JAVA-DSA-practice/F_Bit%20Manipulation/BinaryToDecimal.java. Output:

2026.04.16 14:03:09 INFO  no build target found for /Users/shreyashsature/Coding/JAVA-DSA-practice/F_Bit Manipulation/BinaryToDecimal.java. Using fallback presentation compiler.
2026.04.16 14:03:09 INFO  no build target found for /Users/shreyashsature/Coding/JAVA-DSA-practice/F_Bit Manipulation/BinaryToDecimal.java. Using fallback presentation compiler.
2026.04.16 14:03:09 INFO  no build target found for /Users/shreyashsature/Coding/JAVA-DSA-practice/F_Bit Manipulation/BinaryToDecimal.java. Using fallback presentation compiler.
2026.04.16 14:03:10 WARN  Running javac-semanticdb failed for file:///Users/shreyashsature/Coding/JAVA-DSA-practice/F_Bit%20Manipulation/BinaryToDecimal.java. Output:

2026.04.16 14:03:09 INFO  no build target found for /Users/shreyashsature/Coding/JAVA-DSA-practice/F_Bit Manipulation/BinaryToDecimal.java. Using fallback presentation compiler.
2026.04.16 14:03:10 INFO  no build target found for /Users/shreyashsature/Coding/JAVA-DSA-practice/F_Bit Manipulation/BinaryToDecimal.java. Using fallback presentation compiler.
2026.04.16 14:03:09 INFO  no build target found for /Users/shreyashsature/Coding/JAVA-DSA-practice/F_Bit Manipulation/BinaryToDecimal.java. Using fallback presentation compiler.
2026.04.16 14:03:10 WARN  Running javac-semanticdb failed for file:///Users/shreyashsature/Coding/JAVA-DSA-practice/F_Bit%20Manipulation/BinaryToDecimal.java. Output:

2026.04.16 14:03:10 INFO  no build target found for /Users/shreyashsature/Coding/JAVA-DSA-practice/F_Bit Manipulation/BinaryToDecimal.java. Using fallback presentation compiler.
2026.04.16 14:03:10 INFO  no build target found for /Users/shreyashsature/Coding/JAVA-DSA-practice/F_Bit Manipulation/BinaryToDecimal.java. Using fallback presentation compiler.
2026.04.16 14:03:10 INFO  no build target found for /Users/shreyashsature/Coding/JAVA-DSA-practice/F_Bit Manipulation/BinaryToDecimal.java. Using fallback presentation compiler.
2026.04.16 14:03:11 WARN  Running javac-semanticdb failed for file:///Users/shreyashsature/Coding/JAVA-DSA-practice/F_Bit%20Manipulation/BinaryToDecimal.java. Output:

2026.04.16 14:03:11 INFO  no build target found for /Users/shreyashsature/Coding/JAVA-DSA-practice/F_Bit Manipulation/BinaryToDecimal.java. Using fallback presentation compiler.
2026.04.16 14:03:10 INFO  no build target found for /Users/shreyashsature/Coding/JAVA-DSA-practice/F_Bit Manipulation/BinaryToDecimal.java. Using fallback presentation compiler.
2026.04.16 14:03:10 INFO  no build target found for /Users/shreyashsature/Coding/JAVA-DSA-practice/F_Bit Manipulation/BinaryToDecimal.java. Using fallback presentation compiler.
2026.04.16 14:03:11 WARN  Running javac-semanticdb failed for file:///Users/shreyashsature/Coding/JAVA-DSA-practice/F_Bit%20Manipulation/BinaryToDecimal.java. Output:

2026.04.16 14:03:11 INFO  no build target found for /Users/shreyashsature/Coding/JAVA-DSA-practice/F_Bit Manipulation/BinaryToDecimal.java. Using fallback presentation compiler.
2026.04.16 14:03:12 INFO  no build target found for /Users/shreyashsature/Coding/JAVA-DSA-practice/F_Bit Manipulation/BinaryToDecimal.java. Using fallback presentation compiler.
2026.04.16 14:03:14 INFO  no build target found for /Users/shreyashsature/Coding/JAVA-DSA-practice/F_Bit Manipulation/BinaryToDecimal.java. Using fallback presentation compiler.
2026.04.16 14:03:14 INFO  no build target found for /Users/shreyashsature/Coding/JAVA-DSA-practice/F_Bit Manipulation/BinaryToDecimal.java. Using fallback presentation compiler.
2026.04.16 14:03:14 INFO  no build target found for /Users/shreyashsature/Coding/JAVA-DSA-practice/F_Bit Manipulation/BinaryToDecimal.java. Using fallback presentation compiler.
2026.04.16 14:03:14 INFO  no build target found for /Users/shreyashsature/Coding/JAVA-DSA-practice/F_Bit Manipulation/BinaryToDecimal.java. Using fallback presentation compiler.
2026.04.16 14:03:14 INFO  no build target found for /Users/shreyashsature/Coding/JAVA-DSA-practice/F_Bit Manipulation/BinaryToDecimal.java. Using fallback presentation compiler.
2026.04.16 14:03:14 INFO  no build target found for /Users/shreyashsature/Coding/JAVA-DSA-practice/F_Bit Manipulation/BinaryToDecimal.java. Using fallback presentation compiler.
2026.04.16 14:03:15 INFO  no build target found for /Users/shreyashsature/Coding/JAVA-DSA-practice/F_Bit Manipulation/BinaryToDecimal.java. Using fallback presentation compiler.
2026.04.16 14:03:15 INFO  no build target found for /Users/shreyashsature/Coding/JAVA-DSA-practice/F_Bit Manipulation/BinaryToDecimal.java. Using fallback presentation compiler.
2026.04.16 14:03:15 INFO  no build target found for /Users/shreyashsature/Coding/JAVA-DSA-practice/F_Bit Manipulation/BinaryToDecimal.java. Using fallback presentation compiler.
2026.04.16 14:03:15 INFO  no build target found for /Users/shreyashsature/Coding/JAVA-DSA-practice/F_Bit Manipulation/BinaryToDecimal.java. Using fallback presentation compiler.
2026.04.16 14:03:15 INFO  no build target found for /Users/shreyashsature/Coding/JAVA-DSA-practice/F_Bit Manipulation/BinaryToDecimal.java. Using fallback presentation compiler.
2026.04.16 14:03:15 WARN  Running javac-semanticdb failed for file:///Users/shreyashsature/Coding/JAVA-DSA-practice/F_Bit%20Manipulation/BinaryToDecimal.java. Output:

2026.04.16 14:03:15 INFO  no build target found for /Users/shreyashsature/Coding/JAVA-DSA-practice/F_Bit Manipulation/BinaryToDecimal.java. Using fallback presentation compiler.
2026.04.16 14:03:15 INFO  no build target found for /Users/shreyashsature/Coding/JAVA-DSA-practice/F_Bit Manipulation/BinaryToDecimal.java. Using fallback presentation compiler.
2026.04.16 14:03:16 WARN  Running javac-semanticdb failed for file:///Users/shreyashsature/Coding/JAVA-DSA-practice/F_Bit%20Manipulation/BinaryToDecimal.java. Output:

2026.04.16 14:03:16 INFO  no build target found for /Users/shreyashsature/Coding/JAVA-DSA-practice/F_Bit Manipulation/BinaryToDecimal.java. Using fallback presentation compiler.
2026.04.16 14:03:16 INFO  no build target found for /Users/shreyashsature/Coding/JAVA-DSA-practice/F_Bit Manipulation/BinaryToDecimal.java. Using fallback presentation compiler.
2026.04.16 14:03:16 INFO  no build target found for /Users/shreyashsature/Coding/JAVA-DSA-practice/F_Bit Manipulation/BinaryToDecimal.java. Using fallback presentation compiler.
2026.04.16 14:03:16 INFO  no build target found for /Users/shreyashsature/Coding/JAVA-DSA-practice/F_Bit Manipulation/BinaryToDecimal.java. Using fallback presentation compiler.
2026.04.16 14:03:16 WARN  Running javac-semanticdb failed for file:///Users/shreyashsature/Coding/JAVA-DSA-practice/F_Bit%20Manipulation/BinaryToDecimal.java. Output:

2026.04.16 14:03:16 INFO  no build target found for /Users/shreyashsature/Coding/JAVA-DSA-practice/F_Bit Manipulation/BinaryToDecimal.java. Using fallback presentation compiler.
2026.04.16 14:03:37 INFO  no build target found for /Users/shreyashsature/Coding/JAVA-DSA-practice/F_Bit Manipulation/BinaryToDecimal.java. Using fallback presentation compiler.
2026.04.16 14:03:37 INFO  no build target found for /Users/shreyashsature/Coding/JAVA-DSA-practice/F_Bit Manipulation/BinaryToDecimal.java. Using fallback presentation compiler.
2026.04.16 14:03:37 INFO  no build target found for /Users/shreyashsature/Coding/JAVA-DSA-practice/F_Bit Manipulation/BinaryToDecimal.java. Using fallback presentation compiler.
2026.04.16 14:03:37 INFO  no build target found for /Users/shreyashsature/Coding/JAVA-DSA-practice/F_Bit Manipulation/BinaryToDecimal.java. Using fallback presentation compiler.
2026.04.16 14:03:37 INFO  no build target found for /Users/shreyashsature/Coding/JAVA-DSA-practice/F_Bit Manipulation/BinaryToDecimal.java. Using fallback presentation compiler.
2026.04.16 14:03:37 INFO  no build target found for /Users/shreyashsature/Coding/JAVA-DSA-practice/F_Bit Manipulation/BinaryToDecimal.java. Using fallback presentation compiler.
2026.04.16 14:03:37 INFO  no build target found for /Users/shreyashsature/Coding/JAVA-DSA-practice/F_Bit Manipulation/BinaryToDecimal.java. Using fallback presentation compiler.
2026.04.16 14:03:37 WARN  Running javac-semanticdb failed for file:///Users/shreyashsature/Coding/JAVA-DSA-practice/F_Bit%20Manipulation/BinaryToDecimal.java. Output:

2026.04.16 14:03:38 INFO  no build target found for /Users/shreyashsature/Coding/JAVA-DSA-practice/F_Bit Manipulation/BinaryToDecimal.java. Using fallback presentation compiler.
2026.04.16 14:03:38 INFO  no build target found for /Users/shreyashsature/Coding/JAVA-DSA-practice/F_Bit Manipulation/BinaryToDecimal.java. Using fallback presentation compiler.
2026.04.16 14:03:38 INFO  no build target found for /Users/shreyashsature/Coding/JAVA-DSA-practice/F_Bit Manipulation/BinaryToDecimal.java. Using fallback presentation compiler.
2026.04.16 14:03:38 WARN  Running javac-semanticdb failed for file:///Users/shreyashsature/Coding/JAVA-DSA-practice/F_Bit%20Manipulation/BinaryToDecimal.java. Output:

2026.04.16 14:03:37 INFO  no build target found for /Users/shreyashsature/Coding/JAVA-DSA-practice/F_Bit Manipulation/BinaryToDecimal.java. Using fallback presentation compiler.
2026.04.16 14:03:38 INFO  no build target found for /Users/shreyashsature/Coding/JAVA-DSA-practice/F_Bit Manipulation/BinaryToDecimal.java. Using fallback presentation compiler.
2026.04.16 14:03:39 INFO  no build target found for /Users/shreyashsature/Coding/JAVA-DSA-practice/F_Bit Manipulation/BinaryToDecimal.java. Using fallback presentation compiler.
2026.04.16 14:03:39 INFO  no build target found for /Users/shreyashsature/Coding/JAVA-DSA-practice/F_Bit Manipulation/BinaryToDecimal.java. Using fallback presentation compiler.
2026.04.16 14:03:39 INFO  no build target found for /Users/shreyashsature/Coding/JAVA-DSA-practice/F_Bit Manipulation/BinaryToDecimal.java. Using fallback presentation compiler.
2026.04.16 14:03:40 WARN  Running javac-semanticdb failed for file:///Users/shreyashsature/Coding/JAVA-DSA-practice/F_Bit%20Manipulation/BinaryToDecimal.java. Output:

2026.04.16 14:03:40 INFO  no build target found for /Users/shreyashsature/Coding/JAVA-DSA-practice/F_Bit Manipulation/BinaryToDecimal.java. Using fallback presentation compiler.
2026.04.16 14:03:39 INFO  no build target found for /Users/shreyashsature/Coding/JAVA-DSA-practice/F_Bit Manipulation/BinaryToDecimal.java. Using fallback presentation compiler.
2026.04.16 14:03:39 INFO  no build target found for /Users/shreyashsature/Coding/JAVA-DSA-practice/F_Bit Manipulation/BinaryToDecimal.java. Using fallback presentation compiler.
2026.04.16 14:03:40 WARN  Running javac-semanticdb failed for file:///Users/shreyashsature/Coding/JAVA-DSA-practice/F_Bit%20Manipulation/BinaryToDecimal.java. Output:

2026.04.16 14:03:40 INFO  no build target found for /Users/shreyashsature/Coding/JAVA-DSA-practice/F_Bit Manipulation/BinaryToDecimal.java. Using fallback presentation compiler.
2026.04.16 14:03:40 INFO  no build target found for /Users/shreyashsature/Coding/JAVA-DSA-practice/F_Bit Manipulation/BinaryToDecimal.java. Using fallback presentation compiler.
2026.04.16 14:03:40 INFO  no build target found for /Users/shreyashsature/Coding/JAVA-DSA-practice/F_Bit Manipulation/BinaryToDecimal.java. Using fallback presentation compiler.
2026.04.16 14:03:40 INFO  no build target found for /Users/shreyashsature/Coding/JAVA-DSA-practice/F_Bit Manipulation/BinaryToDecimal.java. Using fallback presentation compiler.
2026.04.16 14:03:41 WARN  Running javac-semanticdb failed for file:///Users/shreyashsature/Coding/JAVA-DSA-practice/F_Bit%20Manipulation/BinaryToDecimal.java. Output:

2026.04.16 14:03:41 INFO  no build target found for /Users/shreyashsature/Coding/JAVA-DSA-practice/F_Bit Manipulation/BinaryToDecimal.java. Using fallback presentation compiler.
2026.04.16 14:03:40 INFO  no build target found for /Users/shreyashsature/Coding/JAVA-DSA-practice/F_Bit Manipulation/BinaryToDecimal.java. Using fallback presentation compiler.
2026.04.16 14:03:42 INFO  no build target found for /Users/shreyashsature/Coding/JAVA-DSA-practice/F_Bit Manipulation/BinaryToDecimal.java. Using fallback presentation compiler.
2026.04.16 14:03:46 INFO  no build target found for /Users/shreyashsature/Coding/JAVA-DSA-practice/F_Bit Manipulation/BinaryToDecimal.java. Using fallback presentation compiler.
2026.04.16 14:03:46 INFO  no build target found for /Users/shreyashsature/Coding/JAVA-DSA-practice/F_Bit Manipulation/BinaryToDecimal.java. Using fallback presentation compiler.
2026.04.16 14:03:46 INFO  no build target found for /Users/shreyashsature/Coding/JAVA-DSA-practice/F_Bit Manipulation/BinaryToDecimal.java. Using fallback presentation compiler.
2026.04.16 14:03:46 WARN  Running javac-semanticdb failed for file:///Users/shreyashsature/Coding/JAVA-DSA-practice/F_Bit%20Manipulation/BinaryToDecimal.java. Output:

2026.04.16 14:03:46 INFO  no build target found for /Users/shreyashsature/Coding/JAVA-DSA-practice/F_Bit Manipulation/BinaryToDecimal.java. Using fallback presentation compiler.
2026.04.16 14:03:48 INFO  no build target found for /Users/shreyashsature/Coding/JAVA-DSA-practice/F_Bit Manipulation/BinaryToDecimal.java. Using fallback presentation compiler.
2026.04.16 14:03:48 INFO  no build target found for /Users/shreyashsature/Coding/JAVA-DSA-practice/F_Bit Manipulation/BinaryToDecimal.java. Using fallback presentation compiler.
2026.04.16 14:03:48 INFO  no build target found for /Users/shreyashsature/Coding/JAVA-DSA-practice/F_Bit Manipulation/BinaryToDecimal.java. Using fallback presentation compiler.
2026.04.16 14:03:48 INFO  no build target found for /Users/shreyashsature/Coding/JAVA-DSA-practice/F_Bit Manipulation/BinaryToDecimal.java. Using fallback presentation compiler.
2026.04.16 14:03:48 INFO  no build target found for /Users/shreyashsature/Coding/JAVA-DSA-practice/F_Bit Manipulation/BinaryToDecimal.java. Using fallback presentation compiler.
2026.04.16 14:03:48 INFO  no build target found for /Users/shreyashsature/Coding/JAVA-DSA-practice/F_Bit Manipulation/BinaryToDecimal.java. Using fallback presentation compiler.
2026.04.16 14:03:49 WARN  Running javac-semanticdb failed for file:///Users/shreyashsature/Coding/JAVA-DSA-practice/F_Bit%20Manipulation/BinaryToDecimal.java. Output:

2026.04.16 14:03:49 INFO  no build target found for /Users/shreyashsature/Coding/JAVA-DSA-practice/F_Bit Manipulation/BinaryToDecimal.java. Using fallback presentation compiler.
2026.04.16 14:03:49 INFO  no build target found for /Users/shreyashsature/Coding/JAVA-DSA-practice/F_Bit Manipulation/BinaryToDecimal.java. Using fallback presentation compiler.
2026.04.16 14:03:51 INFO  no build target found for /Users/shreyashsature/Coding/JAVA-DSA-practice/F_Bit Manipulation/BinaryToDecimal.java. Using fallback presentation compiler.
2026.04.16 14:03:51 INFO  no build target found for /Users/shreyashsature/Coding/JAVA-DSA-practice/F_Bit Manipulation/BinaryToDecimal.java. Using fallback presentation compiler.
2026.04.16 14:03:51 WARN  Running javac-semanticdb failed for file:///Users/shreyashsature/Coding/JAVA-DSA-practice/F_Bit%20Manipulation/BinaryToDecimal.java. Output:

2026.04.16 14:03:51 INFO  no build target found for /Users/shreyashsature/Coding/JAVA-DSA-practice/F_Bit Manipulation/BinaryToDecimal.java. Using fallback presentation compiler.
2026.04.16 14:03:51 INFO  no build target found for /Users/shreyashsature/Coding/JAVA-DSA-practice/F_Bit Manipulation/BinaryToDecimal.java. Using fallback presentation compiler.
2026.04.16 14:03:51 INFO  no build target found for /Users/shreyashsature/Coding/JAVA-DSA-practice/F_Bit Manipulation/BinaryToDecimal.java. Using fallback presentation compiler.
2026.04.16 14:03:51 INFO  no build target found for /Users/shreyashsature/Coding/JAVA-DSA-practice/F_Bit Manipulation/BinaryToDecimal.java. Using fallback presentation compiler.
2026.04.16 14:03:51 WARN  Running javac-semanticdb failed for file:///Users/shreyashsature/Coding/JAVA-DSA-practice/F_Bit%20Manipulation/BinaryToDecimal.java. Output:

2026.04.16 14:03:51 INFO  no build target found for /Users/shreyashsature/Coding/JAVA-DSA-practice/F_Bit Manipulation/BinaryToDecimal.java. Using fallback presentation compiler.
2026.04.16 14:03:51 INFO  no build target found for /Users/shreyashsature/Coding/JAVA-DSA-practice/F_Bit Manipulation/BinaryToDecimal.java. Using fallback presentation compiler.
2026.04.16 14:03:52 WARN  Running javac-semanticdb failed for file:///Users/shreyashsature/Coding/JAVA-DSA-practice/F_Bit%20Manipulation/BinaryToDecimal.java. Output:

2026.04.16 14:03:52 INFO  no build target found for /Users/shreyashsature/Coding/JAVA-DSA-practice/F_Bit Manipulation/BinaryToDecimal.java. Using fallback presentation compiler.
2026.04.16 14:03:52 INFO  no build target found for /Users/shreyashsature/Coding/JAVA-DSA-practice/F_Bit Manipulation/BinaryToDecimal.java. Using fallback presentation compiler.
2026.04.16 14:03:52 INFO  no build target found for /Users/shreyashsature/Coding/JAVA-DSA-practice/F_Bit Manipulation/BinaryToDecimal.java. Using fallback presentation compiler.
2026.04.16 14:03:52 INFO  no build target found for /Users/shreyashsature/Coding/JAVA-DSA-practice/F_Bit Manipulation/BinaryToDecimal.java. Using fallback presentation compiler.
2026.04.16 14:03:52 WARN  Running javac-semanticdb failed for file:///Users/shreyashsature/Coding/JAVA-DSA-practice/F_Bit%20Manipulation/BinaryToDecimal.java. Output:

2026.04.16 14:03:52 INFO  no build target found for /Users/shreyashsature/Coding/JAVA-DSA-practice/F_Bit Manipulation/BinaryToDecimal.java. Using fallback presentation compiler.
2026.04.16 14:03:53 INFO  no build target found for /Users/shreyashsature/Coding/JAVA-DSA-practice/F_Bit Manipulation/BinaryToDecimal.java. Using fallback presentation compiler.
2026.04.16 14:03:53 INFO  no build target found for /Users/shreyashsature/Coding/JAVA-DSA-practice/F_Bit Manipulation/BinaryToDecimal.java. Using fallback presentation compiler.
2026.04.16 14:03:53 INFO  no build target found for /Users/shreyashsature/Coding/JAVA-DSA-practice/F_Bit Manipulation/BinaryToDecimal.java. Using fallback presentation compiler.
2026.04.16 14:03:53 INFO  no build target found for /Users/shreyashsature/Coding/JAVA-DSA-practice/F_Bit Manipulation/BinaryToDecimal.java. Using fallback presentation compiler.
2026.04.16 14:03:53 INFO  no build target found for /Users/shreyashsature/Coding/JAVA-DSA-practice/F_Bit Manipulation/BinaryToDecimal.java. Using fallback presentation compiler.
2026.04.16 14:03:54 WARN  Running javac-semanticdb failed for file:///Users/shreyashsature/Coding/JAVA-DSA-practice/F_Bit%20Manipulation/BinaryToDecimal.java. Output:

2026.04.16 14:03:53 INFO  no build target found for /Users/shreyashsature/Coding/JAVA-DSA-practice/F_Bit Manipulation/BinaryToDecimal.java. Using fallback presentation compiler.
2026.04.16 14:03:55 INFO  no build target found for /Users/shreyashsature/Coding/JAVA-DSA-practice/F_Bit Manipulation/BinaryToDecimal.java. Using fallback presentation compiler.
2026.04.16 14:03:55 INFO  no build target found for /Users/shreyashsature/Coding/JAVA-DSA-practice/F_Bit Manipulation/BinaryToDecimal.java. Using fallback presentation compiler.
2026.04.16 14:03:56 WARN  Running javac-semanticdb failed for file:///Users/shreyashsature/Coding/JAVA-DSA-practice/F_Bit%20Manipulation/BinaryToDecimal.java. Output:

2026.04.16 14:03:56 INFO  no build target found for /Users/shreyashsature/Coding/JAVA-DSA-practice/F_Bit Manipulation/BinaryToDecimal.java. Using fallback presentation compiler.
2026.04.16 14:03:55 INFO  no build target found for /Users/shreyashsature/Coding/JAVA-DSA-practice/F_Bit Manipulation/BinaryToDecimal.java. Using fallback presentation compiler.
2026.04.16 14:03:57 INFO  no build target found for /Users/shreyashsature/Coding/JAVA-DSA-practice/F_Bit Manipulation/BinaryToDecimal.java. Using fallback presentation compiler.
2026.04.16 14:03:57 INFO  no build target found for /Users/shreyashsature/Coding/JAVA-DSA-practice/F_Bit Manipulation/BinaryToDecimal.java. Using fallback presentation compiler.
2026.04.16 14:03:57 INFO  no build target found for /Users/shreyashsature/Coding/JAVA-DSA-practice/F_Bit Manipulation/BinaryToDecimal.java. Using fallback presentation compiler.
2026.04.16 14:03:57 WARN  Running javac-semanticdb failed for file:///Users/shreyashsature/Coding/JAVA-DSA-practice/F_Bit%20Manipulation/BinaryToDecimal.java. Output:

2026.04.16 14:03:57 INFO  no build target found for /Users/shreyashsature/Coding/JAVA-DSA-practice/F_Bit Manipulation/BinaryToDecimal.java. Using fallback presentation compiler.
2026.04.16 14:03:58 INFO  no build target found for /Users/shreyashsature/Coding/JAVA-DSA-practice/F_Bit Manipulation/BinaryToDecimal.java. Using fallback presentation compiler.
2026.04.16 14:03:58 INFO  no build target found for /Users/shreyashsature/Coding/JAVA-DSA-practice/F_Bit Manipulation/BinaryToDecimal.java. Using fallback presentation compiler.
2026.04.16 14:03:58 WARN  Running javac-semanticdb failed for file:///Users/shreyashsature/Coding/JAVA-DSA-practice/F_Bit%20Manipulation/BinaryToDecimal.java. Output:

2026.04.16 14:03:58 INFO  no build target found for /Users/shreyashsature/Coding/JAVA-DSA-practice/F_Bit Manipulation/BinaryToDecimal.java. Using fallback presentation compiler.
2026.04.16 14:03:58 INFO  no build target found for /Users/shreyashsature/Coding/JAVA-DSA-practice/F_Bit Manipulation/BinaryToDecimal.java. Using fallback presentation compiler.
2026.04.16 14:04:00 INFO  no build target found for /Users/shreyashsature/Coding/JAVA-DSA-practice/F_Bit Manipulation/BinaryToDecimal.java. Using fallback presentation compiler.
2026.04.16 14:04:00 INFO  no build target found for /Users/shreyashsature/Coding/JAVA-DSA-practice/F_Bit Manipulation/BinaryToDecimal.java. Using fallback presentation compiler.
2026.04.16 14:04:00 WARN  Running javac-semanticdb failed for file:///Users/shreyashsature/Coding/JAVA-DSA-practice/F_Bit%20Manipulation/BinaryToDecimal.java. Output:

2026.04.16 14:04:00 INFO  no build target found for /Users/shreyashsature/Coding/JAVA-DSA-practice/F_Bit Manipulation/BinaryToDecimal.java. Using fallback presentation compiler.
2026.04.16 14:04:00 INFO  no build target found for /Users/shreyashsature/Coding/JAVA-DSA-practice/F_Bit Manipulation/BinaryToDecimal.java. Using fallback presentation compiler.
2026.04.16 14:04:07 INFO  no build target found for /Users/shreyashsature/Coding/JAVA-DSA-practice/F_Bit Manipulation/BinaryToDecimal.java. Using fallback presentation compiler.
2026.04.16 14:04:07 INFO  no build target found for /Users/shreyashsature/Coding/JAVA-DSA-practice/F_Bit Manipulation/BinaryToDecimal.java. Using fallback presentation compiler.
2026.04.16 14:04:07 INFO  no build target found for /Users/shreyashsature/Coding/JAVA-DSA-practice/F_Bit Manipulation/BinaryToDecimal.java. Using fallback presentation compiler.
2026.04.16 14:04:08 INFO  no build target found for /Users/shreyashsature/Coding/JAVA-DSA-practice/F_Bit Manipulation/BinaryToDecimal.java. Using fallback presentation compiler.
2026.04.16 14:04:07 INFO  no build target found for /Users/shreyashsature/Coding/JAVA-DSA-practice/F_Bit Manipulation/BinaryToDecimal.java. Using fallback presentation compiler.
2026.04.16 14:04:08 WARN  Running javac-semanticdb failed for file:///Users/shreyashsature/Coding/JAVA-DSA-practice/F_Bit%20Manipulation/BinaryToDecimal.java. Output:

2026.04.16 14:04:07 INFO  no build target found for /Users/shreyashsature/Coding/JAVA-DSA-practice/F_Bit Manipulation/BinaryToDecimal.java. Using fallback presentation compiler.
2026.04.16 14:04:07 INFO  no build target found for /Users/shreyashsature/Coding/JAVA-DSA-practice/F_Bit Manipulation/BinaryToDecimal.java. Using fallback presentation compiler.
2026.04.16 14:04:07 INFO  no build target found for /Users/shreyashsature/Coding/JAVA-DSA-practice/F_Bit Manipulation/BinaryToDecimal.java. Using fallback presentation compiler.
2026.04.16 14:04:08 INFO  no build target found for /Users/shreyashsature/Coding/JAVA-DSA-practice/F_Bit Manipulation/BinaryToDecimal.java. Using fallback presentation compiler.
2026.04.16 14:04:07 INFO  no build target found for /Users/shreyashsature/Coding/JAVA-DSA-practice/F_Bit Manipulation/BinaryToDecimal.java. Using fallback presentation compiler.
2026.04.16 14:04:08 WARN  Running javac-semanticdb failed for file:///Users/shreyashsature/Coding/JAVA-DSA-practice/F_Bit%20Manipulation/BinaryToDecimal.java. Output:

2026.04.16 14:04:09 INFO  no build target found for /Users/shreyashsature/Coding/JAVA-DSA-practice/F_Bit Manipulation/BinaryToDecimal.java. Using fallback presentation compiler.
2026.04.16 14:04:09 INFO  no build target found for /Users/shreyashsature/Coding/JAVA-DSA-practice/F_Bit Manipulation/BinaryToDecimal.java. Using fallback presentation compiler.
2026.04.16 14:04:09 INFO  no build target found for /Users/shreyashsature/Coding/JAVA-DSA-practice/F_Bit Manipulation/BinaryToDecimal.java. Using fallback presentation compiler.
2026.04.16 14:04:09 INFO  no build target found for /Users/shreyashsature/Coding/JAVA-DSA-practice/F_Bit Manipulation/BinaryToDecimal.java. Using fallback presentation compiler.
2026.04.16 14:04:09 WARN  Running javac-semanticdb failed for file:///Users/shreyashsature/Coding/JAVA-DSA-practice/F_Bit%20Manipulation/BinaryToDecimal.java. Output:

2026.04.16 14:04:09 INFO  no build target found for /Users/shreyashsature/Coding/JAVA-DSA-practice/F_Bit Manipulation/BinaryToDecimal.java. Using fallback presentation compiler.
2026.04.16 14:04:11 INFO  no build target found for /Users/shreyashsature/Coding/JAVA-DSA-practice/F_Bit Manipulation/BinaryToDecimal.java. Using fallback presentation compiler.
2026.04.16 14:04:11 INFO  no build target found for /Users/shreyashsature/Coding/JAVA-DSA-practice/F_Bit Manipulation/BinaryToDecimal.java. Using fallback presentation compiler.
2026.04.16 14:04:11 INFO  no build target found for /Users/shreyashsature/Coding/JAVA-DSA-practice/F_Bit Manipulation/BinaryToDecimal.java. Using fallback presentation compiler.
2026.04.16 14:04:12 WARN  Running javac-semanticdb failed for file:///Users/shreyashsature/Coding/JAVA-DSA-practice/F_Bit%20Manipulation/BinaryToDecimal.java. Output:

2026.04.16 14:04:12 INFO  no build target found for /Users/shreyashsature/Coding/JAVA-DSA-practice/F_Bit Manipulation/BinaryToDecimal.java. Using fallback presentation compiler.
2026.04.16 14:04:11 INFO  no build target found for /Users/shreyashsature/Coding/JAVA-DSA-practice/F_Bit Manipulation/BinaryToDecimal.java. Using fallback presentation compiler.
2026.04.16 14:04:11 INFO  no build target found for /Users/shreyashsature/Coding/JAVA-DSA-practice/F_Bit Manipulation/BinaryToDecimal.java. Using fallback presentation compiler.
2026.04.16 14:04:11 INFO  no build target found for /Users/shreyashsature/Coding/JAVA-DSA-practice/F_Bit Manipulation/BinaryToDecimal.java. Using fallback presentation compiler.
2026.04.16 14:04:12 INFO  no build target found for /Users/shreyashsature/Coding/JAVA-DSA-practice/F_Bit Manipulation/BinaryToDecimal.java. Using fallback presentation compiler.
2026.04.16 14:04:11 INFO  no build target found for /Users/shreyashsature/Coding/JAVA-DSA-practice/F_Bit Manipulation/BinaryToDecimal.java. Using fallback presentation compiler.
2026.04.16 14:04:12 WARN  Running javac-semanticdb failed for file:///Users/shreyashsature/Coding/JAVA-DSA-practice/F_Bit%20Manipulation/BinaryToDecimal.java. Output:

2026.04.16 14:04:12 INFO  no build target found for /Users/shreyashsature/Coding/JAVA-DSA-practice/F_Bit Manipulation/BinaryToDecimal.java. Using fallback presentation compiler.
2026.04.16 14:04:12 INFO  no build target found for /Users/shreyashsature/Coding/JAVA-DSA-practice/F_Bit Manipulation/BinaryToDecimal.java. Using fallback presentation compiler.
2026.04.16 14:04:13 INFO  no build target found for /Users/shreyashsature/Coding/JAVA-DSA-practice/F_Bit Manipulation/BinaryToDecimal.java. Using fallback presentation compiler.
2026.04.16 14:04:12 INFO  no build target found for /Users/shreyashsature/Coding/JAVA-DSA-practice/F_Bit Manipulation/BinaryToDecimal.java. Using fallback presentation compiler.
2026.04.16 14:04:13 INFO  no build target found for /Users/shreyashsature/Coding/JAVA-DSA-practice/F_Bit Manipulation/BinaryToDecimal.java. Using fallback presentation compiler.
2026.04.16 14:04:12 INFO  no build target found for /Users/shreyashsature/Coding/JAVA-DSA-practice/F_Bit Manipulation/BinaryToDecimal.java. Using fallback presentation compiler.
2026.04.16 14:04:13 WARN  Running javac-semanticdb failed for file:///Users/shreyashsature/Coding/JAVA-DSA-practice/F_Bit%20Manipulation/BinaryToDecimal.java. Output:

2026.04.16 14:04:12 INFO  no build target found for /Users/shreyashsature/Coding/JAVA-DSA-practice/F_Bit Manipulation/BinaryToDecimal.java. Using fallback presentation compiler.
2026.04.16 14:04:12 INFO  no build target found for /Users/shreyashsature/Coding/JAVA-DSA-practice/F_Bit Manipulation/BinaryToDecimal.java. Using fallback presentation compiler.
2026.04.16 14:04:13 WARN  Running javac-semanticdb failed for file:///Users/shreyashsature/Coding/JAVA-DSA-practice/F_Bit%20Manipulation/BinaryToDecimal.java. Output:

2026.04.16 14:04:14 INFO  no build target found for /Users/shreyashsature/Coding/JAVA-DSA-practice/F_Bit Manipulation/BinaryToDecimal.java. Using fallback presentation compiler.
2026.04.16 14:04:14 INFO  no build target found for /Users/shreyashsature/Coding/JAVA-DSA-practice/F_Bit Manipulation/BinaryToDecimal.java. Using fallback presentation compiler.
2026.04.16 14:04:14 INFO  no build target found for /Users/shreyashsature/Coding/JAVA-DSA-practice/F_Bit Manipulation/BinaryToDecimal.java. Using fallback presentation compiler.
2026.04.16 14:04:14 WARN  Running javac-semanticdb failed for file:///Users/shreyashsature/Coding/JAVA-DSA-practice/F_Bit%20Manipulation/BinaryToDecimal.java. Output:

2026.04.16 14:04:14 INFO  no build target found for /Users/shreyashsature/Coding/JAVA-DSA-practice/F_Bit Manipulation/BinaryToDecimal.java. Using fallback presentation compiler.
2026.04.16 14:04:14 INFO  no build target found for /Users/shreyashsature/Coding/JAVA-DSA-practice/F_Bit Manipulation/BinaryToDecimal.java. Using fallback presentation compiler.
2026.04.16 14:04:15 INFO  no build target found for /Users/shreyashsature/Coding/JAVA-DSA-practice/F_Bit Manipulation/BinaryToDecimal.java. Using fallback presentation compiler.
2026.04.16 14:04:15 INFO  no build target found for /Users/shreyashsature/Coding/JAVA-DSA-practice/F_Bit Manipulation/BinaryToDecimal.java. Using fallback presentation compiler.
2026.04.16 14:04:15 WARN  Running javac-semanticdb failed for file:///Users/shreyashsature/Coding/JAVA-DSA-practice/F_Bit%20Manipulation/BinaryToDecimal.java. Output:

2026.04.16 14:04:15 INFO  no build target found for /Users/shreyashsature/Coding/JAVA-DSA-practice/F_Bit Manipulation/BinaryToDecimal.java. Using fallback presentation compiler.
2026.04.16 14:04:15 INFO  no build target found for /Users/shreyashsature/Coding/JAVA-DSA-practice/F_Bit Manipulation/BinaryToDecimal.java. Using fallback presentation compiler.
2026.04.16 14:04:15 INFO  no build target found for /Users/shreyashsature/Coding/JAVA-DSA-practice/F_Bit Manipulation/BinaryToDecimal.java. Using fallback presentation compiler.
2026.04.16 14:04:16 INFO  no build target found for /Users/shreyashsature/Coding/JAVA-DSA-practice/F_Bit Manipulation/BinaryToDecimal.java. Using fallback presentation compiler.
2026.04.16 14:04:16 INFO  no build target found for /Users/shreyashsature/Coding/JAVA-DSA-practice/F_Bit Manipulation/BinaryToDecimal.java. Using fallback presentation compiler.
2026.04.16 14:04:16 INFO  no build target found for /Users/shreyashsature/Coding/JAVA-DSA-practice/F_Bit Manipulation/BinaryToDecimal.java. Using fallback presentation compiler.
2026.04.16 14:04:16 WARN  Running javac-semanticdb failed for file:///Users/shreyashsature/Coding/JAVA-DSA-practice/F_Bit%20Manipulation/BinaryToDecimal.java. Output:

2026.04.16 14:04:16 INFO  no build target found for /Users/shreyashsature/Coding/JAVA-DSA-practice/F_Bit Manipulation/BinaryToDecimal.java. Using fallback presentation compiler.
2026.04.16 14:04:16 INFO  no build target found for /Users/shreyashsature/Coding/JAVA-DSA-practice/F_Bit Manipulation/BinaryToDecimal.java. Using fallback presentation compiler.
2026.04.16 14:04:17 WARN  Running javac-semanticdb failed for file:///Users/shreyashsature/Coding/JAVA-DSA-practice/F_Bit%20Manipulation/BinaryToDecimal.java. Output:

2026.04.16 14:04:17 INFO  no build target found for /Users/shreyashsature/Coding/JAVA-DSA-practice/F_Bit Manipulation/BinaryToDecimal.java. Using fallback presentation compiler.
2026.04.16 14:04:16 INFO  no build target found for /Users/shreyashsature/Coding/JAVA-DSA-practice/F_Bit Manipulation/BinaryToDecimal.java. Using fallback presentation compiler.
2026.04.16 14:04:17 INFO  no build target found for /Users/shreyashsature/Coding/JAVA-DSA-practice/F_Bit Manipulation/BinaryToDecimal.java. Using fallback presentation compiler.
2026.04.16 14:04:17 INFO  no build target found for /Users/shreyashsature/Coding/JAVA-DSA-practice/F_Bit Manipulation/BinaryToDecimal.java. Using fallback presentation compiler.
2026.04.16 14:04:18 WARN  Running javac-semanticdb failed for file:///Users/shreyashsature/Coding/JAVA-DSA-practice/F_Bit%20Manipulation/BinaryToDecimal.java. Output:

2026.04.16 14:04:18 INFO  no build target found for /Users/shreyashsature/Coding/JAVA-DSA-practice/F_Bit Manipulation/BinaryToDecimal.java. Using fallback presentation compiler.
2026.04.16 14:04:17 INFO  no build target found for /Users/shreyashsature/Coding/JAVA-DSA-practice/F_Bit Manipulation/BinaryToDecimal.java. Using fallback presentation compiler.
2026.04.16 14:04:17 INFO  no build target found for /Users/shreyashsature/Coding/JAVA-DSA-practice/F_Bit Manipulation/BinaryToDecimal.java. Using fallback presentation compiler.
2026.04.16 14:04:18 WARN  Running javac-semanticdb failed for file:///Users/shreyashsature/Coding/JAVA-DSA-practice/F_Bit%20Manipulation/BinaryToDecimal.java. Output:

2026.04.16 14:04:18 INFO  no build target found for /Users/shreyashsature/Coding/JAVA-DSA-practice/F_Bit Manipulation/BinaryToDecimal.java. Using fallback presentation compiler.
2026.04.16 14:04:19 INFO  no build target found for /Users/shreyashsature/Coding/JAVA-DSA-practice/F_Bit Manipulation/BinaryToDecimal.java. Using fallback presentation compiler.
2026.04.16 14:04:19 INFO  no build target found for /Users/shreyashsature/Coding/JAVA-DSA-practice/F_Bit Manipulation/BinaryToDecimal.java. Using fallback presentation compiler.
2026.04.16 14:04:22 INFO  no build target found for /Users/shreyashsature/Coding/JAVA-DSA-practice/F_Bit Manipulation/BinaryToDecimal.java. Using fallback presentation compiler.
2026.04.16 14:04:22 INFO  no build target found for /Users/shreyashsature/Coding/JAVA-DSA-practice/F_Bit Manipulation/BinaryToDecimal.java. Using fallback presentation compiler.
2026.04.16 14:04:22 INFO  no build target found for /Users/shreyashsature/Coding/JAVA-DSA-practice/F_Bit Manipulation/BinaryToDecimal.java. Using fallback presentation compiler.
2026.04.16 14:04:23 INFO  no build target found for /Users/shreyashsature/Coding/JAVA-DSA-practice/F_Bit Manipulation/BinaryToDecimal.java. Using fallback presentation compiler.
2026.04.16 14:04:22 INFO  no build target found for /Users/shreyashsature/Coding/JAVA-DSA-practice/F_Bit Manipulation/BinaryToDecimal.java. Using fallback presentation compiler.
2026.04.16 14:04:23 WARN  Running javac-semanticdb failed for file:///Users/shreyashsature/Coding/JAVA-DSA-practice/F_Bit%20Manipulation/BinaryToDecimal.java. Output:

2026.04.16 14:04:22 INFO  no build target found for /Users/shreyashsature/Coding/JAVA-DSA-practice/F_Bit Manipulation/BinaryToDecimal.java. Using fallback presentation compiler.
2026.04.16 14:04:24 INFO  no build target found for /Users/shreyashsature/Coding/JAVA-DSA-practice/F_Bit Manipulation/BinaryToDecimal.java. Using fallback presentation compiler.
2026.04.16 14:04:24 INFO  no build target found for /Users/shreyashsature/Coding/JAVA-DSA-practice/F_Bit Manipulation/BinaryToDecimal.java. Using fallback presentation compiler.
2026.04.16 14:04:24 WARN  Running javac-semanticdb failed for file:///Users/shreyashsature/Coding/JAVA-DSA-practice/F_Bit%20Manipulation/BinaryToDecimal.java. Output:

2026.04.16 14:04:24 INFO  no build target found for /Users/shreyashsature/Coding/JAVA-DSA-practice/F_Bit Manipulation/BinaryToDecimal.java. Using fallback presentation compiler.
2026.04.16 14:04:24 INFO  no build target found for /Users/shreyashsature/Coding/JAVA-DSA-practice/F_Bit Manipulation/BinaryToDecimal.java. Using fallback presentation compiler.
2026.04.16 14:04:26 INFO  no build target found for /Users/shreyashsature/Coding/JAVA-DSA-practice/F_Bit Manipulation/BinaryToDecimal.java. Using fallback presentation compiler.
2026.04.16 14:04:26 INFO  no build target found for /Users/shreyashsature/Coding/JAVA-DSA-practice/F_Bit Manipulation/BinaryToDecimal.java. Using fallback presentation compiler.
2026.04.16 14:04:26 WARN  Running javac-semanticdb failed for file:///Users/shreyashsature/Coding/JAVA-DSA-practice/F_Bit%20Manipulation/BinaryToDecimal.java. Output:

2026.04.16 14:04:26 INFO  no build target found for /Users/shreyashsature/Coding/JAVA-DSA-practice/F_Bit Manipulation/BinaryToDecimal.java. Using fallback presentation compiler.
2026.04.16 14:04:26 INFO  no build target found for /Users/shreyashsature/Coding/JAVA-DSA-practice/F_Bit Manipulation/BinaryToDecimal.java. Using fallback presentation compiler.
2026.04.16 14:04:26 INFO  no build target found for /Users/shreyashsature/Coding/JAVA-DSA-practice/F_Bit Manipulation/BinaryToDecimal.java. Using fallback presentation compiler.
2026.04.16 14:04:26 INFO  no build target found for /Users/shreyashsature/Coding/JAVA-DSA-practice/F_Bit Manipulation/BinaryToDecimal.java. Using fallback presentation compiler.
2026.04.16 14:04:27 WARN  Running javac-semanticdb failed for file:///Users/shreyashsature/Coding/JAVA-DSA-practice/F_Bit%20Manipulation/BinaryToDecimal.java. Output:

2026.04.16 14:04:27 INFO  no build target found for /Users/shreyashsature/Coding/JAVA-DSA-practice/F_Bit Manipulation/BinaryToDecimal.java. Using fallback presentation compiler.
2026.04.16 14:04:27 INFO  no build target found for /Users/shreyashsature/Coding/JAVA-DSA-practice/F_Bit Manipulation/BinaryToDecimal.java. Using fallback presentation compiler.
2026.04.16 14:04:30 INFO  no build target found for /Users/shreyashsature/Coding/JAVA-DSA-practice/F_Bit Manipulation/BinaryToDecimal.java. Using fallback presentation compiler.
2026.04.16 14:04:30 INFO  no build target found for /Users/shreyashsature/Coding/JAVA-DSA-practice/F_Bit Manipulation/BinaryToDecimal.java. Using fallback presentation compiler.
2026.04.16 14:04:30 INFO  no build target found for /Users/shreyashsature/Coding/JAVA-DSA-practice/F_Bit Manipulation/BinaryToDecimal.java. Using fallback presentation compiler.
2026.04.16 14:04:30 INFO  no build target found for /Users/shreyashsature/Coding/JAVA-DSA-practice/F_Bit Manipulation/BinaryToDecimal.java. Using fallback presentation compiler.
2026.04.16 14:04:30 INFO  no build target found for /Users/shreyashsature/Coding/JAVA-DSA-practice/F_Bit Manipulation/BinaryToDecimal.java. Using fallback presentation compiler.
2026.04.16 14:04:31 INFO  no build target found for /Users/shreyashsature/Coding/JAVA-DSA-practice/F_Bit Manipulation/BinaryToDecimal.java. Using fallback presentation compiler.
2026.04.16 14:04:30 INFO  no build target found for /Users/shreyashsature/Coding/JAVA-DSA-practice/F_Bit Manipulation/BinaryToDecimal.java. Using fallback presentation compiler.
2026.04.16 14:04:31 WARN  Running javac-semanticdb failed for file:///Users/shreyashsature/Coding/JAVA-DSA-practice/F_Bit%20Manipulation/BinaryToDecimal.java. Output:

2026.04.16 14:04:30 INFO  no build target found for /Users/shreyashsature/Coding/JAVA-DSA-practice/F_Bit Manipulation/BinaryToDecimal.java. Using fallback presentation compiler.
2026.04.16 14:04:32 INFO  no build target found for /Users/shreyashsature/Coding/JAVA-DSA-practice/F_Bit Manipulation/BinaryToDecimal.java. Using fallback presentation compiler.
2026.04.16 14:04:31 WARN  Running javac-semanticdb failed for file:///Users/shreyashsature/Coding/JAVA-DSA-practice/F_Bit%20Manipulation/BinaryToDecimal.java. Output:

2026.04.16 14:04:32 INFO  no build target found for /Users/shreyashsature/Coding/JAVA-DSA-practice/F_Bit Manipulation/BinaryToDecimal.java. Using fallback presentation compiler.
2026.04.16 14:04:32 INFO  no build target found for /Users/shreyashsature/Coding/JAVA-DSA-practice/F_Bit Manipulation/BinaryToDecimal.java. Using fallback presentation compiler.
2026.04.16 14:04:33 INFO  no build target found for /Users/shreyashsature/Coding/JAVA-DSA-practice/F_Bit Manipulation/BinaryToDecimal.java. Using fallback presentation compiler.
2026.04.16 14:04:33 INFO  no build target found for /Users/shreyashsature/Coding/JAVA-DSA-practice/F_Bit Manipulation/BinaryToDecimal.java. Using fallback presentation compiler.
2026.04.16 14:04:33 WARN  Running javac-semanticdb failed for file:///Users/shreyashsature/Coding/JAVA-DSA-practice/F_Bit%20Manipulation/BinaryToDecimal.java. Output:

2026.04.16 14:04:33 INFO  no build target found for /Users/shreyashsature/Coding/JAVA-DSA-practice/F_Bit Manipulation/BinaryToDecimal.java. Using fallback presentation compiler.
2026.04.16 14:04:33 INFO  no build target found for /Users/shreyashsature/Coding/JAVA-DSA-practice/F_Bit Manipulation/BinaryToDecimal.java. Using fallback presentation compiler.
2026.04.16 14:04:40 INFO  no build target found for /Users/shreyashsature/Coding/JAVA-DSA-practice/F_Bit Manipulation/BinaryToDecimal.java. Using fallback presentation compiler.
2026.04.16 14:04:40 INFO  no build target found for /Users/shreyashsature/Coding/JAVA-DSA-practice/F_Bit Manipulation/BinaryToDecimal.java. Using fallback presentation compiler.
2026.04.16 14:04:40 WARN  Running javac-semanticdb failed for file:///Users/shreyashsature/Coding/JAVA-DSA-practice/F_Bit%20Manipulation/BinaryToDecimal.java. Output:

2026.04.16 14:04:40 INFO  no build target found for /Users/shreyashsature/Coding/JAVA-DSA-practice/F_Bit Manipulation/BinaryToDecimal.java. Using fallback presentation compiler.
2026.04.16 14:04:40 INFO  no build target found for /Users/shreyashsature/Coding/JAVA-DSA-practice/F_Bit Manipulation/BinaryToDecimal.java. Using fallback presentation compiler.
2026.04.16 14:04:40 INFO  no build target found for /Users/shreyashsature/Coding/JAVA-DSA-practice/F_Bit Manipulation/BinaryToDecimal.java. Using fallback presentation compiler.
2026.04.16 14:04:40 INFO  no build target found for /Users/shreyashsature/Coding/JAVA-DSA-practice/F_Bit Manipulation/BinaryToDecimal.java. Using fallback presentation compiler.
2026.04.16 14:04:41 WARN  Running javac-semanticdb failed for file:///Users/shreyashsature/Coding/JAVA-DSA-practice/F_Bit%20Manipulation/BinaryToDecimal.java. Output:

2026.04.16 14:04:41 INFO  no build target found for /Users/shreyashsature/Coding/JAVA-DSA-practice/F_Bit Manipulation/BinaryToDecimal.java. Using fallback presentation compiler.
2026.04.16 14:04:41 INFO  no build target found for /Users/shreyashsature/Coding/JAVA-DSA-practice/F_Bit Manipulation/BinaryToDecimal.java. Using fallback presentation compiler.
2026.04.16 14:04:41 INFO  no build target found for /Users/shreyashsature/Coding/JAVA-DSA-practice/F_Bit Manipulation/BinaryToDecimal.java. Using fallback presentation compiler.
2026.04.16 14:04:41 INFO  no build target found for /Users/shreyashsature/Coding/JAVA-DSA-practice/F_Bit Manipulation/BinaryToDecimal.java. Using fallback presentation compiler.
2026.04.16 14:04:41 WARN  Running javac-semanticdb failed for file:///Users/shreyashsature/Coding/JAVA-DSA-practice/F_Bit%20Manipulation/BinaryToDecimal.java. Output:

2026.04.16 14:04:41 INFO  no build target found for /Users/shreyashsature/Coding/JAVA-DSA-practice/F_Bit Manipulation/BinaryToDecimal.java. Using fallback presentation compiler.
2026.04.16 14:04:41 INFO  no build target found for /Users/shreyashsature/Coding/JAVA-DSA-practice/F_Bit Manipulation/BinaryToDecimal.java. Using fallback presentation compiler.
2026.04.16 14:04:50 INFO  no build target found for /Users/shreyashsature/Coding/JAVA-DSA-practice/F_Bit Manipulation/BinaryToDecimal.java. Using fallback presentation compiler.
2026.04.16 14:04:50 INFO  no build target found for /Users/shreyashsature/Coding/JAVA-DSA-practice/F_Bit Manipulation/BinaryToDecimal.java. Using fallback presentation compiler.
2026.04.16 14:04:50 INFO  no build target found for /Users/shreyashsature/Coding/JAVA-DSA-practice/F_Bit Manipulation/BinaryToDecimal.java. Using fallback presentation compiler.
2026.04.16 14:04:50 INFO  no build target found for /Users/shreyashsature/Coding/JAVA-DSA-practice/F_Bit Manipulation/BinaryToDecimal.java. Using fallback presentation compiler.
2026.04.16 14:04:50 INFO  no build target found for /Users/shreyashsature/Coding/JAVA-DSA-practice/F_Bit Manipulation/BinaryToDecimal.java. Using fallback presentation compiler.
2026.04.16 14:04:50 WARN  Running javac-semanticdb failed for file:///Users/shreyashsature/Coding/JAVA-DSA-practice/F_Bit%20Manipulation/BinaryToDecimal.java. Output:

2026.04.16 14:04:50 INFO  no build target found for /Users/shreyashsature/Coding/JAVA-DSA-practice/F_Bit Manipulation/BinaryToDecimal.java. Using fallback presentation compiler.
2026.04.16 14:05:28 INFO  no build target found for /Users/shreyashsature/Coding/JAVA-DSA-practice/F_Bit Manipulation/BinaryToDecimal.java. Using fallback presentation compiler.
2026.04.16 14:05:28 INFO  no build target found for /Users/shreyashsature/Coding/JAVA-DSA-practice/F_Bit Manipulation/BinaryToDecimal.java. Using fallback presentation compiler.
2026.04.16 14:05:28 INFO  no build target found for /Users/shreyashsature/Coding/JAVA-DSA-practice/F_Bit Manipulation/BinaryToDecimal.java. Using fallback presentation compiler.
2026.04.16 14:05:28 INFO  no build target found for /Users/shreyashsature/Coding/JAVA-DSA-practice/F_Bit Manipulation/BinaryToDecimal.java. Using fallback presentation compiler.
2026.04.16 14:05:28 INFO  no build target found for /Users/shreyashsature/Coding/JAVA-DSA-practice/F_Bit Manipulation/BinaryToDecimal.java. Using fallback presentation compiler.
2026.04.16 14:05:28 INFO  no build target found for /Users/shreyashsature/Coding/JAVA-DSA-practice/F_Bit Manipulation/BinaryToDecimal.java. Using fallback presentation compiler.
2026.04.16 14:05:28 INFO  no build target found for /Users/shreyashsature/Coding/JAVA-DSA-practice/F_Bit Manipulation/BinaryToDecimal.java. Using fallback presentation compiler.
2026.04.16 14:05:29 WARN  Running javac-semanticdb failed for file:///Users/shreyashsature/Coding/JAVA-DSA-practice/F_Bit%20Manipulation/BinaryToDecimal.java. Output:

2026.04.16 14:05:29 INFO  no build target found for /Users/shreyashsature/Coding/JAVA-DSA-practice/F_Bit Manipulation/BinaryToDecimal.java. Using fallback presentation compiler.
2026.04.16 14:05:29 INFO  no build target found for /Users/shreyashsature/Coding/JAVA-DSA-practice/F_Bit Manipulation/BinaryToDecimal.java. Using fallback presentation compiler.
2026.04.16 14:05:30 INFO  no build target found for /Users/shreyashsature/Coding/JAVA-DSA-practice/F_Bit Manipulation/BinaryToDecimal.java. Using fallback presentation compiler.
2026.04.16 14:05:29 INFO  no build target found for /Users/shreyashsature/Coding/JAVA-DSA-practice/F_Bit Manipulation/BinaryToDecimal.java. Using fallback presentation compiler.
2026.04.16 14:05:29 INFO  no build target found for /Users/shreyashsature/Coding/JAVA-DSA-practice/F_Bit Manipulation/BinaryToDecimal.java. Using fallback presentation compiler.
2026.04.16 14:05:30 WARN  Running javac-semanticdb failed for file:///Users/shreyashsature/Coding/JAVA-DSA-practice/F_Bit%20Manipulation/BinaryToDecimal.java. Output:

2026.04.16 14:05:30 INFO  no build target found for /Users/shreyashsature/Coding/JAVA-DSA-practice/F_Bit Manipulation/BinaryToDecimal.java. Using fallback presentation compiler.
2026.04.16 14:05:30 INFO  no build target found for /Users/shreyashsature/Coding/JAVA-DSA-practice/F_Bit Manipulation/BinaryToDecimal.java. Using fallback presentation compiler.
2026.04.16 14:05:30 INFO  no build target found for /Users/shreyashsature/Coding/JAVA-DSA-practice/F_Bit Manipulation/BinaryToDecimal.java. Using fallback presentation compiler.
2026.04.16 14:05:30 WARN  Running javac-semanticdb failed for file:///Users/shreyashsature/Coding/JAVA-DSA-practice/F_Bit%20Manipulation/BinaryToDecimal.java. Output:

2026.04.16 14:05:30 INFO  no build target found for /Users/shreyashsature/Coding/JAVA-DSA-practice/F_Bit Manipulation/BinaryToDecimal.java. Using fallback presentation compiler.
2026.04.16 14:05:30 INFO  no build target found for /Users/shreyashsature/Coding/JAVA-DSA-practice/F_Bit Manipulation/BinaryToDecimal.java. Using fallback presentation compiler.
2026.04.16 14:05:30 INFO  no build target found for /Users/shreyashsature/Coding/JAVA-DSA-practice/F_Bit Manipulation/BinaryToDecimal.java. Using fallback presentation compiler.
2026.04.16 14:05:30 INFO  no build target found for /Users/shreyashsature/Coding/JAVA-DSA-practice/F_Bit Manipulation/BinaryToDecimal.java. Using fallback presentation compiler.
2026.04.16 14:05:32 INFO  no build target found for /Users/shreyashsature/Coding/JAVA-DSA-practice/F_Bit Manipulation/BinaryToDecimal.java. Using fallback presentation compiler.
2026.04.16 14:05:32 WARN  Running javac-semanticdb failed for file:///Users/shreyashsature/Coding/JAVA-DSA-practice/F_Bit%20Manipulation/BinaryToDecimal.java. Output:

2026.04.16 14:05:32 INFO  no build target found for /Users/shreyashsature/Coding/JAVA-DSA-practice/F_Bit Manipulation/BinaryToDecimal.java. Using fallback presentation compiler.
2026.04.16 14:05:32 INFO  no build target found for /Users/shreyashsature/Coding/JAVA-DSA-practice/F_Bit Manipulation/BinaryToDecimal.java. Using fallback presentation compiler.
2026.04.16 14:05:32 INFO  no build target found for /Users/shreyashsature/Coding/JAVA-DSA-practice/F_Bit Manipulation/BinaryToDecimal.java. Using fallback presentation compiler.
2026.04.16 14:05:32 WARN  Running javac-semanticdb failed for file:///Users/shreyashsature/Coding/JAVA-DSA-practice/F_Bit%20Manipulation/BinaryToDecimal.java. Output:

2026.04.16 14:05:32 INFO  no build target found for /Users/shreyashsature/Coding/JAVA-DSA-practice/F_Bit Manipulation/BinaryToDecimal.java. Using fallback presentation compiler.
2026.04.16 14:05:33 INFO  no build target found for /Users/shreyashsature/Coding/JAVA-DSA-practice/F_Bit Manipulation/BinaryToDecimal.java. Using fallback presentation compiler.
2026.04.16 14:05:33 INFO  no build target found for /Users/shreyashsature/Coding/JAVA-DSA-practice/F_Bit Manipulation/BinaryToDecimal.java. Using fallback presentation compiler.
2026.04.16 14:05:33 WARN  Running javac-semanticdb failed for file:///Users/shreyashsature/Coding/JAVA-DSA-practice/F_Bit%20Manipulation/BinaryToDecimal.java. Output:

2026.04.16 14:05:33 INFO  no build target found for /Users/shreyashsature/Coding/JAVA-DSA-practice/F_Bit Manipulation/BinaryToDecimal.java. Using fallback presentation compiler.
2026.04.16 14:05:33 INFO  no build target found for /Users/shreyashsature/Coding/JAVA-DSA-practice/F_Bit Manipulation/BinaryToDecimal.java. Using fallback presentation compiler.
2026.04.16 14:05:33 INFO  no build target found for /Users/shreyashsature/Coding/JAVA-DSA-practice/F_Bit Manipulation/BinaryToDecimal.java. Using fallback presentation compiler.
2026.04.16 14:05:33 INFO  no build target found for /Users/shreyashsature/Coding/JAVA-DSA-practice/F_Bit Manipulation/BinaryToDecimal.java. Using fallback presentation compiler.
2026.04.16 14:05:34 WARN  Running javac-semanticdb failed for file:///Users/shreyashsature/Coding/JAVA-DSA-practice/F_Bit%20Manipulation/BinaryToDecimal.java. Output:

2026.04.16 14:05:34 INFO  no build target found for /Users/shreyashsature/Coding/JAVA-DSA-practice/F_Bit Manipulation/BinaryToDecimal.java. Using fallback presentation compiler.
2026.04.16 14:05:34 INFO  no build target found for /Users/shreyashsature/Coding/JAVA-DSA-practice/F_Bit Manipulation/BinaryToDecimal.java. Using fallback presentation compiler.
2026.04.16 14:05:38 INFO  no build target found for /Users/shreyashsature/Coding/JAVA-DSA-practice/F_Bit Manipulation/BinaryToDecimal.java. Using fallback presentation compiler.
2026.04.16 14:05:38 INFO  no build target found for /Users/shreyashsature/Coding/JAVA-DSA-practice/F_Bit Manipulation/BinaryToDecimal.java. Using fallback presentation compiler.
2026.04.16 14:05:38 INFO  no build target found for /Users/shreyashsature/Coding/JAVA-DSA-practice/F_Bit Manipulation/BinaryToDecimal.java. Using fallback presentation compiler.
2026.04.16 14:05:41 INFO  no build target found for /Users/shreyashsature/Coding/JAVA-DSA-practice/F_Bit Manipulation/BinaryToDecimal.java. Using fallback presentation compiler.
2026.04.16 14:05:43 INFO  no build target found for /Users/shreyashsature/Coding/JAVA-DSA-practice/F_Bit Manipulation/BinaryToDecimal.java. Using fallback presentation compiler.
2026.04.16 14:05:43 INFO  no build target found for /Users/shreyashsature/Coding/JAVA-DSA-practice/F_Bit Manipulation/BinaryToDecimal.java. Using fallback presentation compiler.
2026.04.16 14:05:45 INFO  no build target found for /Users/shreyashsature/Coding/JAVA-DSA-practice/F_Bit Manipulation/BinaryToDecimal.java. Using fallback presentation compiler.
2026.04.16 14:05:45 INFO  no build target found for /Users/shreyashsature/Coding/JAVA-DSA-practice/F_Bit Manipulation/BinaryToDecimal.java. Using fallback presentation compiler.
2026.04.16 14:05:45 INFO  no build target found for /Users/shreyashsature/Coding/JAVA-DSA-practice/F_Bit Manipulation/BinaryToDecimal.java. Using fallback presentation compiler.
2026.04.16 14:05:45 WARN  Running javac-semanticdb failed for file:///Users/shreyashsature/Coding/JAVA-DSA-practice/F_Bit%20Manipulation/BinaryToDecimal.java. Output:

2026.04.16 14:05:45 INFO  no build target found for /Users/shreyashsature/Coding/JAVA-DSA-practice/F_Bit Manipulation/BinaryToDecimal.java. Using fallback presentation compiler.
2026.04.16 14:05:45 INFO  no build target found for /Users/shreyashsature/Coding/JAVA-DSA-practice/F_Bit Manipulation/BinaryToDecimal.java. Using fallback presentation compiler.
2026.04.16 14:05:45 INFO  no build target found for /Users/shreyashsature/Coding/JAVA-DSA-practice/F_Bit Manipulation/BinaryToDecimal.java. Using fallback presentation compiler.
2026.04.16 14:05:45 WARN  Running javac-semanticdb failed for file:///Users/shreyashsature/Coding/JAVA-DSA-practice/F_Bit%20Manipulation/BinaryToDecimal.java. Output:

2026.04.16 14:05:45 INFO  no build target found for /Users/shreyashsature/Coding/JAVA-DSA-practice/F_Bit Manipulation/BinaryToDecimal.java. Using fallback presentation compiler.
2026.04.16 14:05:46 INFO  no build target found for /Users/shreyashsature/Coding/JAVA-DSA-practice/F_Bit Manipulation/BinaryToDecimal.java. Using fallback presentation compiler.
2026.04.16 14:05:46 INFO  no build target found for /Users/shreyashsature/Coding/JAVA-DSA-practice/F_Bit Manipulation/BinaryToDecimal.java. Using fallback presentation compiler.
2026.04.16 14:05:46 INFO  no build target found for /Users/shreyashsature/Coding/JAVA-DSA-practice/F_Bit Manipulation/BinaryToDecimal.java. Using fallback presentation compiler.
2026.04.16 14:05:46 INFO  no build target found for /Users/shreyashsature/Coding/JAVA-DSA-practice/F_Bit Manipulation/BinaryToDecimal.java. Using fallback presentation compiler.
2026.04.16 14:05:46 WARN  Running javac-semanticdb failed for file:///Users/shreyashsature/Coding/JAVA-DSA-practice/F_Bit%20Manipulation/BinaryToDecimal.java. Output:

2026.04.16 14:05:47 INFO  no build target found for /Users/shreyashsature/Coding/JAVA-DSA-practice/F_Bit Manipulation/BinaryToDecimal.java. Using fallback presentation compiler.
2026.04.16 14:05:47 INFO  no build target found for /Users/shreyashsature/Coding/JAVA-DSA-practice/F_Bit Manipulation/BinaryToDecimal.java. Using fallback presentation compiler.
2026.04.16 14:05:47 INFO  no build target found for /Users/shreyashsature/Coding/JAVA-DSA-practice/F_Bit Manipulation/BinaryToDecimal.java. Using fallback presentation compiler.
2026.04.16 14:05:47 INFO  no build target found for /Users/shreyashsature/Coding/JAVA-DSA-practice/F_Bit Manipulation/BinaryToDecimal.java. Using fallback presentation compiler.
2026.04.16 14:05:48 WARN  Running javac-semanticdb failed for file:///Users/shreyashsature/Coding/JAVA-DSA-practice/F_Bit%20Manipulation/BinaryToDecimal.java. Output:

2026.04.16 14:05:48 INFO  no build target found for /Users/shreyashsature/Coding/JAVA-DSA-practice/F_Bit Manipulation/BinaryToDecimal.java. Using fallback presentation compiler.
2026.04.16 14:05:48 INFO  no build target found for /Users/shreyashsature/Coding/JAVA-DSA-practice/F_Bit Manipulation/BinaryToDecimal.java. Using fallback presentation compiler.
2026.04.16 14:05:48 INFO  no build target found for /Users/shreyashsature/Coding/JAVA-DSA-practice/F_Bit Manipulation/BinaryToDecimal.java. Using fallback presentation compiler.
2026.04.16 14:05:49 WARN  Running javac-semanticdb failed for file:///Users/shreyashsature/Coding/JAVA-DSA-practice/F_Bit%20Manipulation/BinaryToDecimal.java. Output:

2026.04.16 14:05:49 INFO  no build target found for /Users/shreyashsature/Coding/JAVA-DSA-practice/F_Bit Manipulation/BinaryToDecimal.java. Using fallback presentation compiler.
2026.04.16 14:05:48 INFO  no build target found for /Users/shreyashsature/Coding/JAVA-DSA-practice/F_Bit Manipulation/BinaryToDecimal.java. Using fallback presentation compiler.
2026.04.16 14:05:50 INFO  no build target found for /Users/shreyashsature/Coding/JAVA-DSA-practice/F_Bit Manipulation/BinaryToDecimal.java. Using fallback presentation compiler.
2026.04.16 14:05:50 INFO  no build target found for /Users/shreyashsature/Coding/JAVA-DSA-practice/F_Bit Manipulation/BinaryToDecimal.java. Using fallback presentation compiler.
2026.04.16 14:05:50 INFO  no build target found for /Users/shreyashsature/Coding/JAVA-DSA-practice/F_Bit Manipulation/BinaryToDecimal.java. Using fallback presentation compiler.
2026.04.16 14:05:50 INFO  no build target found for /Users/shreyashsature/Coding/JAVA-DSA-practice/F_Bit Manipulation/BinaryToDecimal.java. Using fallback presentation compiler.
2026.04.16 14:05:51 INFO  no build target found for /Users/shreyashsature/Coding/JAVA-DSA-practice/F_Bit Manipulation/BinaryToDecimal.java. Using fallback presentation compiler.
2026.04.16 14:05:51 INFO  no build target found for /Users/shreyashsature/Coding/JAVA-DSA-practice/F_Bit Manipulation/BinaryToDecimal.java. Using fallback presentation compiler.
2026.04.16 14:05:51 WARN  Running javac-semanticdb failed for file:///Users/shreyashsature/Coding/JAVA-DSA-practice/F_Bit%20Manipulation/BinaryToDecimal.java. Output:

2026.04.16 14:05:51 INFO  no build target found for /Users/shreyashsature/Coding/JAVA-DSA-practice/F_Bit Manipulation/BinaryToDecimal.java. Using fallback presentation compiler.
2026.04.16 14:05:51 INFO  no build target found for /Users/shreyashsature/Coding/JAVA-DSA-practice/F_Bit Manipulation/BinaryToDecimal.java. Using fallback presentation compiler.
2026.04.16 14:05:53 INFO  no build target found for /Users/shreyashsature/Coding/JAVA-DSA-practice/F_Bit Manipulation/BinaryToDecimal.java. Using fallback presentation compiler.
2026.04.16 14:05:54 INFO  no build target found for /Users/shreyashsature/Coding/JAVA-DSA-practice/F_Bit Manipulation/BinaryToDecimal.java. Using fallback presentation compiler.
2026.04.16 14:05:54 INFO  no build target found for /Users/shreyashsature/Coding/JAVA-DSA-practice/F_Bit Manipulation/BinaryToDecimal.java. Using fallback presentation compiler.
2026.04.16 14:05:54 WARN  Running javac-semanticdb failed for file:///Users/shreyashsature/Coding/JAVA-DSA-practice/F_Bit%20Manipulation/BinaryToDecimal.java. Output:

2026.04.16 14:05:54 INFO  no build target found for /Users/shreyashsature/Coding/JAVA-DSA-practice/F_Bit Manipulation/BinaryToDecimal.java. Using fallback presentation compiler.
2026.04.16 14:05:54 INFO  no build target found for /Users/shreyashsature/Coding/JAVA-DSA-practice/F_Bit Manipulation/BinaryToDecimal.java. Using fallback presentation compiler.
2026.04.16 14:06:12 INFO  no build target found for /Users/shreyashsature/Coding/JAVA-DSA-practice/F_Bit Manipulation/BinaryToDecimal.java. Using fallback presentation compiler.
2026.04.16 14:06:15 INFO  no build target found for /Users/shreyashsature/Coding/JAVA-DSA-practice/F_Bit Manipulation/BinaryToDecimal.java. Using fallback presentation compiler.
2026.04.16 14:06:18 INFO  no build target found for /Users/shreyashsature/Coding/JAVA-DSA-practice/F_Bit Manipulation/BinaryToDecimal.java. Using fallback presentation compiler.
2026.04.16 14:06:18 INFO  no build target found for /Users/shreyashsature/Coding/JAVA-DSA-practice/F_Bit Manipulation/BinaryToDecimal.java. Using fallback presentation compiler.
2026.04.16 14:06:18 INFO  no build target found for /Users/shreyashsature/Coding/JAVA-DSA-practice/F_Bit Manipulation/BinaryToDecimal.java. Using fallback presentation compiler.
2026.04.16 14:06:18 WARN  Running javac-semanticdb failed for file:///Users/shreyashsature/Coding/JAVA-DSA-practice/F_Bit%20Manipulation/BinaryToDecimal.java. Output:

2026.04.16 14:06:18 INFO  no build target found for /Users/shreyashsature/Coding/JAVA-DSA-practice/F_Bit Manipulation/BinaryToDecimal.java. Using fallback presentation compiler.
2026.04.16 14:06:18 INFO  no build target found for /Users/shreyashsature/Coding/JAVA-DSA-practice/F_Bit Manipulation/BinaryToDecimal.java. Using fallback presentation compiler.
2026.04.16 14:06:18 INFO  no build target found for /Users/shreyashsature/Coding/JAVA-DSA-practice/F_Bit Manipulation/BinaryToDecimal.java. Using fallback presentation compiler.
2026.04.16 14:06:18 INFO  no build target found for /Users/shreyashsature/Coding/JAVA-DSA-practice/F_Bit Manipulation/BinaryToDecimal.java. Using fallback presentation compiler.
2026.04.16 14:06:19 INFO  no build target found for /Users/shreyashsature/Coding/JAVA-DSA-practice/F_Bit Manipulation/BinaryToDecimal.java. Using fallback presentation compiler.
2026.04.16 14:06:19 INFO  no build target found for /Users/shreyashsature/Coding/JAVA-DSA-practice/F_Bit Manipulation/BinaryToDecimal.java. Using fallback presentation compiler.
2026.04.16 14:06:19 WARN  Running javac-semanticdb failed for file:///Users/shreyashsature/Coding/JAVA-DSA-practice/F_Bit%20Manipulation/BinaryToDecimal.java. Output:

2026.04.16 14:06:19 INFO  no build target found for /Users/shreyashsature/Coding/JAVA-DSA-practice/F_Bit Manipulation/BinaryToDecimal.java. Using fallback presentation compiler.
2026.04.16 14:06:20 INFO  no build target found for /Users/shreyashsature/Coding/JAVA-DSA-practice/F_Bit Manipulation/BinaryToDecimal.java. Using fallback presentation compiler.
2026.04.16 14:06:20 INFO  no build target found for /Users/shreyashsature/Coding/JAVA-DSA-practice/F_Bit Manipulation/BinaryToDecimal.java. Using fallback presentation compiler.
2026.04.16 14:06:20 INFO  no build target found for /Users/shreyashsature/Coding/JAVA-DSA-practice/F_Bit Manipulation/BinaryToDecimal.java. Using fallback presentation compiler.
2026.04.16 14:06:20 WARN  Running javac-semanticdb failed for file:///Users/shreyashsature/Coding/JAVA-DSA-practice/F_Bit%20Manipulation/BinaryToDecimal.java. Output:

2026.04.16 14:06:20 INFO  no build target found for /Users/shreyashsature/Coding/JAVA-DSA-practice/F_Bit Manipulation/BinaryToDecimal.java. Using fallback presentation compiler.
2026.04.16 14:06:21 INFO  no build target found for /Users/shreyashsature/Coding/JAVA-DSA-practice/F_Bit Manipulation/BinaryToDecimal.java. Using fallback presentation compiler.
2026.04.16 14:06:21 INFO  no build target found for /Users/shreyashsature/Coding/JAVA-DSA-practice/F_Bit Manipulation/BinaryToDecimal.java. Using fallback presentation compiler.
2026.04.16 14:06:21 INFO  no build target found for /Users/shreyashsature/Coding/JAVA-DSA-practice/F_Bit Manipulation/BinaryToDecimal.java. Using fallback presentation compiler.
2026.04.16 14:06:22 WARN  Running javac-semanticdb failed for file:///Users/shreyashsature/Coding/JAVA-DSA-practice/F_Bit%20Manipulation/BinaryToDecimal.java. Output:

2026.04.16 14:06:22 INFO  no build target found for /Users/shreyashsature/Coding/JAVA-DSA-practice/F_Bit Manipulation/BinaryToDecimal.java. Using fallback presentation compiler.
2026.04.16 14:06:21 INFO  no build target found for /Users/shreyashsature/Coding/JAVA-DSA-practice/F_Bit Manipulation/BinaryToDecimal.java. Using fallback presentation compiler.
2026.04.16 14:06:21 INFO  no build target found for /Users/shreyashsature/Coding/JAVA-DSA-practice/F_Bit Manipulation/BinaryToDecimal.java. Using fallback presentation compiler.
2026.04.16 14:06:21 INFO  no build target found for /Users/shreyashsature/Coding/JAVA-DSA-practice/F_Bit Manipulation/BinaryToDecimal.java. Using fallback presentation compiler.
2026.04.16 14:06:22 INFO  no build target found for /Users/shreyashsature/Coding/JAVA-DSA-practice/F_Bit Manipulation/BinaryToDecimal.java. Using fallback presentation compiler.
2026.04.16 14:06:22 INFO  no build target found for /Users/shreyashsature/Coding/JAVA-DSA-practice/F_Bit Manipulation/BinaryToDecimal.java. Using fallback presentation compiler.
2026.04.16 14:06:22 INFO  no build target found for /Users/shreyashsature/Coding/JAVA-DSA-practice/F_Bit Manipulation/BinaryToDecimal.java. Using fallback presentation compiler.
2026.04.16 14:06:22 WARN  Running javac-semanticdb failed for file:///Users/shreyashsature/Coding/JAVA-DSA-practice/F_Bit%20Manipulation/BinaryToDecimal.java. Output:

2026.04.16 14:06:22 INFO  no build target found for /Users/shreyashsature/Coding/JAVA-DSA-practice/F_Bit Manipulation/BinaryToDecimal.java. Using fallback presentation compiler.
2026.04.16 14:06:22 INFO  no build target found for /Users/shreyashsature/Coding/JAVA-DSA-practice/F_Bit Manipulation/BinaryToDecimal.java. Using fallback presentation compiler.
2026.04.16 14:06:22 INFO  no build target found for /Users/shreyashsature/Coding/JAVA-DSA-practice/F_Bit Manipulation/BinaryToDecimal.java. Using fallback presentation compiler.
2026.04.16 14:06:22 INFO  no build target found for /Users/shreyashsature/Coding/JAVA-DSA-practice/F_Bit Manipulation/BinaryToDecimal.java. Using fallback presentation compiler.
2026.04.16 14:06:22 INFO  no build target found for /Users/shreyashsature/Coding/JAVA-DSA-practice/F_Bit Manipulation/BinaryToDecimal.java. Using fallback presentation compiler.
2026.04.16 14:06:22 INFO  no build target found for /Users/shreyashsature/Coding/JAVA-DSA-practice/F_Bit Manipulation/BinaryToDecimal.java. Using fallback presentation compiler.
2026.04.16 14:06:22 INFO  no build target found for /Users/shreyashsature/Coding/JAVA-DSA-practice/F_Bit Manipulation/BinaryToDecimal.java. Using fallback presentation compiler.
2026.04.16 14:06:23 INFO  no build target found for /Users/shreyashsature/Coding/JAVA-DSA-practice/F_Bit Manipulation/BinaryToDecimal.java. Using fallback presentation compiler.
2026.04.16 14:06:23 INFO  no build target found for /Users/shreyashsature/Coding/JAVA-DSA-practice/F_Bit Manipulation/BinaryToDecimal.java. Using fallback presentation compiler.
2026.04.16 14:06:23 INFO  no build target found for /Users/shreyashsature/Coding/JAVA-DSA-practice/F_Bit Manipulation/BinaryToDecimal.java. Using fallback presentation compiler.
2026.04.16 14:06:23 INFO  no build target found for /Users/shreyashsature/Coding/JAVA-DSA-practice/F_Bit Manipulation/BinaryToDecimal.java. Using fallback presentation compiler.
2026.04.16 14:06:23 INFO  no build target found for /Users/shreyashsature/Coding/JAVA-DSA-practice/F_Bit Manipulation/BinaryToDecimal.java. Using fallback presentation compiler.
2026.04.16 14:06:23 INFO  no build target found for /Users/shreyashsature/Coding/JAVA-DSA-practice/F_Bit Manipulation/BinaryToDecimal.java. Using fallback presentation compiler.
2026.04.16 14:06:24 WARN  Running javac-semanticdb failed for file:///Users/shreyashsature/Coding/JAVA-DSA-practice/F_Bit%20Manipulation/BinaryToDecimal.java. Output:

2026.04.16 14:06:23 INFO  no build target found for /Users/shreyashsature/Coding/JAVA-DSA-practice/F_Bit Manipulation/BinaryToDecimal.java. Using fallback presentation compiler.
2026.04.16 14:06:25 INFO  no build target found for /Users/shreyashsature/Coding/JAVA-DSA-practice/F_Bit Manipulation/BinaryToDecimal.java. Using fallback presentation compiler.
2026.04.16 14:06:25 INFO  no build target found for /Users/shreyashsature/Coding/JAVA-DSA-practice/F_Bit Manipulation/BinaryToDecimal.java. Using fallback presentation compiler.
2026.04.16 14:06:25 WARN  Running javac-semanticdb failed for file:///Users/shreyashsature/Coding/JAVA-DSA-practice/F_Bit%20Manipulation/BinaryToDecimal.java. Output:

2026.04.16 14:06:25 INFO  no build target found for /Users/shreyashsature/Coding/JAVA-DSA-practice/F_Bit Manipulation/BinaryToDecimal.java. Using fallback presentation compiler.
2026.04.16 14:06:25 INFO  no build target found for /Users/shreyashsature/Coding/JAVA-DSA-practice/F_Bit Manipulation/BinaryToDecimal.java. Using fallback presentation compiler.
2026.04.16 14:06:25 INFO  no build target found for /Users/shreyashsature/Coding/JAVA-DSA-practice/F_Bit Manipulation/BinaryToDecimal.java. Using fallback presentation compiler.
2026.04.16 14:06:25 INFO  no build target found for /Users/shreyashsature/Coding/JAVA-DSA-practice/F_Bit Manipulation/BinaryToDecimal.java. Using fallback presentation compiler.
2026.04.16 14:06:25 WARN  Running javac-semanticdb failed for file:///Users/shreyashsature/Coding/JAVA-DSA-practice/F_Bit%20Manipulation/BinaryToDecimal.java. Output:

2026.04.16 14:06:26 INFO  no build target found for /Users/shreyashsature/Coding/JAVA-DSA-practice/F_Bit Manipulation/BinaryToDecimal.java. Using fallback presentation compiler.
2026.04.16 14:06:26 INFO  no build target found for /Users/shreyashsature/Coding/JAVA-DSA-practice/F_Bit Manipulation/BinaryToDecimal.java. Using fallback presentation compiler.
2026.04.16 14:06:26 INFO  no build target found for /Users/shreyashsature/Coding/JAVA-DSA-practice/F_Bit Manipulation/BinaryToDecimal.java. Using fallback presentation compiler.
2026.04.16 14:06:26 WARN  Running javac-semanticdb failed for file:///Users/shreyashsature/Coding/JAVA-DSA-practice/F_Bit%20Manipulation/BinaryToDecimal.java. Output:

2026.04.16 14:06:26 INFO  no build target found for /Users/shreyashsature/Coding/JAVA-DSA-practice/F_Bit Manipulation/BinaryToDecimal.java. Using fallback presentation compiler.
2026.04.16 14:06:26 INFO  no build target found for /Users/shreyashsature/Coding/JAVA-DSA-practice/F_Bit Manipulation/BinaryToDecimal.java. Using fallback presentation compiler.
2026.04.16 14:06:27 INFO  no build target found for /Users/shreyashsature/Coding/JAVA-DSA-practice/F_Bit Manipulation/BinaryToDecimal.java. Using fallback presentation compiler.
2026.04.16 14:06:27 INFO  no build target found for /Users/shreyashsature/Coding/JAVA-DSA-practice/F_Bit Manipulation/BinaryToDecimal.java. Using fallback presentation compiler.
2026.04.16 14:06:29 INFO  no build target found for /Users/shreyashsature/Coding/JAVA-DSA-practice/F_Bit Manipulation/BinaryToDecimal.java. Using fallback presentation compiler.
2026.04.16 14:06:29 INFO  no build target found for /Users/shreyashsature/Coding/JAVA-DSA-practice/F_Bit Manipulation/BinaryToDecimal.java. Using fallback presentation compiler.
2026.04.16 14:06:29 INFO  no build target found for /Users/shreyashsature/Coding/JAVA-DSA-practice/F_Bit Manipulation/BinaryToDecimal.java. Using fallback presentation compiler.
2026.04.16 14:06:29 INFO  no build target found for /Users/shreyashsature/Coding/JAVA-DSA-practice/F_Bit Manipulation/BinaryToDecimal.java. Using fallback presentation compiler.
2026.04.16 14:06:30 WARN  Running javac-semanticdb failed for file:///Users/shreyashsature/Coding/JAVA-DSA-practice/F_Bit%20Manipulation/BinaryToDecimal.java. Output:

2026.04.16 14:06:29 INFO  no build target found for /Users/shreyashsature/Coding/JAVA-DSA-practice/F_Bit Manipulation/BinaryToDecimal.java. Using fallback presentation compiler.
2026.04.16 14:06:30 INFO  no build target found for /Users/shreyashsature/Coding/JAVA-DSA-practice/F_Bit Manipulation/BinaryToDecimal.java. Using fallback presentation compiler.
2026.04.16 14:06:30 INFO  no build target found for /Users/shreyashsature/Coding/JAVA-DSA-practice/F_Bit Manipulation/BinaryToDecimal.java. Using fallback presentation compiler.
2026.04.16 14:06:30 WARN  Running javac-semanticdb failed for file:///Users/shreyashsature/Coding/JAVA-DSA-practice/F_Bit%20Manipulation/BinaryToDecimal.java. Output:

2026.04.16 14:06:30 INFO  no build target found for /Users/shreyashsature/Coding/JAVA-DSA-practice/F_Bit Manipulation/BinaryToDecimal.java. Using fallback presentation compiler.
2026.04.16 14:06:41 INFO  no build target found for /Users/shreyashsature/Coding/JAVA-DSA-practice/F_Bit Manipulation/BinaryToDecimal.java. Using fallback presentation compiler.
2026.04.16 14:06:41 INFO  no build target found for /Users/shreyashsature/Coding/JAVA-DSA-practice/F_Bit Manipulation/BinaryToDecimal.java. Using fallback presentation compiler.
2026.04.16 14:06:42 INFO  no build target found for /Users/shreyashsature/Coding/JAVA-DSA-practice/F_Bit Manipulation/BinaryToDecimal.java. Using fallback presentation compiler.
2026.04.16 14:06:42 INFO  no build target found for /Users/shreyashsature/Coding/JAVA-DSA-practice/F_Bit Manipulation/BinaryToDecimal.java. Using fallback presentation compiler.
2026.04.16 14:06:42 INFO  no build target found for /Users/shreyashsature/Coding/JAVA-DSA-practice/F_Bit Manipulation/BinaryToDecimal.java. Using fallback presentation compiler.
2026.04.16 14:06:43 INFO  no build target found for /Users/shreyashsature/Coding/JAVA-DSA-practice/F_Bit Manipulation/BinaryToDecimal.java. Using fallback presentation compiler.
2026.04.16 14:06:43 INFO  no build target found for /Users/shreyashsature/Coding/JAVA-DSA-practice/F_Bit Manipulation/BinaryToDecimal.java. Using fallback presentation compiler.
2026.04.16 14:06:43 INFO  no build target found for /Users/shreyashsature/Coding/JAVA-DSA-practice/F_Bit Manipulation/BinaryToDecimal.java. Using fallback presentation compiler.
2026.04.16 14:06:43 INFO  no build target found for /Users/shreyashsature/Coding/JAVA-DSA-practice/F_Bit Manipulation/BinaryToDecimal.java. Using fallback presentation compiler.
2026.04.16 14:06:43 INFO  no build target found for /Users/shreyashsature/Coding/JAVA-DSA-practice/F_Bit Manipulation/BinaryToDecimal.java. Using fallback presentation compiler.
2026.04.16 14:06:44 WARN  Running javac-semanticdb failed for file:///Users/shreyashsature/Coding/JAVA-DSA-practice/F_Bit%20Manipulation/BinaryToDecimal.java. Output:

2026.04.16 14:06:43 INFO  no build target found for /Users/shreyashsature/Coding/JAVA-DSA-practice/F_Bit Manipulation/BinaryToDecimal.java. Using fallback presentation compiler.
2026.04.16 14:06:44 INFO  no build target found for /Users/shreyashsature/Coding/JAVA-DSA-practice/F_Bit Manipulation/BinaryToDecimal.java. Using fallback presentation compiler.
2026.04.16 14:06:43 INFO  no build target found for /Users/shreyashsature/Coding/JAVA-DSA-practice/F_Bit Manipulation/BinaryToDecimal.java. Using fallback presentation compiler.
2026.04.16 14:06:44 WARN  Running javac-semanticdb failed for file:///Users/shreyashsature/Coding/JAVA-DSA-practice/F_Bit%20Manipulation/BinaryToDecimal.java. Output:

2026.04.16 14:06:45 INFO  no build target found for /Users/shreyashsature/Coding/JAVA-DSA-practice/F_Bit Manipulation/BinaryToDecimal.java. Using fallback presentation compiler.
2026.04.16 14:06:45 INFO  no build target found for /Users/shreyashsature/Coding/JAVA-DSA-practice/F_Bit Manipulation/BinaryToDecimal.java. Using fallback presentation compiler.
2026.04.16 14:06:45 INFO  no build target found for /Users/shreyashsature/Coding/JAVA-DSA-practice/F_Bit Manipulation/BinaryToDecimal.java. Using fallback presentation compiler.
2026.04.16 14:06:45 INFO  no build target found for /Users/shreyashsature/Coding/JAVA-DSA-practice/F_Bit Manipulation/BinaryToDecimal.java. Using fallback presentation compiler.
2026.04.16 14:06:44 INFO  no build target found for /Users/shreyashsature/Coding/JAVA-DSA-practice/F_Bit Manipulation/BinaryToDecimal.java. Using fallback presentation compiler.
2026.04.16 14:06:45 WARN  Running javac-semanticdb failed for file:///Users/shreyashsature/Coding/JAVA-DSA-practice/F_Bit%20Manipulation/BinaryToDecimal.java. Output:

2026.04.16 14:06:45 INFO  no build target found for /Users/shreyashsature/Coding/JAVA-DSA-practice/F_Bit Manipulation/BinaryToDecimal.java. Using fallback presentation compiler.
2026.04.16 14:06:45 INFO  no build target found for /Users/shreyashsature/Coding/JAVA-DSA-practice/F_Bit Manipulation/BinaryToDecimal.java. Using fallback presentation compiler.
2026.04.16 14:06:45 WARN  Running javac-semanticdb failed for file:///Users/shreyashsature/Coding/JAVA-DSA-practice/F_Bit%20Manipulation/BinaryToDecimal.java. Output:

2026.04.16 14:06:45 INFO  no build target found for /Users/shreyashsature/Coding/JAVA-DSA-practice/F_Bit Manipulation/BinaryToDecimal.java. Using fallback presentation compiler.
2026.04.16 14:06:45 INFO  no build target found for /Users/shreyashsature/Coding/JAVA-DSA-practice/F_Bit Manipulation/BinaryToDecimal.java. Using fallback presentation compiler.
2026.04.16 14:06:46 INFO  no build target found for /Users/shreyashsature/Coding/JAVA-DSA-practice/F_Bit Manipulation/BinaryToDecimal.java. Using fallback presentation compiler.
2026.04.16 14:06:46 WARN  Running javac-semanticdb failed for file:///Users/shreyashsature/Coding/JAVA-DSA-practice/F_Bit%20Manipulation/BinaryToDecimal.java. Output:

2026.04.16 14:06:46 INFO  no build target found for /Users/shreyashsature/Coding/JAVA-DSA-practice/F_Bit Manipulation/BinaryToDecimal.java. Using fallback presentation compiler.
2026.04.16 14:06:46 INFO  no build target found for /Users/shreyashsature/Coding/JAVA-DSA-practice/F_Bit Manipulation/BinaryToDecimal.java. Using fallback presentation compiler.
2026.04.16 14:06:59 INFO  no build target found for /Users/shreyashsature/Coding/JAVA-DSA-practice/F_Bit Manipulation/BinaryToDecimal.java. Using fallback presentation compiler.
2026.04.16 14:08:43 INFO  no build target found for /Users/shreyashsature/Coding/JAVA-DSA-practice/F_Bit Manipulation/BinaryToDecimal.java. Using fallback presentation compiler.
2026.04.16 14:08:45 INFO  no build target found for /Users/shreyashsature/Coding/JAVA-DSA-practice/F_Bit Manipulation/BinaryToDecimal.java. Using fallback presentation compiler.
2026.04.16 14:08:48 INFO  no build target found for /Users/shreyashsature/Coding/JAVA-DSA-practice/F_Bit Manipulation/BinaryToDecimal.java. Using fallback presentation compiler.
2026.04.16 14:08:50 INFO  no build target found for /Users/shreyashsature/Coding/JAVA-DSA-practice/F_Bit Manipulation/BinaryToDecimal.java. Using fallback presentation compiler.
2026.04.16 14:08:51 INFO  no build target found for /Users/shreyashsature/Coding/JAVA-DSA-practice/F_Bit Manipulation/BinaryToDecimal.java. Using fallback presentation compiler.
2026.04.16 14:08:51 INFO  no build target found for /Users/shreyashsature/Coding/JAVA-DSA-practice/F_Bit Manipulation/BinaryToDecimal.java. Using fallback presentation compiler.
2026.04.16 14:08:51 INFO  no build target found for /Users/shreyashsature/Coding/JAVA-DSA-practice/F_Bit Manipulation/BinaryToDecimal.java. Using fallback presentation compiler.
2026.04.16 14:08:54 INFO  no build target found for /Users/shreyashsature/Coding/JAVA-DSA-practice/F_Bit Manipulation/BinaryToDecimal.java. Using fallback presentation compiler.
2026.04.16 14:08:54 INFO  no build target found for /Users/shreyashsature/Coding/JAVA-DSA-practice/F_Bit Manipulation/BinaryToDecimal.java. Using fallback presentation compiler.
2026.04.16 14:08:54 WARN  Running javac-semanticdb failed for file:///Users/shreyashsature/Coding/JAVA-DSA-practice/F_Bit%20Manipulation/BinaryToDecimal.java. Output:

2026.04.16 14:08:54 INFO  no build target found for /Users/shreyashsature/Coding/JAVA-DSA-practice/F_Bit Manipulation/BinaryToDecimal.java. Using fallback presentation compiler.
2026.04.16 14:08:54 INFO  no build target found for /Users/shreyashsature/Coding/JAVA-DSA-practice/F_Bit Manipulation/BinaryToDecimal.java. Using fallback presentation compiler.
2026.04.16 14:08:55 INFO  no build target found for /Users/shreyashsature/Coding/JAVA-DSA-practice/F_Bit Manipulation/BinaryToDecimal.java. Using fallback presentation compiler.
2026.04.16 14:08:55 INFO  no build target found for /Users/shreyashsature/Coding/JAVA-DSA-practice/F_Bit Manipulation/BinaryToDecimal.java. Using fallback presentation compiler.
2026.04.16 14:08:55 WARN  Running javac-semanticdb failed for file:///Users/shreyashsature/Coding/JAVA-DSA-practice/F_Bit%20Manipulation/BinaryToDecimal.java. Output:

2026.04.16 14:08:55 INFO  no build target found for /Users/shreyashsature/Coding/JAVA-DSA-practice/F_Bit Manipulation/BinaryToDecimal.java. Using fallback presentation compiler.
2026.04.16 14:08:55 INFO  no build target found for /Users/shreyashsature/Coding/JAVA-DSA-practice/F_Bit Manipulation/BinaryToDecimal.java. Using fallback presentation compiler.
2026.04.16 14:08:56 INFO  no build target found for /Users/shreyashsature/Coding/JAVA-DSA-practice/F_Bit Manipulation/BinaryToDecimal.java. Using fallback presentation compiler.
2026.04.16 14:08:55 INFO  no build target found for /Users/shreyashsature/Coding/JAVA-DSA-practice/F_Bit Manipulation/BinaryToDecimal.java. Using fallback presentation compiler.
2026.04.16 14:08:56 INFO  no build target found for /Users/shreyashsature/Coding/JAVA-DSA-practice/F_Bit Manipulation/BinaryToDecimal.java. Using fallback presentation compiler.
2026.04.16 14:08:56 WARN  Running javac-semanticdb failed for file:///Users/shreyashsature/Coding/JAVA-DSA-practice/F_Bit%20Manipulation/BinaryToDecimal.java. Output:

2026.04.16 14:08:56 INFO  no build target found for /Users/shreyashsature/Coding/JAVA-DSA-practice/F_Bit Manipulation/BinaryToDecimal.java. Using fallback presentation compiler.
2026.04.16 14:08:56 INFO  no build target found for /Users/shreyashsature/Coding/JAVA-DSA-practice/F_Bit Manipulation/BinaryToDecimal.java. Using fallback presentation compiler.
2026.04.16 14:08:58 INFO  no build target found for /Users/shreyashsature/Coding/JAVA-DSA-practice/F_Bit Manipulation/BinaryToDecimal.java. Using fallback presentation compiler.
2026.04.16 14:08:58 INFO  no build target found for /Users/shreyashsature/Coding/JAVA-DSA-practice/F_Bit Manipulation/BinaryToDecimal.java. Using fallback presentation compiler.
2026.04.16 14:08:58 INFO  no build target found for /Users/shreyashsature/Coding/JAVA-DSA-practice/F_Bit Manipulation/BinaryToDecimal.java. Using fallback presentation compiler.
2026.04.16 14:09:00 INFO  no build target found for /Users/shreyashsature/Coding/JAVA-DSA-practice/F_Bit Manipulation/BinaryToDecimal.java. Using fallback presentation compiler.
2026.04.16 14:09:00 INFO  no build target found for /Users/shreyashsature/Coding/JAVA-DSA-practice/F_Bit Manipulation/BinaryToDecimal.java. Using fallback presentation compiler.
2026.04.16 14:09:00 INFO  no build target found for /Users/shreyashsature/Coding/JAVA-DSA-practice/F_Bit Manipulation/BinaryToDecimal.java. Using fallback presentation compiler.
2026.04.16 14:09:00 INFO  no build target found for /Users/shreyashsature/Coding/JAVA-DSA-practice/F_Bit Manipulation/BinaryToDecimal.java. Using fallback presentation compiler.
2026.04.16 14:09:00 INFO  no build target found for /Users/shreyashsature/Coding/JAVA-DSA-practice/F_Bit Manipulation/BinaryToDecimal.java. Using fallback presentation compiler.
2026.04.16 14:09:00 INFO  no build target found for /Users/shreyashsature/Coding/JAVA-DSA-practice/F_Bit Manipulation/BinaryToDecimal.java. Using fallback presentation compiler.
2026.04.16 14:09:01 WARN  Running javac-semanticdb failed for file:///Users/shreyashsature/Coding/JAVA-DSA-practice/F_Bit%20Manipulation/BinaryToDecimal.java. Output:

2026.04.16 14:09:01 INFO  no build target found for /Users/shreyashsature/Coding/JAVA-DSA-practice/F_Bit Manipulation/BinaryToDecimal.java. Using fallback presentation compiler.
2026.04.16 14:09:01 INFO  no build target found for /Users/shreyashsature/Coding/JAVA-DSA-practice/F_Bit Manipulation/BinaryToDecimal.java. Using fallback presentation compiler.
2026.04.16 14:09:01 WARN  Running javac-semanticdb failed for file:///Users/shreyashsature/Coding/JAVA-DSA-practice/F_Bit%20Manipulation/BinaryToDecimal.java. Output:

2026.04.16 14:09:01 INFO  no build target found for /Users/shreyashsature/Coding/JAVA-DSA-practice/F_Bit Manipulation/BinaryToDecimal.java. Using fallback presentation compiler.
2026.04.16 14:09:01 INFO  no build target found for /Users/shreyashsature/Coding/JAVA-DSA-practice/F_Bit Manipulation/BinaryToDecimal.java. Using fallback presentation compiler.
2026.04.16 14:09:02 INFO  no build target found for /Users/shreyashsature/Coding/JAVA-DSA-practice/F_Bit Manipulation/BinaryToDecimal.java. Using fallback presentation compiler.
2026.04.16 14:09:02 INFO  no build target found for /Users/shreyashsature/Coding/JAVA-DSA-practice/F_Bit Manipulation/BinaryToDecimal.java. Using fallback presentation compiler.
2026.04.16 14:09:02 INFO  no build target found for /Users/shreyashsature/Coding/JAVA-DSA-practice/F_Bit Manipulation/BinaryToDecimal.java. Using fallback presentation compiler.
2026.04.16 14:09:02 INFO  no build target found for /Users/shreyashsature/Coding/JAVA-DSA-practice/F_Bit Manipulation/BinaryToDecimal.java. Using fallback presentation compiler.
2026.04.16 14:09:02 INFO  no build target found for /Users/shreyashsature/Coding/JAVA-DSA-practice/F_Bit Manipulation/BinaryToDecimal.java. Using fallback presentation compiler.
2026.04.16 14:09:02 WARN  Running javac-semanticdb failed for file:///Users/shreyashsature/Coding/JAVA-DSA-practice/F_Bit%20Manipulation/BinaryToDecimal.java. Output:

2026.04.16 14:09:02 INFO  no build target found for /Users/shreyashsature/Coding/JAVA-DSA-practice/F_Bit Manipulation/BinaryToDecimal.java. Using fallback presentation compiler.
2026.04.16 14:09:03 INFO  no build target found for /Users/shreyashsature/Coding/JAVA-DSA-practice/F_Bit Manipulation/BinaryToDecimal.java. Using fallback presentation compiler.
2026.04.16 14:09:03 INFO  no build target found for /Users/shreyashsature/Coding/JAVA-DSA-practice/F_Bit Manipulation/BinaryToDecimal.java. Using fallback presentation compiler.
2026.04.16 14:09:02 WARN  Running javac-semanticdb failed for file:///Users/shreyashsature/Coding/JAVA-DSA-practice/F_Bit%20Manipulation/BinaryToDecimal.java. Output:

2026.04.16 14:09:03 INFO  no build target found for /Users/shreyashsature/Coding/JAVA-DSA-practice/F_Bit Manipulation/BinaryToDecimal.java. Using fallback presentation compiler.
2026.04.16 14:09:03 INFO  no build target found for /Users/shreyashsature/Coding/JAVA-DSA-practice/F_Bit Manipulation/BinaryToDecimal.java. Using fallback presentation compiler.
2026.04.16 14:09:05 INFO  no build target found for /Users/shreyashsature/Coding/JAVA-DSA-practice/F_Bit Manipulation/BinaryToDecimal.java. Using fallback presentation compiler.
2026.04.16 14:09:05 INFO  no build target found for /Users/shreyashsature/Coding/JAVA-DSA-practice/F_Bit Manipulation/BinaryToDecimal.java. Using fallback presentation compiler.
2026.04.16 14:09:05 INFO  no build target found for /Users/shreyashsature/Coding/JAVA-DSA-practice/F_Bit Manipulation/BinaryToDecimal.java. Using fallback presentation compiler.
2026.04.16 14:09:05 INFO  no build target found for /Users/shreyashsature/Coding/JAVA-DSA-practice/F_Bit Manipulation/BinaryToDecimal.java. Using fallback presentation compiler.
2026.04.16 14:09:05 INFO  no build target found for /Users/shreyashsature/Coding/JAVA-DSA-practice/F_Bit Manipulation/BinaryToDecimal.java. Using fallback presentation compiler.
2026.04.16 14:09:05 INFO  no build target found for /Users/shreyashsature/Coding/JAVA-DSA-practice/F_Bit Manipulation/BinaryToDecimal.java. Using fallback presentation compiler.
2026.04.16 14:09:05 INFO  no build target found for /Users/shreyashsature/Coding/JAVA-DSA-practice/F_Bit Manipulation/BinaryToDecimal.java. Using fallback presentation compiler.
2026.04.16 14:09:05 WARN  Running javac-semanticdb failed for file:///Users/shreyashsature/Coding/JAVA-DSA-practice/F_Bit%20Manipulation/BinaryToDecimal.java. Output:

2026.04.16 14:09:06 INFO  no build target found for /Users/shreyashsature/Coding/JAVA-DSA-practice/F_Bit Manipulation/BinaryToDecimal.java. Using fallback presentation compiler.
2026.04.16 14:09:06 INFO  no build target found for /Users/shreyashsature/Coding/JAVA-DSA-practice/F_Bit Manipulation/BinaryToDecimal.java. Using fallback presentation compiler.
2026.04.16 14:09:06 INFO  no build target found for /Users/shreyashsature/Coding/JAVA-DSA-practice/F_Bit Manipulation/BinaryToDecimal.java. Using fallback presentation compiler.
2026.04.16 14:09:06 INFO  no build target found for /Users/shreyashsature/Coding/JAVA-DSA-practice/F_Bit Manipulation/BinaryToDecimal.java. Using fallback presentation compiler.
2026.04.16 14:09:06 WARN  Running javac-semanticdb failed for file:///Users/shreyashsature/Coding/JAVA-DSA-practice/F_Bit%20Manipulation/BinaryToDecimal.java. Output:

2026.04.16 14:09:06 INFO  no build target found for /Users/shreyashsature/Coding/JAVA-DSA-practice/F_Bit Manipulation/BinaryToDecimal.java. Using fallback presentation compiler.
2026.04.16 14:09:06 INFO  no build target found for /Users/shreyashsature/Coding/JAVA-DSA-practice/F_Bit Manipulation/BinaryToDecimal.java. Using fallback presentation compiler.
2026.04.16 14:09:06 INFO  no build target found for /Users/shreyashsature/Coding/JAVA-DSA-practice/F_Bit Manipulation/BinaryToDecimal.java. Using fallback presentation compiler.
2026.04.16 14:09:07 INFO  no build target found for /Users/shreyashsature/Coding/JAVA-DSA-practice/F_Bit Manipulation/BinaryToDecimal.java. Using fallback presentation compiler.
2026.04.16 14:09:06 INFO  no build target found for /Users/shreyashsature/Coding/JAVA-DSA-practice/F_Bit Manipulation/BinaryToDecimal.java. Using fallback presentation compiler.
2026.04.16 14:09:07 INFO  no build target found for /Users/shreyashsature/Coding/JAVA-DSA-practice/F_Bit Manipulation/BinaryToDecimal.java. Using fallback presentation compiler.
2026.04.16 14:09:07 INFO  no build target found for /Users/shreyashsature/Coding/JAVA-DSA-practice/F_Bit Manipulation/BinaryToDecimal.java. Using fallback presentation compiler.
2026.04.16 14:09:07 WARN  Running javac-semanticdb failed for file:///Users/shreyashsature/Coding/JAVA-DSA-practice/F_Bit%20Manipulation/BinaryToDecimal.java. Output:

2026.04.16 14:09:06 INFO  no build target found for /Users/shreyashsature/Coding/JAVA-DSA-practice/F_Bit Manipulation/BinaryToDecimal.java. Using fallback presentation compiler.
2026.04.16 14:09:07 INFO  no build target found for /Users/shreyashsature/Coding/JAVA-DSA-practice/F_Bit Manipulation/BinaryToDecimal.java. Using fallback presentation compiler.
2026.04.16 14:09:08 INFO  no build target found for /Users/shreyashsature/Coding/JAVA-DSA-practice/F_Bit Manipulation/BinaryToDecimal.java. Using fallback presentation compiler.
2026.04.16 14:09:08 INFO  no build target found for /Users/shreyashsature/Coding/JAVA-DSA-practice/F_Bit Manipulation/BinaryToDecimal.java. Using fallback presentation compiler.
2026.04.16 14:09:08 INFO  no build target found for /Users/shreyashsature/Coding/JAVA-DSA-practice/F_Bit Manipulation/BinaryToDecimal.java. Using fallback presentation compiler.
2026.04.16 14:09:08 WARN  Running javac-semanticdb failed for file:///Users/shreyashsature/Coding/JAVA-DSA-practice/F_Bit%20Manipulation/BinaryToDecimal.java. Output:

2026.04.16 14:09:08 INFO  no build target found for /Users/shreyashsature/Coding/JAVA-DSA-practice/F_Bit Manipulation/BinaryToDecimal.java. Using fallback presentation compiler.
2026.04.16 14:09:08 INFO  no build target found for /Users/shreyashsature/Coding/JAVA-DSA-practice/F_Bit Manipulation/BinaryToDecimal.java. Using fallback presentation compiler.
2026.04.16 14:09:08 WARN  Running javac-semanticdb failed for file:///Users/shreyashsature/Coding/JAVA-DSA-practice/F_Bit%20Manipulation/BinaryToDecimal.java. Output:

2026.04.16 14:09:09 INFO  no build target found for /Users/shreyashsature/Coding/JAVA-DSA-practice/F_Bit Manipulation/BinaryToDecimal.java. Using fallback presentation compiler.
2026.04.16 14:09:09 INFO  no build target found for /Users/shreyashsature/Coding/JAVA-DSA-practice/F_Bit Manipulation/BinaryToDecimal.java. Using fallback presentation compiler.
2026.04.16 14:09:09 INFO  no build target found for /Users/shreyashsature/Coding/JAVA-DSA-practice/F_Bit Manipulation/BinaryToDecimal.java. Using fallback presentation compiler.
2026.04.16 14:09:09 INFO  no build target found for /Users/shreyashsature/Coding/JAVA-DSA-practice/F_Bit Manipulation/BinaryToDecimal.java. Using fallback presentation compiler.
2026.04.16 14:09:09 WARN  Running javac-semanticdb failed for file:///Users/shreyashsature/Coding/JAVA-DSA-practice/F_Bit%20Manipulation/BinaryToDecimal.java. Output:

2026.04.16 14:09:09 INFO  no build target found for /Users/shreyashsature/Coding/JAVA-DSA-practice/F_Bit Manipulation/BinaryToDecimal.java. Using fallback presentation compiler.
2026.04.16 14:09:10 INFO  no build target found for /Users/shreyashsature/Coding/JAVA-DSA-practice/F_Bit Manipulation/BinaryToDecimal.java. Using fallback presentation compiler.
2026.04.16 14:09:10 INFO  no build target found for /Users/shreyashsature/Coding/JAVA-DSA-practice/F_Bit Manipulation/BinaryToDecimal.java. Using fallback presentation compiler.
2026.04.16 14:09:10 WARN  Running javac-semanticdb failed for file:///Users/shreyashsature/Coding/JAVA-DSA-practice/F_Bit%20Manipulation/BinaryToDecimal.java. Output:

2026.04.16 14:09:10 INFO  no build target found for /Users/shreyashsature/Coding/JAVA-DSA-practice/F_Bit Manipulation/BinaryToDecimal.java. Using fallback presentation compiler.
2026.04.16 14:09:10 INFO  no build target found for /Users/shreyashsature/Coding/JAVA-DSA-practice/F_Bit Manipulation/BinaryToDecimal.java. Using fallback presentation compiler.
2026.04.16 14:09:10 INFO  no build target found for /Users/shreyashsature/Coding/JAVA-DSA-practice/F_Bit Manipulation/BinaryToDecimal.java. Using fallback presentation compiler.
2026.04.16 14:09:11 WARN  Running javac-semanticdb failed for file:///Users/shreyashsature/Coding/JAVA-DSA-practice/F_Bit%20Manipulation/BinaryToDecimal.java. Output:

2026.04.16 14:09:10 INFO  no build target found for /Users/shreyashsature/Coding/JAVA-DSA-practice/F_Bit Manipulation/BinaryToDecimal.java. Using fallback presentation compiler.
2026.04.16 14:09:12 INFO  no build target found for /Users/shreyashsature/Coding/JAVA-DSA-practice/F_Bit Manipulation/BinaryToDecimal.java. Using fallback presentation compiler.
2026.04.16 14:09:12 INFO  no build target found for /Users/shreyashsature/Coding/JAVA-DSA-practice/F_Bit Manipulation/BinaryToDecimal.java. Using fallback presentation compiler.
2026.04.16 14:09:12 INFO  no build target found for /Users/shreyashsature/Coding/JAVA-DSA-practice/F_Bit Manipulation/BinaryToDecimal.java. Using fallback presentation compiler.
2026.04.16 14:09:12 WARN  Running javac-semanticdb failed for file:///Users/shreyashsature/Coding/JAVA-DSA-practice/F_Bit%20Manipulation/BinaryToDecimal.java. Output:

2026.04.16 14:09:12 INFO  no build target found for /Users/shreyashsature/Coding/JAVA-DSA-practice/F_Bit Manipulation/BinaryToDecimal.java. Using fallback presentation compiler.
2026.04.16 14:09:18 INFO  no build target found for /Users/shreyashsature/Coding/JAVA-DSA-practice/F_Bit Manipulation/BinaryToDecimal.java. Using fallback presentation compiler.
2026.04.16 14:09:18 INFO  no build target found for /Users/shreyashsature/Coding/JAVA-DSA-practice/F_Bit Manipulation/BinaryToDecimal.java. Using fallback presentation compiler.
2026.04.16 14:09:18 INFO  no build target found for /Users/shreyashsature/Coding/JAVA-DSA-practice/F_Bit Manipulation/BinaryToDecimal.java. Using fallback presentation compiler.
2026.04.16 14:09:18 INFO  no build target found for /Users/shreyashsature/Coding/JAVA-DSA-practice/F_Bit Manipulation/BinaryToDecimal.java. Using fallback presentation compiler.
2026.04.16 14:09:18 INFO  no build target found for /Users/shreyashsature/Coding/JAVA-DSA-practice/F_Bit Manipulation/BinaryToDecimal.java. Using fallback presentation compiler.
2026.04.16 14:09:18 INFO  no build target found for /Users/shreyashsature/Coding/JAVA-DSA-practice/F_Bit Manipulation/BinaryToDecimal.java. Using fallback presentation compiler.
2026.04.16 14:09:18 INFO  no build target found for /Users/shreyashsature/Coding/JAVA-DSA-practice/F_Bit Manipulation/BinaryToDecimal.java. Using fallback presentation compiler.
2026.04.16 14:09:18 WARN  Running javac-semanticdb failed for file:///Users/shreyashsature/Coding/JAVA-DSA-practice/F_Bit%20Manipulation/BinaryToDecimal.java. Output:

2026.04.16 14:09:19 INFO  no build target found for /Users/shreyashsature/Coding/JAVA-DSA-practice/F_Bit Manipulation/BinaryToDecimal.java. Using fallback presentation compiler.
2026.04.16 14:09:19 INFO  no build target found for /Users/shreyashsature/Coding/JAVA-DSA-practice/F_Bit Manipulation/BinaryToDecimal.java. Using fallback presentation compiler.
2026.04.16 14:09:19 WARN  Running javac-semanticdb failed for file:///Users/shreyashsature/Coding/JAVA-DSA-practice/F_Bit%20Manipulation/BinaryToDecimal.java. Output:

2026.04.16 14:09:19 INFO  no build target found for /Users/shreyashsature/Coding/JAVA-DSA-practice/F_Bit Manipulation/BinaryToDecimal.java. Using fallback presentation compiler.
2026.04.16 14:09:19 INFO  no build target found for /Users/shreyashsature/Coding/JAVA-DSA-practice/F_Bit Manipulation/BinaryToDecimal.java. Using fallback presentation compiler.
2026.04.16 14:09:19 INFO  no build target found for /Users/shreyashsature/Coding/JAVA-DSA-practice/F_Bit Manipulation/BinaryToDecimal.java. Using fallback presentation compiler.
2026.04.16 14:09:20 INFO  no build target found for /Users/shreyashsature/Coding/JAVA-DSA-practice/F_Bit Manipulation/BinaryToDecimal.java. Using fallback presentation compiler.
2026.04.16 14:09:20 INFO  no build target found for /Users/shreyashsature/Coding/JAVA-DSA-practice/F_Bit Manipulation/BinaryToDecimal.java. Using fallback presentation compiler.
2026.04.16 14:09:20 WARN  Running javac-semanticdb failed for file:///Users/shreyashsature/Coding/JAVA-DSA-practice/F_Bit%20Manipulation/BinaryToDecimal.java. Output:

2026.04.16 14:09:20 INFO  no build target found for /Users/shreyashsature/Coding/JAVA-DSA-practice/F_Bit Manipulation/BinaryToDecimal.java. Using fallback presentation compiler.
2026.04.16 14:09:23 INFO  no build target found for /Users/shreyashsature/Coding/JAVA-DSA-practice/F_Bit Manipulation/BinaryToDecimal.java. Using fallback presentation compiler.
2026.04.16 14:09:23 INFO  no build target found for /Users/shreyashsature/Coding/JAVA-DSA-practice/F_Bit Manipulation/BinaryToDecimal.java. Using fallback presentation compiler.
2026.04.16 14:09:23 INFO  no build target found for /Users/shreyashsature/Coding/JAVA-DSA-practice/F_Bit Manipulation/BinaryToDecimal.java. Using fallback presentation compiler.
2026.04.16 14:09:23 INFO  no build target found for /Users/shreyashsature/Coding/JAVA-DSA-practice/F_Bit Manipulation/BinaryToDecimal.java. Using fallback presentation compiler.
2026.04.16 14:09:23 INFO  no build target found for /Users/shreyashsature/Coding/JAVA-DSA-practice/F_Bit Manipulation/BinaryToDecimal.java. Using fallback presentation compiler.
2026.04.16 14:09:23 INFO  no build target found for /Users/shreyashsature/Coding/JAVA-DSA-practice/F_Bit Manipulation/BinaryToDecimal.java. Using fallback presentation compiler.
2026.04.16 14:09:24 WARN  Running javac-semanticdb failed for file:///Users/shreyashsature/Coding/JAVA-DSA-practice/F_Bit%20Manipulation/BinaryToDecimal.java. Output:

2026.04.16 14:09:24 INFO  no build target found for /Users/shreyashsature/Coding/JAVA-DSA-practice/F_Bit Manipulation/BinaryToDecimal.java. Using fallback presentation compiler.
2026.04.16 14:09:24 INFO  no build target found for /Users/shreyashsature/Coding/JAVA-DSA-practice/F_Bit Manipulation/BinaryToDecimal.java. Using fallback presentation compiler.
2026.04.16 14:09:24 INFO  no build target found for /Users/shreyashsature/Coding/JAVA-DSA-practice/F_Bit Manipulation/BinaryToDecimal.java. Using fallback presentation compiler.
2026.04.16 14:09:24 INFO  no build target found for /Users/shreyashsature/Coding/JAVA-DSA-practice/F_Bit Manipulation/BinaryToDecimal.java. Using fallback presentation compiler.
2026.04.16 14:09:25 WARN  Running javac-semanticdb failed for file:///Users/shreyashsature/Coding/JAVA-DSA-practice/F_Bit%20Manipulation/BinaryToDecimal.java. Output:

2026.04.16 14:09:25 INFO  no build target found for /Users/shreyashsature/Coding/JAVA-DSA-practice/F_Bit Manipulation/BinaryToDecimal.java. Using fallback presentation compiler.
2026.04.16 14:09:24 INFO  no build target found for /Users/shreyashsature/Coding/JAVA-DSA-practice/F_Bit Manipulation/BinaryToDecimal.java. Using fallback presentation compiler.
2026.04.16 14:09:28 INFO  no build target found for /Users/shreyashsature/Coding/JAVA-DSA-practice/F_Bit Manipulation/BinaryToDecimal.java. Using fallback presentation compiler.
2026.04.16 14:09:28 INFO  no build target found for /Users/shreyashsature/Coding/JAVA-DSA-practice/F_Bit Manipulation/BinaryToDecimal.java. Using fallback presentation compiler.
2026.04.16 14:09:28 INFO  no build target found for /Users/shreyashsature/Coding/JAVA-DSA-practice/F_Bit Manipulation/BinaryToDecimal.java. Using fallback presentation compiler.
2026.04.16 14:09:28 WARN  Running javac-semanticdb failed for file:///Users/shreyashsature/Coding/JAVA-DSA-practice/F_Bit%20Manipulation/BinaryToDecimal.java. Output:

2026.04.16 14:09:28 INFO  no build target found for /Users/shreyashsature/Coding/JAVA-DSA-practice/F_Bit Manipulation/BinaryToDecimal.java. Using fallback presentation compiler.
2026.04.16 14:09:28 INFO  no build target found for /Users/shreyashsature/Coding/JAVA-DSA-practice/F_Bit Manipulation/BinaryToDecimal.java. Using fallback presentation compiler.
2026.04.16 14:09:29 INFO  no build target found for /Users/shreyashsature/Coding/JAVA-DSA-practice/F_Bit Manipulation/BinaryToDecimal.java. Using fallback presentation compiler.
2026.04.16 14:09:29 INFO  no build target found for /Users/shreyashsature/Coding/JAVA-DSA-practice/F_Bit Manipulation/BinaryToDecimal.java. Using fallback presentation compiler.
2026.04.16 14:09:29 WARN  Running javac-semanticdb failed for file:///Users/shreyashsature/Coding/JAVA-DSA-practice/F_Bit%20Manipulation/BinaryToDecimal.java. Output:

2026.04.16 14:09:29 INFO  no build target found for /Users/shreyashsature/Coding/JAVA-DSA-practice/F_Bit Manipulation/BinaryToDecimal.java. Using fallback presentation compiler.
2026.04.16 14:09:29 INFO  no build target found for /Users/shreyashsature/Coding/JAVA-DSA-practice/F_Bit Manipulation/BinaryToDecimal.java. Using fallback presentation compiler.
2026.04.16 14:09:29 INFO  no build target found for /Users/shreyashsature/Coding/JAVA-DSA-practice/F_Bit Manipulation/BinaryToDecimal.java. Using fallback presentation compiler.
2026.04.16 14:09:30 WARN  Running javac-semanticdb failed for file:///Users/shreyashsature/Coding/JAVA-DSA-practice/F_Bit%20Manipulation/BinaryToDecimal.java. Output:

2026.04.16 14:09:30 INFO  no build target found for /Users/shreyashsature/Coding/JAVA-DSA-practice/F_Bit Manipulation/BinaryToDecimal.java. Using fallback presentation compiler.
2026.04.16 14:09:29 INFO  no build target found for /Users/shreyashsature/Coding/JAVA-DSA-practice/F_Bit Manipulation/BinaryToDecimal.java. Using fallback presentation compiler.
2026.04.16 14:09:30 INFO  no build target found for /Users/shreyashsature/Coding/JAVA-DSA-practice/F_Bit Manipulation/BinaryToDecimal.java. Using fallback presentation compiler.
2026.04.16 14:09:30 INFO  no build target found for /Users/shreyashsature/Coding/JAVA-DSA-practice/F_Bit Manipulation/BinaryToDecimal.java. Using fallback presentation compiler.
2026.04.16 14:09:30 WARN  Running javac-semanticdb failed for file:///Users/shreyashsature/Coding/JAVA-DSA-practice/F_Bit%20Manipulation/BinaryToDecimal.java. Output:

2026.04.16 14:09:30 INFO  no build target found for /Users/shreyashsature/Coding/JAVA-DSA-practice/F_Bit Manipulation/BinaryToDecimal.java. Using fallback presentation compiler.
2026.04.16 14:09:30 INFO  no build target found for /Users/shreyashsature/Coding/JAVA-DSA-practice/F_Bit Manipulation/BinaryToDecimal.java. Using fallback presentation compiler.
2026.04.16 14:09:32 INFO  no build target found for /Users/shreyashsature/Coding/JAVA-DSA-practice/F_Bit Manipulation/BinaryToDecimal.java. Using fallback presentation compiler.
2026.04.16 14:09:32 INFO  no build target found for /Users/shreyashsature/Coding/JAVA-DSA-practice/F_Bit Manipulation/BinaryToDecimal.java. Using fallback presentation compiler.
2026.04.16 14:09:32 INFO  no build target found for /Users/shreyashsature/Coding/JAVA-DSA-practice/F_Bit Manipulation/BinaryToDecimal.java. Using fallback presentation compiler.
2026.04.16 14:09:33 WARN  Running javac-semanticdb failed for file:///Users/shreyashsature/Coding/JAVA-DSA-practice/F_Bit%20Manipulation/BinaryToDecimal.java. Output:

2026.04.16 14:09:33 INFO  no build target found for /Users/shreyashsature/Coding/JAVA-DSA-practice/F_Bit Manipulation/BinaryToDecimal.java. Using fallback presentation compiler.
2026.04.16 14:09:33 INFO  no build target found for /Users/shreyashsature/Coding/JAVA-DSA-practice/F_Bit Manipulation/BinaryToDecimal.java. Using fallback presentation compiler.
2026.04.16 14:09:33 INFO  no build target found for /Users/shreyashsature/Coding/JAVA-DSA-practice/F_Bit Manipulation/BinaryToDecimal.java. Using fallback presentation compiler.
2026.04.16 14:09:33 INFO  no build target found for /Users/shreyashsature/Coding/JAVA-DSA-practice/F_Bit Manipulation/BinaryToDecimal.java. Using fallback presentation compiler.
2026.04.16 14:09:33 INFO  no build target found for /Users/shreyashsature/Coding/JAVA-DSA-practice/F_Bit Manipulation/BinaryToDecimal.java. Using fallback presentation compiler.
2026.04.16 14:09:33 INFO  no build target found for /Users/shreyashsature/Coding/JAVA-DSA-practice/F_Bit Manipulation/BinaryToDecimal.java. Using fallback presentation compiler.
2026.04.16 14:09:33 INFO  no build target found for /Users/shreyashsature/Coding/JAVA-DSA-practice/F_Bit Manipulation/BinaryToDecimal.java. Using fallback presentation compiler.
2026.04.16 14:09:33 WARN  Running javac-semanticdb failed for file:///Users/shreyashsature/Coding/JAVA-DSA-practice/F_Bit%20Manipulation/BinaryToDecimal.java. Output:

2026.04.16 14:09:34 INFO  no build target found for /Users/shreyashsature/Coding/JAVA-DSA-practice/F_Bit Manipulation/BinaryToDecimal.java. Using fallback presentation compiler.
2026.04.16 14:09:34 INFO  no build target found for /Users/shreyashsature/Coding/JAVA-DSA-practice/F_Bit Manipulation/BinaryToDecimal.java. Using fallback presentation compiler.
2026.04.16 14:09:34 INFO  no build target found for /Users/shreyashsature/Coding/JAVA-DSA-practice/F_Bit Manipulation/BinaryToDecimal.java. Using fallback presentation compiler.
2026.04.16 14:09:34 INFO  no build target found for /Users/shreyashsature/Coding/JAVA-DSA-practice/F_Bit Manipulation/BinaryToDecimal.java. Using fallback presentation compiler.
2026.04.16 14:09:34 WARN  Running javac-semanticdb failed for file:///Users/shreyashsature/Coding/JAVA-DSA-practice/F_Bit%20Manipulation/BinaryToDecimal.java. Output:

2026.04.16 14:09:34 INFO  no build target found for /Users/shreyashsature/Coding/JAVA-DSA-practice/F_Bit Manipulation/BinaryToDecimal.java. Using fallback presentation compiler.
2026.04.16 14:09:34 INFO  no build target found for /Users/shreyashsature/Coding/JAVA-DSA-practice/F_Bit Manipulation/BinaryToDecimal.java. Using fallback presentation compiler.
2026.04.16 14:09:35 INFO  no build target found for /Users/shreyashsature/Coding/JAVA-DSA-practice/F_Bit Manipulation/BinaryToDecimal.java. Using fallback presentation compiler.
2026.04.16 14:09:35 INFO  no build target found for /Users/shreyashsature/Coding/JAVA-DSA-practice/F_Bit Manipulation/BinaryToDecimal.java. Using fallback presentation compiler.
2026.04.16 14:09:35 INFO  no build target found for /Users/shreyashsature/Coding/JAVA-DSA-practice/F_Bit Manipulation/BinaryToDecimal.java. Using fallback presentation compiler.
2026.04.16 14:09:36 INFO  no build target found for /Users/shreyashsature/Coding/JAVA-DSA-practice/F_Bit Manipulation/BinaryToDecimal.java. Using fallback presentation compiler.
2026.04.16 14:09:35 INFO  no build target found for /Users/shreyashsature/Coding/JAVA-DSA-practice/F_Bit Manipulation/BinaryToDecimal.java. Using fallback presentation compiler.
2026.04.16 14:09:35 INFO  no build target found for /Users/shreyashsature/Coding/JAVA-DSA-practice/F_Bit Manipulation/BinaryToDecimal.java. Using fallback presentation compiler.
2026.04.16 14:09:35 INFO  no build target found for /Users/shreyashsature/Coding/JAVA-DSA-practice/F_Bit Manipulation/BinaryToDecimal.java. Using fallback presentation compiler.
2026.04.16 14:09:36 WARN  Running javac-semanticdb failed for file:///Users/shreyashsature/Coding/JAVA-DSA-practice/F_Bit%20Manipulation/BinaryToDecimal.java. Output:

2026.04.16 14:09:36 INFO  no build target found for /Users/shreyashsature/Coding/JAVA-DSA-practice/F_Bit Manipulation/BinaryToDecimal.java. Using fallback presentation compiler.
2026.04.16 14:09:35 INFO  no build target found for /Users/shreyashsature/Coding/JAVA-DSA-practice/F_Bit Manipulation/BinaryToDecimal.java. Using fallback presentation compiler.
2026.04.16 14:09:35 INFO  no build target found for /Users/shreyashsature/Coding/JAVA-DSA-practice/F_Bit Manipulation/BinaryToDecimal.java. Using fallback presentation compiler.
2026.04.16 14:09:35 INFO  no build target found for /Users/shreyashsature/Coding/JAVA-DSA-practice/F_Bit Manipulation/BinaryToDecimal.java. Using fallback presentation compiler.
2026.04.16 14:09:35 INFO  no build target found for /Users/shreyashsature/Coding/JAVA-DSA-practice/F_Bit Manipulation/BinaryToDecimal.java. Using fallback presentation compiler.
2026.04.16 14:09:36 INFO  no build target found for /Users/shreyashsature/Coding/JAVA-DSA-practice/F_Bit Manipulation/BinaryToDecimal.java. Using fallback presentation compiler.
2026.04.16 14:09:37 INFO  no build target found for /Users/shreyashsature/Coding/JAVA-DSA-practice/F_Bit Manipulation/BinaryToDecimal.java. Using fallback presentation compiler.
2026.04.16 14:09:37 INFO  no build target found for /Users/shreyashsature/Coding/JAVA-DSA-practice/F_Bit Manipulation/BinaryToDecimal.java. Using fallback presentation compiler.
2026.04.16 14:09:37 WARN  Running javac-semanticdb failed for file:///Users/shreyashsature/Coding/JAVA-DSA-practice/F_Bit%20Manipulation/BinaryToDecimal.java. Output:

2026.04.16 14:09:37 INFO  no build target found for /Users/shreyashsature/Coding/JAVA-DSA-practice/F_Bit Manipulation/BinaryToDecimal.java. Using fallback presentation compiler.
2026.04.16 14:09:37 INFO  no build target found for /Users/shreyashsature/Coding/JAVA-DSA-practice/F_Bit Manipulation/BinaryToDecimal.java. Using fallback presentation compiler.
2026.04.16 14:09:37 INFO  no build target found for /Users/shreyashsature/Coding/JAVA-DSA-practice/F_Bit Manipulation/BinaryToDecimal.java. Using fallback presentation compiler.
2026.04.16 14:09:37 WARN  Running javac-semanticdb failed for file:///Users/shreyashsature/Coding/JAVA-DSA-practice/F_Bit%20Manipulation/BinaryToDecimal.java. Output:

2026.04.16 14:09:37 INFO  no build target found for /Users/shreyashsature/Coding/JAVA-DSA-practice/F_Bit Manipulation/BinaryToDecimal.java. Using fallback presentation compiler.
2026.04.16 14:09:37 INFO  no build target found for /Users/shreyashsature/Coding/JAVA-DSA-practice/F_Bit Manipulation/BinaryToDecimal.java. Using fallback presentation compiler.
2026.04.16 14:09:38 INFO  no build target found for /Users/shreyashsature/Coding/JAVA-DSA-practice/F_Bit Manipulation/BinaryToDecimal.java. Using fallback presentation compiler.
2026.04.16 14:09:38 INFO  no build target found for /Users/shreyashsature/Coding/JAVA-DSA-practice/F_Bit Manipulation/BinaryToDecimal.java. Using fallback presentation compiler.
2026.04.16 14:09:38 INFO  no build target found for /Users/shreyashsature/Coding/JAVA-DSA-practice/F_Bit Manipulation/BinaryToDecimal.java. Using fallback presentation compiler.
2026.04.16 14:09:38 INFO  no build target found for /Users/shreyashsature/Coding/JAVA-DSA-practice/F_Bit Manipulation/BinaryToDecimal.java. Using fallback presentation compiler.
2026.04.16 14:09:39 WARN  Running javac-semanticdb failed for file:///Users/shreyashsature/Coding/JAVA-DSA-practice/F_Bit%20Manipulation/BinaryToDecimal.java. Output:

2026.04.16 14:09:39 INFO  no build target found for /Users/shreyashsature/Coding/JAVA-DSA-practice/F_Bit Manipulation/BinaryToDecimal.java. Using fallback presentation compiler.
2026.04.16 14:09:38 INFO  no build target found for /Users/shreyashsature/Coding/JAVA-DSA-practice/F_Bit Manipulation/BinaryToDecimal.java. Using fallback presentation compiler.
2026.04.16 14:09:39 INFO  no build target found for /Users/shreyashsature/Coding/JAVA-DSA-practice/F_Bit Manipulation/BinaryToDecimal.java. Using fallback presentation compiler.
2026.04.16 14:09:39 INFO  no build target found for /Users/shreyashsature/Coding/JAVA-DSA-practice/F_Bit Manipulation/BinaryToDecimal.java. Using fallback presentation compiler.
2026.04.16 14:09:39 INFO  no build target found for /Users/shreyashsature/Coding/JAVA-DSA-practice/F_Bit Manipulation/BinaryToDecimal.java. Using fallback presentation compiler.
2026.04.16 14:09:39 WARN  Running javac-semanticdb failed for file:///Users/shreyashsature/Coding/JAVA-DSA-practice/F_Bit%20Manipulation/BinaryToDecimal.java. Output:

2026.04.16 14:09:39 INFO  no build target found for /Users/shreyashsature/Coding/JAVA-DSA-practice/F_Bit Manipulation/BinaryToDecimal.java. Using fallback presentation compiler.
2026.04.16 14:09:39 INFO  no build target found for /Users/shreyashsature/Coding/JAVA-DSA-practice/F_Bit Manipulation/BinaryToDecimal.java. Using fallback presentation compiler.
2026.04.16 14:09:39 INFO  no build target found for /Users/shreyashsature/Coding/JAVA-DSA-practice/F_Bit Manipulation/BinaryToDecimal.java. Using fallback presentation compiler.
2026.04.16 14:09:39 INFO  no build target found for /Users/shreyashsature/Coding/JAVA-DSA-practice/F_Bit Manipulation/BinaryToDecimal.java. Using fallback presentation compiler.
2026.04.16 14:09:40 WARN  Running javac-semanticdb failed for file:///Users/shreyashsature/Coding/JAVA-DSA-practice/F_Bit%20Manipulation/BinaryToDecimal.java. Output:

2026.04.16 14:09:40 INFO  no build target found for /Users/shreyashsature/Coding/JAVA-DSA-practice/F_Bit Manipulation/BinaryToDecimal.java. Using fallback presentation compiler.
2026.04.16 14:09:41 INFO  no build target found for /Users/shreyashsature/Coding/JAVA-DSA-practice/F_Bit Manipulation/BinaryToDecimal.java. Using fallback presentation compiler.
2026.04.16 14:09:41 INFO  no build target found for /Users/shreyashsature/Coding/JAVA-DSA-practice/F_Bit Manipulation/BinaryToDecimal.java. Using fallback presentation compiler.
2026.04.16 14:09:41 INFO  no build target found for /Users/shreyashsature/Coding/JAVA-DSA-practice/F_Bit Manipulation/BinaryToDecimal.java. Using fallback presentation compiler.
2026.04.16 14:09:41 INFO  no build target found for /Users/shreyashsature/Coding/JAVA-DSA-practice/F_Bit Manipulation/BinaryToDecimal.java. Using fallback presentation compiler.
2026.04.16 14:09:41 INFO  no build target found for /Users/shreyashsature/Coding/JAVA-DSA-practice/F_Bit Manipulation/BinaryToDecimal.java. Using fallback presentation compiler.
2026.04.16 14:09:42 WARN  Running javac-semanticdb failed for file:///Users/shreyashsature/Coding/JAVA-DSA-practice/F_Bit%20Manipulation/BinaryToDecimal.java. Output:

2026.04.16 14:09:42 INFO  no build target found for /Users/shreyashsature/Coding/JAVA-DSA-practice/F_Bit Manipulation/BinaryToDecimal.java. Using fallback presentation compiler.
2026.04.16 14:09:42 INFO  no build target found for /Users/shreyashsature/Coding/JAVA-DSA-practice/F_Bit Manipulation/BinaryToDecimal.java. Using fallback presentation compiler.
2026.04.16 14:09:42 INFO  no build target found for /Users/shreyashsature/Coding/JAVA-DSA-practice/F_Bit Manipulation/BinaryToDecimal.java. Using fallback presentation compiler.
2026.04.16 14:09:42 INFO  no build target found for /Users/shreyashsature/Coding/JAVA-DSA-practice/F_Bit Manipulation/BinaryToDecimal.java. Using fallback presentation compiler.
2026.04.16 14:09:43 INFO  no build target found for /Users/shreyashsature/Coding/JAVA-DSA-practice/F_Bit Manipulation/BinaryToDecimal.java. Using fallback presentation compiler.
2026.04.16 14:09:42 INFO  no build target found for /Users/shreyashsature/Coding/JAVA-DSA-practice/F_Bit Manipulation/BinaryToDecimal.java. Using fallback presentation compiler.
2026.04.16 14:09:43 INFO  no build target found for /Users/shreyashsature/Coding/JAVA-DSA-practice/F_Bit Manipulation/BinaryToDecimal.java. Using fallback presentation compiler.
2026.04.16 14:09:43 INFO  no build target found for /Users/shreyashsature/Coding/JAVA-DSA-practice/F_Bit Manipulation/BinaryToDecimal.java. Using fallback presentation compiler.
2026.04.16 14:09:43 WARN  Running javac-semanticdb failed for file:///Users/shreyashsature/Coding/JAVA-DSA-practice/F_Bit%20Manipulation/BinaryToDecimal.java. Output:

2026.04.16 14:09:43 INFO  no build target found for /Users/shreyashsature/Coding/JAVA-DSA-practice/F_Bit Manipulation/BinaryToDecimal.java. Using fallback presentation compiler.
2026.04.16 14:09:44 INFO  no build target found for /Users/shreyashsature/Coding/JAVA-DSA-practice/F_Bit Manipulation/BinaryToDecimal.java. Using fallback presentation compiler.
2026.04.16 14:09:43 INFO  no build target found for /Users/shreyashsature/Coding/JAVA-DSA-practice/F_Bit Manipulation/BinaryToDecimal.java. Using fallback presentation compiler.
2026.04.16 14:09:44 WARN  Running javac-semanticdb failed for file:///Users/shreyashsature/Coding/JAVA-DSA-practice/F_Bit%20Manipulation/BinaryToDecimal.java. Output:

2026.04.16 14:09:44 INFO  no build target found for /Users/shreyashsature/Coding/JAVA-DSA-practice/F_Bit Manipulation/BinaryToDecimal.java. Using fallback presentation compiler.
2026.04.16 14:09:44 INFO  no build target found for /Users/shreyashsature/Coding/JAVA-DSA-practice/F_Bit Manipulation/BinaryToDecimal.java. Using fallback presentation compiler.
2026.04.16 14:09:44 INFO  no build target found for /Users/shreyashsature/Coding/JAVA-DSA-practice/F_Bit Manipulation/BinaryToDecimal.java. Using fallback presentation compiler.
2026.04.16 14:09:44 INFO  no build target found for /Users/shreyashsature/Coding/JAVA-DSA-practice/F_Bit Manipulation/BinaryToDecimal.java. Using fallback presentation compiler.
2026.04.16 14:09:45 INFO  no build target found for /Users/shreyashsature/Coding/JAVA-DSA-practice/F_Bit Manipulation/BinaryToDecimal.java. Using fallback presentation compiler.
2026.04.16 14:09:44 INFO  no build target found for /Users/shreyashsature/Coding/JAVA-DSA-practice/F_Bit Manipulation/BinaryToDecimal.java. Using fallback presentation compiler.
2026.04.16 14:09:45 WARN  Running javac-semanticdb failed for file:///Users/shreyashsature/Coding/JAVA-DSA-practice/F_Bit%20Manipulation/BinaryToDecimal.java. Output:

2026.04.16 14:09:44 INFO  no build target found for /Users/shreyashsature/Coding/JAVA-DSA-practice/F_Bit Manipulation/BinaryToDecimal.java. Using fallback presentation compiler.
2026.04.16 14:09:44 INFO  no build target found for /Users/shreyashsature/Coding/JAVA-DSA-practice/F_Bit Manipulation/BinaryToDecimal.java. Using fallback presentation compiler.
2026.04.16 14:09:45 WARN  Running javac-semanticdb failed for file:///Users/shreyashsature/Coding/JAVA-DSA-practice/F_Bit%20Manipulation/BinaryToDecimal.java. Output:

2026.04.16 14:09:45 INFO  no build target found for /Users/shreyashsature/Coding/JAVA-DSA-practice/F_Bit Manipulation/BinaryToDecimal.java. Using fallback presentation compiler.
2026.04.16 14:09:46 INFO  no build target found for /Users/shreyashsature/Coding/JAVA-DSA-practice/F_Bit Manipulation/BinaryToDecimal.java. Using fallback presentation compiler.
2026.04.16 14:09:46 INFO  no build target found for /Users/shreyashsature/Coding/JAVA-DSA-practice/F_Bit Manipulation/BinaryToDecimal.java. Using fallback presentation compiler.
2026.04.16 14:09:46 INFO  no build target found for /Users/shreyashsature/Coding/JAVA-DSA-practice/F_Bit Manipulation/BinaryToDecimal.java. Using fallback presentation compiler.
2026.04.16 14:09:46 WARN  Running javac-semanticdb failed for file:///Users/shreyashsature/Coding/JAVA-DSA-practice/F_Bit%20Manipulation/BinaryToDecimal.java. Output:

2026.04.16 14:09:46 INFO  no build target found for /Users/shreyashsature/Coding/JAVA-DSA-practice/F_Bit Manipulation/BinaryToDecimal.java. Using fallback presentation compiler.
2026.04.16 14:09:46 INFO  no build target found for /Users/shreyashsature/Coding/JAVA-DSA-practice/F_Bit Manipulation/BinaryToDecimal.java. Using fallback presentation compiler.
2026.04.16 14:09:48 INFO  no build target found for /Users/shreyashsature/Coding/JAVA-DSA-practice/F_Bit Manipulation/BinaryToDecimal.java. Using fallback presentation compiler.
2026.04.16 14:09:48 INFO  no build target found for /Users/shreyashsature/Coding/JAVA-DSA-practice/F_Bit Manipulation/BinaryToDecimal.java. Using fallback presentation compiler.
2026.04.16 14:09:48 INFO  no build target found for /Users/shreyashsature/Coding/JAVA-DSA-practice/F_Bit Manipulation/BinaryToDecimal.java. Using fallback presentation compiler.
2026.04.16 14:09:48 WARN  Running javac-semanticdb failed for file:///Users/shreyashsature/Coding/JAVA-DSA-practice/F_Bit%20Manipulation/BinaryToDecimal.java. Output:

2026.04.16 14:09:48 INFO  no build target found for /Users/shreyashsature/Coding/JAVA-DSA-practice/F_Bit Manipulation/BinaryToDecimal.java. Using fallback presentation compiler.
2026.04.16 14:09:48 INFO  no build target found for /Users/shreyashsature/Coding/JAVA-DSA-practice/F_Bit Manipulation/BinaryToDecimal.java. Using fallback presentation compiler.
2026.04.16 14:09:48 INFO  no build target found for /Users/shreyashsature/Coding/JAVA-DSA-practice/F_Bit Manipulation/BinaryToDecimal.java. Using fallback presentation compiler.
2026.04.16 14:09:49 WARN  Running javac-semanticdb failed for file:///Users/shreyashsature/Coding/JAVA-DSA-practice/F_Bit%20Manipulation/BinaryToDecimal.java. Output:

2026.04.16 14:09:49 INFO  no build target found for /Users/shreyashsature/Coding/JAVA-DSA-practice/F_Bit Manipulation/BinaryToDecimal.java. Using fallback presentation compiler.
2026.04.16 14:09:49 INFO  no build target found for /Users/shreyashsature/Coding/JAVA-DSA-practice/F_Bit Manipulation/BinaryToDecimal.java. Using fallback presentation compiler.
2026.04.16 14:09:49 INFO  no build target found for /Users/shreyashsature/Coding/JAVA-DSA-practice/F_Bit Manipulation/BinaryToDecimal.java. Using fallback presentation compiler.
2026.04.16 14:09:48 WARN  Running javac-semanticdb failed for file:///Users/shreyashsature/Coding/JAVA-DSA-practice/F_Bit%20Manipulation/BinaryToDecimal.java. Output:

2026.04.16 14:09:49 INFO  no build target found for /Users/shreyashsature/Coding/JAVA-DSA-practice/F_Bit Manipulation/BinaryToDecimal.java. Using fallback presentation compiler.
2026.04.16 14:09:49 INFO  no build target found for /Users/shreyashsature/Coding/JAVA-DSA-practice/F_Bit Manipulation/BinaryToDecimal.java. Using fallback presentation compiler.
2026.04.16 14:09:51 INFO  no build target found for /Users/shreyashsature/Coding/JAVA-DSA-practice/F_Bit Manipulation/BinaryToDecimal.java. Using fallback presentation compiler.
2026.04.16 14:09:51 INFO  no build target found for /Users/shreyashsature/Coding/JAVA-DSA-practice/F_Bit Manipulation/BinaryToDecimal.java. Using fallback presentation compiler.
2026.04.16 14:09:51 WARN  Running javac-semanticdb failed for file:///Users/shreyashsature/Coding/JAVA-DSA-practice/F_Bit%20Manipulation/BinaryToDecimal.java. Output:

2026.04.16 14:09:51 INFO  no build target found for /Users/shreyashsature/Coding/JAVA-DSA-practice/F_Bit Manipulation/BinaryToDecimal.java. Using fallback presentation compiler.
2026.04.16 14:09:51 INFO  no build target found for /Users/shreyashsature/Coding/JAVA-DSA-practice/F_Bit Manipulation/BinaryToDecimal.java. Using fallback presentation compiler.
2026.04.16 14:09:54 INFO  no build target found for /Users/shreyashsature/Coding/JAVA-DSA-practice/F_Bit Manipulation/BinaryToDecimal.java. Using fallback presentation compiler.
2026.04.16 14:09:56 INFO  no build target found for /Users/shreyashsature/Coding/JAVA-DSA-practice/F_Bit Manipulation/BinaryToDecimal.java. Using fallback presentation compiler.
2026.04.16 14:09:56 INFO  no build target found for /Users/shreyashsature/Coding/JAVA-DSA-practice/F_Bit Manipulation/BinaryToDecimal.java. Using fallback presentation compiler.
2026.04.16 14:09:56 INFO  no build target found for /Users/shreyashsature/Coding/JAVA-DSA-practice/F_Bit Manipulation/BinaryToDecimal.java. Using fallback presentation compiler.
2026.04.16 14:09:57 WARN  Running javac-semanticdb failed for file:///Users/shreyashsature/Coding/JAVA-DSA-practice/F_Bit%20Manipulation/BinaryToDecimal.java. Output:

2026.04.16 14:09:57 INFO  no build target found for /Users/shreyashsature/Coding/JAVA-DSA-practice/F_Bit Manipulation/BinaryToDecimal.java. Using fallback presentation compiler.
2026.04.16 14:09:57 INFO  no build target found for /Users/shreyashsature/Coding/JAVA-DSA-practice/F_Bit Manipulation/BinaryToDecimal.java. Using fallback presentation compiler.
2026.04.16 14:09:57 INFO  no build target found for /Users/shreyashsature/Coding/JAVA-DSA-practice/F_Bit Manipulation/BinaryToDecimal.java. Using fallback presentation compiler.
2026.04.16 14:09:57 INFO  no build target found for /Users/shreyashsature/Coding/JAVA-DSA-practice/F_Bit Manipulation/BinaryToDecimal.java. Using fallback presentation compiler.
2026.04.16 14:09:57 INFO  no build target found for /Users/shreyashsature/Coding/JAVA-DSA-practice/F_Bit Manipulation/BinaryToDecimal.java. Using fallback presentation compiler.
2026.04.16 14:09:58 INFO  no build target found for /Users/shreyashsature/Coding/JAVA-DSA-practice/F_Bit Manipulation/BinaryToDecimal.java. Using fallback presentation compiler.
2026.04.16 14:09:57 INFO  no build target found for /Users/shreyashsature/Coding/JAVA-DSA-practice/F_Bit Manipulation/BinaryToDecimal.java. Using fallback presentation compiler.
2026.04.16 14:09:58 WARN  Running javac-semanticdb failed for file:///Users/shreyashsature/Coding/JAVA-DSA-practice/F_Bit%20Manipulation/BinaryToDecimal.java. Output:

2026.04.16 14:09:58 INFO  no build target found for /Users/shreyashsature/Coding/JAVA-DSA-practice/F_Bit Manipulation/BinaryToDecimal.java. Using fallback presentation compiler.
2026.04.16 14:09:58 INFO  no build target found for /Users/shreyashsature/Coding/JAVA-DSA-practice/F_Bit Manipulation/BinaryToDecimal.java. Using fallback presentation compiler.
2026.04.16 14:09:58 WARN  Running javac-semanticdb failed for file:///Users/shreyashsature/Coding/JAVA-DSA-practice/F_Bit%20Manipulation/BinaryToDecimal.java. Output:

2026.04.16 14:09:58 INFO  no build target found for /Users/shreyashsature/Coding/JAVA-DSA-practice/F_Bit Manipulation/BinaryToDecimal.java. Using fallback presentation compiler.
2026.04.16 14:09:58 INFO  no build target found for /Users/shreyashsature/Coding/JAVA-DSA-practice/F_Bit Manipulation/BinaryToDecimal.java. Using fallback presentation compiler.
2026.04.16 14:10:04 INFO  no build target found for /Users/shreyashsature/Coding/JAVA-DSA-practice/F_Bit Manipulation/BinaryToDecimal.java. Using fallback presentation compiler.
2026.04.16 14:10:04 INFO  no build target found for /Users/shreyashsature/Coding/JAVA-DSA-practice/F_Bit Manipulation/BinaryToDecimal.java. Using fallback presentation compiler.
2026.04.16 14:10:04 INFO  no build target found for /Users/shreyashsature/Coding/JAVA-DSA-practice/F_Bit Manipulation/BinaryToDecimal.java. Using fallback presentation compiler.
2026.04.16 14:10:04 WARN  Running javac-semanticdb failed for file:///Users/shreyashsature/Coding/JAVA-DSA-practice/F_Bit%20Manipulation/BinaryToDecimal.java. Output:

2026.04.16 14:10:04 INFO  no build target found for /Users/shreyashsature/Coding/JAVA-DSA-practice/F_Bit Manipulation/BinaryToDecimal.java. Using fallback presentation compiler.
2026.04.16 14:10:04 INFO  no build target found for /Users/shreyashsature/Coding/JAVA-DSA-practice/F_Bit Manipulation/BinaryToDecimal.java. Using fallback presentation compiler.
2026.04.16 14:10:04 INFO  no build target found for /Users/shreyashsature/Coding/JAVA-DSA-practice/F_Bit Manipulation/BinaryToDecimal.java. Using fallback presentation compiler.
2026.04.16 14:10:04 WARN  Running javac-semanticdb failed for file:///Users/shreyashsature/Coding/JAVA-DSA-practice/F_Bit%20Manipulation/BinaryToDecimal.java. Output:

2026.04.16 14:10:04 INFO  no build target found for /Users/shreyashsature/Coding/JAVA-DSA-practice/F_Bit Manipulation/BinaryToDecimal.java. Using fallback presentation compiler.
2026.04.16 14:10:05 INFO  no build target found for /Users/shreyashsature/Coding/JAVA-DSA-practice/F_Bit Manipulation/BinaryToDecimal.java. Using fallback presentation compiler.
2026.04.16 14:10:05 INFO  no build target found for /Users/shreyashsature/Coding/JAVA-DSA-practice/F_Bit Manipulation/BinaryToDecimal.java. Using fallback presentation compiler.
2026.04.16 14:10:05 INFO  no build target found for /Users/shreyashsature/Coding/JAVA-DSA-practice/F_Bit Manipulation/BinaryToDecimal.java. Using fallback presentation compiler.
2026.04.16 14:10:06 WARN  Running javac-semanticdb failed for file:///Users/shreyashsature/Coding/JAVA-DSA-practice/F_Bit%20Manipulation/BinaryToDecimal.java. Output:

2026.04.16 14:10:06 INFO  no build target found for /Users/shreyashsature/Coding/JAVA-DSA-practice/F_Bit Manipulation/BinaryToDecimal.java. Using fallback presentation compiler.
2026.04.16 14:10:06 INFO  no build target found for /Users/shreyashsature/Coding/JAVA-DSA-practice/F_Bit Manipulation/BinaryToDecimal.java. Using fallback presentation compiler.
2026.04.16 14:10:06 INFO  no build target found for /Users/shreyashsature/Coding/JAVA-DSA-practice/F_Bit Manipulation/BinaryToDecimal.java. Using fallback presentation compiler.
2026.04.16 14:10:06 INFO  no build target found for /Users/shreyashsature/Coding/JAVA-DSA-practice/F_Bit Manipulation/BinaryToDecimal.java. Using fallback presentation compiler.
2026.04.16 14:10:07 INFO  no build target found for /Users/shreyashsature/Coding/JAVA-DSA-practice/F_Bit Manipulation/BinaryToDecimal.java. Using fallback presentation compiler.
2026.04.16 14:10:07 INFO  no build target found for /Users/shreyashsature/Coding/JAVA-DSA-practice/F_Bit Manipulation/BinaryToDecimal.java. Using fallback presentation compiler.
2026.04.16 14:10:07 INFO  no build target found for /Users/shreyashsature/Coding/JAVA-DSA-practice/F_Bit Manipulation/BinaryToDecimal.java. Using fallback presentation compiler.
2026.04.16 14:10:07 INFO  no build target found for /Users/shreyashsature/Coding/JAVA-DSA-practice/F_Bit Manipulation/BinaryToDecimal.java. Using fallback presentation compiler.
2026.04.16 14:10:07 INFO  no build target found for /Users/shreyashsature/Coding/JAVA-DSA-practice/F_Bit Manipulation/BinaryToDecimal.java. Using fallback presentation compiler.
2026.04.16 14:10:08 WARN  Running javac-semanticdb failed for file:///Users/shreyashsature/Coding/JAVA-DSA-practice/F_Bit%20Manipulation/BinaryToDecimal.java. Output:

2026.04.16 14:10:08 INFO  no build target found for /Users/shreyashsature/Coding/JAVA-DSA-practice/F_Bit Manipulation/BinaryToDecimal.java. Using fallback presentation compiler.
2026.04.16 14:10:09 INFO  no build target found for /Users/shreyashsature/Coding/JAVA-DSA-practice/F_Bit Manipulation/BinaryToDecimal.java. Using fallback presentation compiler.
2026.04.16 14:10:09 INFO  no build target found for /Users/shreyashsature/Coding/JAVA-DSA-practice/F_Bit Manipulation/BinaryToDecimal.java. Using fallback presentation compiler.
2026.04.16 14:10:09 WARN  Running javac-semanticdb failed for file:///Users/shreyashsature/Coding/JAVA-DSA-practice/F_Bit%20Manipulation/BinaryToDecimal.java. Output:

2026.04.16 14:10:09 INFO  no build target found for /Users/shreyashsature/Coding/JAVA-DSA-practice/F_Bit Manipulation/BinaryToDecimal.java. Using fallback presentation compiler.
2026.04.16 14:10:09 INFO  no build target found for /Users/shreyashsature/Coding/JAVA-DSA-practice/F_Bit Manipulation/BinaryToDecimal.java. Using fallback presentation compiler.
2026.04.16 14:10:11 INFO  no build target found for /Users/shreyashsature/Coding/JAVA-DSA-practice/F_Bit Manipulation/BinaryToDecimal.java. Using fallback presentation compiler.
2026.04.16 14:10:11 INFO  no build target found for /Users/shreyashsature/Coding/JAVA-DSA-practice/F_Bit Manipulation/BinaryToDecimal.java. Using fallback presentation compiler.
2026.04.16 14:10:11 WARN  Running javac-semanticdb failed for file:///Users/shreyashsature/Coding/JAVA-DSA-practice/F_Bit%20Manipulation/BinaryToDecimal.java. Output:

2026.04.16 14:10:11 INFO  no build target found for /Users/shreyashsature/Coding/JAVA-DSA-practice/F_Bit Manipulation/BinaryToDecimal.java. Using fallback presentation compiler.
2026.04.16 14:10:11 INFO  no build target found for /Users/shreyashsature/Coding/JAVA-DSA-practice/F_Bit Manipulation/BinaryToDecimal.java. Using fallback presentation compiler.
2026.04.16 14:10:11 INFO  no build target found for /Users/shreyashsature/Coding/JAVA-DSA-practice/F_Bit Manipulation/BinaryToDecimal.java. Using fallback presentation compiler.
2026.04.16 14:10:11 WARN  Running javac-semanticdb failed for file:///Users/shreyashsature/Coding/JAVA-DSA-practice/F_Bit%20Manipulation/BinaryToDecimal.java. Output:

2026.04.16 14:10:11 INFO  no build target found for /Users/shreyashsature/Coding/JAVA-DSA-practice/F_Bit Manipulation/BinaryToDecimal.java. Using fallback presentation compiler.
2026.04.16 14:10:11 INFO  no build target found for /Users/shreyashsature/Coding/JAVA-DSA-practice/F_Bit Manipulation/BinaryToDecimal.java. Using fallback presentation compiler.
2026.04.16 14:10:13 INFO  no build target found for /Users/shreyashsature/Coding/JAVA-DSA-practice/F_Bit Manipulation/BinaryToDecimal.java. Using fallback presentation compiler.
2026.04.16 14:10:21 INFO  no build target found for /Users/shreyashsature/Coding/JAVA-DSA-practice/F_Bit Manipulation/BinaryToDecimal.java. Using fallback presentation compiler.
2026.04.16 14:10:21 INFO  no build target found for /Users/shreyashsature/Coding/JAVA-DSA-practice/F_Bit Manipulation/BinaryToDecimal.java. Using fallback presentation compiler.
2026.04.16 14:10:27 INFO  no build target found for /Users/shreyashsature/Coding/JAVA-DSA-practice/F_Bit Manipulation/BinaryToDecimal.java. Using fallback presentation compiler.
2026.04.16 14:10:29 INFO  no build target found for /Users/shreyashsature/Coding/JAVA-DSA-practice/F_Bit Manipulation/BinaryToDecimal.java. Using fallback presentation compiler.
2026.04.16 14:10:29 INFO  no build target found for /Users/shreyashsature/Coding/JAVA-DSA-practice/F_Bit Manipulation/BinaryToDecimal.java. Using fallback presentation compiler.
2026.04.16 14:10:30 INFO  no build target found for /Users/shreyashsature/Coding/JAVA-DSA-practice/F_Bit Manipulation/BinaryToDecimal.java. Using fallback presentation compiler.
2026.04.16 14:10:30 INFO  no build target found for /Users/shreyashsature/Coding/JAVA-DSA-practice/F_Bit Manipulation/BinaryToDecimal.java. Using fallback presentation compiler.
2026.04.16 14:10:30 INFO  no build target found for /Users/shreyashsature/Coding/JAVA-DSA-practice/F_Bit Manipulation/BinaryToDecimal.java. Using fallback presentation compiler.
2026.04.16 14:10:47 INFO  no build target found for /Users/shreyashsature/Coding/JAVA-DSA-practice/F_Bit Manipulation/BinaryToDecimal.java. Using fallback presentation compiler.
2026.04.16 14:10:50 INFO  no build target found for /Users/shreyashsature/Coding/JAVA-DSA-practice/F_Bit Manipulation/BinaryToDecimal.java. Using fallback presentation compiler.
2026.04.16 14:10:50 INFO  no build target found for /Users/shreyashsature/Coding/JAVA-DSA-practice/F_Bit Manipulation/BinaryToDecimal.java. Using fallback presentation compiler.
2026.04.16 14:10:50 INFO  no build target found for /Users/shreyashsature/Coding/JAVA-DSA-practice/F_Bit Manipulation/BinaryToDecimal.java. Using fallback presentation compiler.
2026.04.16 14:10:54 INFO  no build target found for /Users/shreyashsature/Coding/JAVA-DSA-practice/F_Bit Manipulation/BinaryToDecimal.java. Using fallback presentation compiler.
2026.04.16 14:10:56 INFO  no build target found for /Users/shreyashsature/Coding/JAVA-DSA-practice/F_Bit Manipulation/BinaryToDecimal.java. Using fallback presentation compiler.
2026.04.16 14:10:56 INFO  no build target found for /Users/shreyashsature/Coding/JAVA-DSA-practice/F_Bit Manipulation/BinaryToDecimal.java. Using fallback presentation compiler.
2026.04.16 14:10:56 INFO  no build target found for /Users/shreyashsature/Coding/JAVA-DSA-practice/F_Bit Manipulation/BinaryToDecimal.java. Using fallback presentation compiler.
2026.04.16 14:10:56 INFO  no build target found for /Users/shreyashsature/Coding/JAVA-DSA-practice/F_Bit Manipulation/BinaryToDecimal.java. Using fallback presentation compiler.
2026.04.16 14:10:58 INFO  no build target found for /Users/shreyashsature/Coding/JAVA-DSA-practice/F_Bit Manipulation/BinaryToDecimal.java. Using fallback presentation compiler.
2026.04.16 14:10:58 INFO  no build target found for /Users/shreyashsature/Coding/JAVA-DSA-practice/F_Bit Manipulation/BinaryToDecimal.java. Using fallback presentation compiler.
2026.04.16 14:10:58 INFO  no build target found for /Users/shreyashsature/Coding/JAVA-DSA-practice/F_Bit Manipulation/BinaryToDecimal.java. Using fallback presentation compiler.
2026.04.16 14:10:59 WARN  Running javac-semanticdb failed for file:///Users/shreyashsature/Coding/JAVA-DSA-practice/F_Bit%20Manipulation/BinaryToDecimal.java. Output:

2026.04.16 14:10:59 INFO  no build target found for /Users/shreyashsature/Coding/JAVA-DSA-practice/F_Bit Manipulation/BinaryToDecimal.java. Using fallback presentation compiler.
2026.04.16 14:10:59 INFO  no build target found for /Users/shreyashsature/Coding/JAVA-DSA-practice/F_Bit Manipulation/BinaryToDecimal.java. Using fallback presentation compiler.
2026.04.16 14:10:59 INFO  no build target found for /Users/shreyashsature/Coding/JAVA-DSA-practice/F_Bit Manipulation/BinaryToDecimal.java. Using fallback presentation compiler.
2026.04.16 14:10:59 INFO  no build target found for /Users/shreyashsature/Coding/JAVA-DSA-practice/F_Bit Manipulation/BinaryToDecimal.java. Using fallback presentation compiler.
2026.04.16 14:10:59 INFO  no build target found for /Users/shreyashsature/Coding/JAVA-DSA-practice/F_Bit Manipulation/BinaryToDecimal.java. Using fallback presentation compiler.
2026.04.16 14:10:59 INFO  no build target found for /Users/shreyashsature/Coding/JAVA-DSA-practice/F_Bit Manipulation/BinaryToDecimal.java. Using fallback presentation compiler.
2026.04.16 14:11:00 INFO  no build target found for /Users/shreyashsature/Coding/JAVA-DSA-practice/F_Bit Manipulation/BinaryToDecimal.java. Using fallback presentation compiler.
2026.04.16 14:11:00 INFO  no build target found for /Users/shreyashsature/Coding/JAVA-DSA-practice/F_Bit Manipulation/BinaryToDecimal.java. Using fallback presentation compiler.
2026.04.16 14:11:00 WARN  Running javac-semanticdb failed for file:///Users/shreyashsature/Coding/JAVA-DSA-practice/F_Bit%20Manipulation/BinaryToDecimal.java. Output:

2026.04.16 14:11:00 INFO  no build target found for /Users/shreyashsature/Coding/JAVA-DSA-practice/F_Bit Manipulation/BinaryToDecimal.java. Using fallback presentation compiler.
2026.04.16 14:11:00 INFO  no build target found for /Users/shreyashsature/Coding/JAVA-DSA-practice/F_Bit Manipulation/BinaryToDecimal.java. Using fallback presentation compiler.
2026.04.16 14:11:01 WARN  Running javac-semanticdb failed for file:///Users/shreyashsature/Coding/JAVA-DSA-practice/F_Bit%20Manipulation/BinaryToDecimal.java. Output:

2026.04.16 14:11:01 INFO  no build target found for /Users/shreyashsature/Coding/JAVA-DSA-practice/F_Bit Manipulation/BinaryToDecimal.java. Using fallback presentation compiler.
2026.04.16 14:11:02 INFO  no build target found for /Users/shreyashsature/Coding/JAVA-DSA-practice/F_Bit Manipulation/BinaryToDecimal.java. Using fallback presentation compiler.
2026.04.16 14:11:02 INFO  no build target found for /Users/shreyashsature/Coding/JAVA-DSA-practice/F_Bit Manipulation/BinaryToDecimal.java. Using fallback presentation compiler.
2026.04.16 14:11:02 INFO  no build target found for /Users/shreyashsature/Coding/JAVA-DSA-practice/F_Bit Manipulation/BinaryToDecimal.java. Using fallback presentation compiler.
2026.04.16 14:11:02 INFO  no build target found for /Users/shreyashsature/Coding/JAVA-DSA-practice/F_Bit Manipulation/BinaryToDecimal.java. Using fallback presentation compiler.
2026.04.16 14:11:02 WARN  Running javac-semanticdb failed for file:///Users/shreyashsature/Coding/JAVA-DSA-practice/F_Bit%20Manipulation/BinaryToDecimal.java. Output:

2026.04.16 14:11:02 INFO  no build target found for /Users/shreyashsature/Coding/JAVA-DSA-practice/F_Bit Manipulation/BinaryToDecimal.java. Using fallback presentation compiler.
2026.04.16 14:11:02 INFO  no build target found for /Users/shreyashsature/Coding/JAVA-DSA-practice/F_Bit Manipulation/BinaryToDecimal.java. Using fallback presentation compiler.
2026.04.16 14:11:03 INFO  no build target found for /Users/shreyashsature/Coding/JAVA-DSA-practice/F_Bit Manipulation/BinaryToDecimal.java. Using fallback presentation compiler.
2026.04.16 14:11:03 INFO  no build target found for /Users/shreyashsature/Coding/JAVA-DSA-practice/F_Bit Manipulation/BinaryToDecimal.java. Using fallback presentation compiler.
2026.04.16 14:11:03 INFO  no build target found for /Users/shreyashsature/Coding/JAVA-DSA-practice/F_Bit Manipulation/BinaryToDecimal.java. Using fallback presentation compiler.
2026.04.16 14:11:03 INFO  no build target found for /Users/shreyashsature/Coding/JAVA-DSA-practice/F_Bit Manipulation/BinaryToDecimal.java. Using fallback presentation compiler.
2026.04.16 14:11:03 WARN  Running javac-semanticdb failed for file:///Users/shreyashsature/Coding/JAVA-DSA-practice/F_Bit%20Manipulation/BinaryToDecimal.java. Output:

2026.04.16 14:11:03 INFO  no build target found for /Users/shreyashsature/Coding/JAVA-DSA-practice/F_Bit Manipulation/BinaryToDecimal.java. Using fallback presentation compiler.
2026.04.16 14:11:03 INFO  no build target found for /Users/shreyashsature/Coding/JAVA-DSA-practice/F_Bit Manipulation/BinaryToDecimal.java. Using fallback presentation compiler.
2026.04.16 14:11:04 INFO  no build target found for /Users/shreyashsature/Coding/JAVA-DSA-practice/F_Bit Manipulation/BinaryToDecimal.java. Using fallback presentation compiler.
2026.04.16 14:11:04 INFO  no build target found for /Users/shreyashsature/Coding/JAVA-DSA-practice/F_Bit Manipulation/BinaryToDecimal.java. Using fallback presentation compiler.
2026.04.16 14:11:04 WARN  Running javac-semanticdb failed for file:///Users/shreyashsature/Coding/JAVA-DSA-practice/F_Bit%20Manipulation/BinaryToDecimal.java. Output:

2026.04.16 14:11:03 INFO  no build target found for /Users/shreyashsature/Coding/JAVA-DSA-practice/F_Bit Manipulation/BinaryToDecimal.java. Using fallback presentation compiler.
2026.04.16 14:11:04 INFO  no build target found for /Users/shreyashsature/Coding/JAVA-DSA-practice/F_Bit Manipulation/BinaryToDecimal.java. Using fallback presentation compiler.
2026.04.16 14:11:09 INFO  no build target found for /Users/shreyashsature/Coding/JAVA-DSA-practice/F_Bit Manipulation/BinaryToDecimal.java. Using fallback presentation compiler.
2026.04.16 14:11:09 INFO  no build target found for /Users/shreyashsature/Coding/JAVA-DSA-practice/F_Bit Manipulation/BinaryToDecimal.java. Using fallback presentation compiler.
2026.04.16 14:11:09 INFO  no build target found for /Users/shreyashsature/Coding/JAVA-DSA-practice/F_Bit Manipulation/BinaryToDecimal.java. Using fallback presentation compiler.
2026.04.16 14:11:09 INFO  no build target found for /Users/shreyashsature/Coding/JAVA-DSA-practice/F_Bit Manipulation/BinaryToDecimal.java. Using fallback presentation compiler.
2026.04.16 14:11:10 INFO  no build target found for /Users/shreyashsature/Coding/JAVA-DSA-practice/F_Bit Manipulation/BinaryToDecimal.java. Using fallback presentation compiler.
2026.04.16 14:11:10 INFO  no build target found for /Users/shreyashsature/Coding/JAVA-DSA-practice/F_Bit Manipulation/BinaryToDecimal.java. Using fallback presentation compiler.
2026.04.16 14:11:11 INFO  no build target found for /Users/shreyashsature/Coding/JAVA-DSA-practice/F_Bit Manipulation/BinaryToDecimal.java. Using fallback presentation compiler.
2026.04.16 14:11:10 INFO  no build target found for /Users/shreyashsature/Coding/JAVA-DSA-practice/F_Bit Manipulation/BinaryToDecimal.java. Using fallback presentation compiler.
2026.04.16 14:11:11 WARN  Running javac-semanticdb failed for file:///Users/shreyashsature/Coding/JAVA-DSA-practice/F_Bit%20Manipulation/BinaryToDecimal.java. Output:

2026.04.16 14:11:11 INFO  no build target found for /Users/shreyashsature/Coding/JAVA-DSA-practice/F_Bit Manipulation/BinaryToDecimal.java. Using fallback presentation compiler.
2026.04.16 14:11:11 INFO  no build target found for /Users/shreyashsature/Coding/JAVA-DSA-practice/F_Bit Manipulation/BinaryToDecimal.java. Using fallback presentation compiler.
2026.04.16 14:11:11 WARN  Running javac-semanticdb failed for file:///Users/shreyashsature/Coding/JAVA-DSA-practice/F_Bit%20Manipulation/BinaryToDecimal.java. Output:

2026.04.16 14:11:11 INFO  no build target found for /Users/shreyashsature/Coding/JAVA-DSA-practice/F_Bit Manipulation/BinaryToDecimal.java. Using fallback presentation compiler.
2026.04.16 14:11:11 INFO  no build target found for /Users/shreyashsature/Coding/JAVA-DSA-practice/F_Bit Manipulation/BinaryToDecimal.java. Using fallback presentation compiler.
2026.04.16 14:11:11 INFO  no build target found for /Users/shreyashsature/Coding/JAVA-DSA-practice/F_Bit Manipulation/BinaryToDecimal.java. Using fallback presentation compiler.
2026.04.16 14:11:11 INFO  no build target found for /Users/shreyashsature/Coding/JAVA-DSA-practice/F_Bit Manipulation/BinaryToDecimal.java. Using fallback presentation compiler.
2026.04.16 14:11:11 INFO  no build target found for /Users/shreyashsature/Coding/JAVA-DSA-practice/F_Bit Manipulation/BinaryToDecimal.java. Using fallback presentation compiler.
2026.04.16 14:11:11 INFO  no build target found for /Users/shreyashsature/Coding/JAVA-DSA-practice/F_Bit Manipulation/BinaryToDecimal.java. Using fallback presentation compiler.
2026.04.16 14:11:11 WARN  Running javac-semanticdb failed for file:///Users/shreyashsature/Coding/JAVA-DSA-practice/F_Bit%20Manipulation/BinaryToDecimal.java. Output:

2026.04.16 14:11:12 INFO  no build target found for /Users/shreyashsature/Coding/JAVA-DSA-practice/F_Bit Manipulation/BinaryToDecimal.java. Using fallback presentation compiler.
2026.04.16 14:11:12 INFO  no build target found for /Users/shreyashsature/Coding/JAVA-DSA-practice/F_Bit Manipulation/BinaryToDecimal.java. Using fallback presentation compiler.
2026.04.16 14:11:12 INFO  no build target found for /Users/shreyashsature/Coding/JAVA-DSA-practice/F_Bit Manipulation/BinaryToDecimal.java. Using fallback presentation compiler.
2026.04.16 14:11:12 WARN  Running javac-semanticdb failed for file:///Users/shreyashsature/Coding/JAVA-DSA-practice/F_Bit%20Manipulation/BinaryToDecimal.java. Output:

2026.04.16 14:11:12 INFO  no build target found for /Users/shreyashsature/Coding/JAVA-DSA-practice/F_Bit Manipulation/BinaryToDecimal.java. Using fallback presentation compiler.
2026.04.16 14:11:14 INFO  no build target found for /Users/shreyashsature/Coding/JAVA-DSA-practice/F_Bit Manipulation/BinaryToDecimal.java. Using fallback presentation compiler.
2026.04.16 14:12:03 INFO  no build target found for /Users/shreyashsature/Coding/JAVA-DSA-practice/F_Bit Manipulation/BinaryToDecimal.java. Using fallback presentation compiler.
2026.04.16 14:12:04 INFO  no build target found for /Users/shreyashsature/Coding/JAVA-DSA-practice/F_Bit Manipulation/BinaryToDecimal.java. Using fallback presentation compiler.
2026.04.16 14:12:04 INFO  no build target found for /Users/shreyashsature/Coding/JAVA-DSA-practice/F_Bit Manipulation/BinaryToDecimal.java. Using fallback presentation compiler.
2026.04.16 14:12:05 WARN  no build target for: /Users/shreyashsature/Coding/JAVA-DSA-practice/F_Bit Manipulation/BinaryToDecimal.java
2026.04.16 14:12:05 INFO  no build target found for /Users/shreyashsature/Coding/JAVA-DSA-practice/F_Bit Manipulation/BinaryToDecimal.java. Using fallback presentation compiler.
2026.04.16 14:12:05 WARN  no build target for: /Users/shreyashsature/Coding/JAVA-DSA-practice/F_Bit Manipulation/BinaryToDecimal.java
2026.04.16 14:12:05 INFO  no build target found for /Users/shreyashsature/Coding/JAVA-DSA-practice/F_Bit Manipulation/BinaryToDecimal.java. Using fallback presentation compiler.
2026.04.16 14:12:06 INFO  no build target found for /Users/shreyashsature/Coding/JAVA-DSA-practice/F_Bit Manipulation/BinaryToDecimal.java. Using fallback presentation compiler.
2026.04.16 14:12:07 INFO  no build target found for /Users/shreyashsature/Coding/JAVA-DSA-practice/F_Bit Manipulation/BinaryToDecimal.java. Using fallback presentation compiler.
2026.04.16 14:12:11 INFO  no build target found for /Users/shreyashsature/Coding/JAVA-DSA-practice/F_Bit Manipulation/BinaryToDecimal.java. Using fallback presentation compiler.
2026.04.16 14:13:09 INFO  no build target found for /Users/shreyashsature/Coding/JAVA-DSA-practice/F_Bit Manipulation/BinaryToDecimal.java. Using fallback presentation compiler.
2026.04.16 14:13:09 INFO  no build target found for /Users/shreyashsature/Coding/JAVA-DSA-practice/F_Bit Manipulation/BinaryToDecimal.java. Using fallback presentation compiler.
2026.04.16 14:13:09 INFO  no build target found for /Users/shreyashsature/Coding/JAVA-DSA-practice/F_Bit Manipulation/BinaryToDecimal.java. Using fallback presentation compiler.
2026.04.16 14:13:10 INFO  no build target found for /Users/shreyashsature/Coding/JAVA-DSA-practice/F_Bit Manipulation/BinaryToDecimal.java. Using fallback presentation compiler.
2026.04.16 14:13:10 WARN  Running javac-semanticdb failed for file:///Users/shreyashsature/Coding/JAVA-DSA-practice/F_Bit%20Manipulation/BinaryToDecimal.java. Output:

2026.04.16 14:13:10 INFO  no build target found for /Users/shreyashsature/Coding/JAVA-DSA-practice/F_Bit Manipulation/BinaryToDecimal.java. Using fallback presentation compiler.
2026.04.16 14:13:10 INFO  no build target found for /Users/shreyashsature/Coding/JAVA-DSA-practice/F_Bit Manipulation/BinaryToDecimal.java. Using fallback presentation compiler.
2026.04.16 14:13:10 INFO  no build target found for /Users/shreyashsature/Coding/JAVA-DSA-practice/F_Bit Manipulation/BinaryToDecimal.java. Using fallback presentation compiler.
2026.04.16 14:13:10 INFO  no build target found for /Users/shreyashsature/Coding/JAVA-DSA-practice/F_Bit Manipulation/BinaryToDecimal.java. Using fallback presentation compiler.
2026.04.16 14:13:10 INFO  no build target found for /Users/shreyashsature/Coding/JAVA-DSA-practice/F_Bit Manipulation/BinaryToDecimal.java. Using fallback presentation compiler.
2026.04.16 14:13:10 INFO  no build target found for /Users/shreyashsature/Coding/JAVA-DSA-practice/F_Bit Manipulation/BinaryToDecimal.java. Using fallback presentation compiler.
2026.04.16 14:13:11 WARN  Running javac-semanticdb failed for file:///Users/shreyashsature/Coding/JAVA-DSA-practice/F_Bit%20Manipulation/BinaryToDecimal.java. Output:

2026.04.16 14:13:10 INFO  no build target found for /Users/shreyashsature/Coding/JAVA-DSA-practice/F_Bit Manipulation/BinaryToDecimal.java. Using fallback presentation compiler.
2026.04.16 14:13:10 INFO  no build target found for /Users/shreyashsature/Coding/JAVA-DSA-practice/F_Bit Manipulation/BinaryToDecimal.java. Using fallback presentation compiler.
2026.04.16 14:13:11 INFO  no build target found for /Users/shreyashsature/Coding/JAVA-DSA-practice/F_Bit Manipulation/BinaryToDecimal.java. Using fallback presentation compiler.
2026.04.16 14:13:11 INFO  no build target found for /Users/shreyashsature/Coding/JAVA-DSA-practice/F_Bit Manipulation/BinaryToDecimal.java. Using fallback presentation compiler.
2026.04.16 14:13:10 WARN  Running javac-semanticdb failed for file:///Users/shreyashsature/Coding/JAVA-DSA-practice/F_Bit%20Manipulation/BinaryToDecimal.java. Output:

2026.04.16 14:13:10 INFO  no build target found for /Users/shreyashsature/Coding/JAVA-DSA-practice/F_Bit Manipulation/BinaryToDecimal.java. Using fallback presentation compiler.
2026.04.16 14:13:11 INFO  no build target found for /Users/shreyashsature/Coding/JAVA-DSA-practice/F_Bit Manipulation/BinaryToDecimal.java. Using fallback presentation compiler.
2026.04.16 14:13:15 INFO  no build target found for /Users/shreyashsature/Coding/JAVA-DSA-practice/F_Bit Manipulation/BinaryToDecimal.java. Using fallback presentation compiler.
2026.04.16 14:13:15 INFO  no build target found for /Users/shreyashsature/Coding/JAVA-DSA-practice/F_Bit Manipulation/BinaryToDecimal.java. Using fallback presentation compiler.
2026.04.16 14:13:15 INFO  no build target found for /Users/shreyashsature/Coding/JAVA-DSA-practice/F_Bit Manipulation/BinaryToDecimal.java. Using fallback presentation compiler.
2026.04.16 14:13:15 INFO  no build target found for /Users/shreyashsature/Coding/JAVA-DSA-practice/F_Bit Manipulation/BinaryToDecimal.java. Using fallback presentation compiler.
2026.04.16 14:13:15 WARN  Running javac-semanticdb failed for file:///Users/shreyashsature/Coding/JAVA-DSA-practice/F_Bit%20Manipulation/BinaryToDecimal.java. Output:

2026.04.16 14:13:15 INFO  no build target found for /Users/shreyashsature/Coding/JAVA-DSA-practice/F_Bit Manipulation/BinaryToDecimal.java. Using fallback presentation compiler.
2026.04.16 14:13:15 INFO  no build target found for /Users/shreyashsature/Coding/JAVA-DSA-practice/F_Bit Manipulation/BinaryToDecimal.java. Using fallback presentation compiler.
2026.04.16 14:13:16 INFO  no build target found for /Users/shreyashsature/Coding/JAVA-DSA-practice/F_Bit Manipulation/BinaryToDecimal.java. Using fallback presentation compiler.
2026.04.16 14:13:16 INFO  no build target found for /Users/shreyashsature/Coding/JAVA-DSA-practice/F_Bit Manipulation/BinaryToDecimal.java. Using fallback presentation compiler.
2026.04.16 14:13:16 INFO  no build target found for /Users/shreyashsature/Coding/JAVA-DSA-practice/F_Bit Manipulation/BinaryToDecimal.java. Using fallback presentation compiler.
2026.04.16 14:13:16 INFO  no build target found for /Users/shreyashsature/Coding/JAVA-DSA-practice/F_Bit Manipulation/BinaryToDecimal.java. Using fallback presentation compiler.
2026.04.16 14:13:16 WARN  Running javac-semanticdb failed for file:///Users/shreyashsature/Coding/JAVA-DSA-practice/F_Bit%20Manipulation/BinaryToDecimal.java. Output:

2026.04.16 14:13:16 INFO  no build target found for /Users/shreyashsature/Coding/JAVA-DSA-practice/F_Bit Manipulation/BinaryToDecimal.java. Using fallback presentation compiler.
2026.04.16 14:13:16 INFO  no build target found for /Users/shreyashsature/Coding/JAVA-DSA-practice/F_Bit Manipulation/BinaryToDecimal.java. Using fallback presentation compiler.
2026.04.16 14:13:16 INFO  no build target found for /Users/shreyashsature/Coding/JAVA-DSA-practice/F_Bit Manipulation/BinaryToDecimal.java. Using fallback presentation compiler.
2026.04.16 14:13:17 WARN  Running javac-semanticdb failed for file:///Users/shreyashsature/Coding/JAVA-DSA-practice/F_Bit%20Manipulation/BinaryToDecimal.java. Output:

2026.04.16 14:13:16 INFO  no build target found for /Users/shreyashsature/Coding/JAVA-DSA-practice/F_Bit Manipulation/BinaryToDecimal.java. Using fallback presentation compiler.
2026.04.16 14:13:16 INFO  no build target found for /Users/shreyashsature/Coding/JAVA-DSA-practice/F_Bit Manipulation/BinaryToDecimal.java. Using fallback presentation compiler.
2026.04.16 14:13:16 INFO  no build target found for /Users/shreyashsature/Coding/JAVA-DSA-practice/F_Bit Manipulation/BinaryToDecimal.java. Using fallback presentation compiler.
2026.04.16 14:13:17 INFO  no build target found for /Users/shreyashsature/Coding/JAVA-DSA-practice/F_Bit Manipulation/BinaryToDecimal.java. Using fallback presentation compiler.
2026.04.16 14:13:17 INFO  no build target found for /Users/shreyashsature/Coding/JAVA-DSA-practice/F_Bit Manipulation/BinaryToDecimal.java. Using fallback presentation compiler.
2026.04.16 14:13:17 WARN  Running javac-semanticdb failed for file:///Users/shreyashsature/Coding/JAVA-DSA-practice/F_Bit%20Manipulation/BinaryToDecimal.java. Output:

2026.04.16 14:13:17 INFO  no build target found for /Users/shreyashsature/Coding/JAVA-DSA-practice/F_Bit Manipulation/BinaryToDecimal.java. Using fallback presentation compiler.
2026.04.16 14:13:21 INFO  no build target found for /Users/shreyashsature/Coding/JAVA-DSA-practice/F_Bit Manipulation/BinaryToDecimal.java. Using fallback presentation compiler.
2026.04.16 14:13:21 INFO  no build target found for /Users/shreyashsature/Coding/JAVA-DSA-practice/F_Bit Manipulation/BinaryToDecimal.java. Using fallback presentation compiler.
2026.04.16 14:13:22 WARN  Running javac-semanticdb failed for file:///Users/shreyashsature/Coding/JAVA-DSA-practice/F_Bit%20Manipulation/BinaryToDecimal.java. Output:

2026.04.16 14:13:22 INFO  no build target found for /Users/shreyashsature/Coding/JAVA-DSA-practice/F_Bit Manipulation/BinaryToDecimal.java. Using fallback presentation compiler.
2026.04.16 14:13:21 INFO  no build target found for /Users/shreyashsature/Coding/JAVA-DSA-practice/F_Bit Manipulation/BinaryToDecimal.java. Using fallback presentation compiler.
2026.04.16 14:13:24 INFO  no build target found for /Users/shreyashsature/Coding/JAVA-DSA-practice/F_Bit Manipulation/BinaryToDecimal.java. Using fallback presentation compiler.
2026.04.16 14:13:24 INFO  no build target found for /Users/shreyashsature/Coding/JAVA-DSA-practice/F_Bit Manipulation/BinaryToDecimal.java. Using fallback presentation compiler.
2026.04.16 14:13:24 INFO  no build target found for /Users/shreyashsature/Coding/JAVA-DSA-practice/F_Bit Manipulation/BinaryToDecimal.java. Using fallback presentation compiler.
2026.04.16 14:13:24 INFO  no build target found for /Users/shreyashsature/Coding/JAVA-DSA-practice/F_Bit Manipulation/BinaryToDecimal.java. Using fallback presentation compiler.
2026.04.16 14:13:24 INFO  no build target found for /Users/shreyashsature/Coding/JAVA-DSA-practice/F_Bit Manipulation/BinaryToDecimal.java. Using fallback presentation compiler.
2026.04.16 14:13:25 INFO  no build target found for /Users/shreyashsature/Coding/JAVA-DSA-practice/F_Bit Manipulation/BinaryToDecimal.java. Using fallback presentation compiler.
2026.04.16 14:13:24 INFO  no build target found for /Users/shreyashsature/Coding/JAVA-DSA-practice/F_Bit Manipulation/BinaryToDecimal.java. Using fallback presentation compiler.
2026.04.16 14:13:25 WARN  Running javac-semanticdb failed for file:///Users/shreyashsature/Coding/JAVA-DSA-practice/F_Bit%20Manipulation/BinaryToDecimal.java. Output:

2026.04.16 14:13:25 INFO  no build target found for /Users/shreyashsature/Coding/JAVA-DSA-practice/F_Bit Manipulation/BinaryToDecimal.java. Using fallback presentation compiler.
2026.04.16 14:13:27 INFO  no build target found for /Users/shreyashsature/Coding/JAVA-DSA-practice/F_Bit Manipulation/BinaryToDecimal.java. Using fallback presentation compiler.
2026.04.16 14:13:27 WARN  no build target for: /Users/shreyashsature/Coding/JAVA-DSA-practice/F_Bit Manipulation/BinaryToDecimal.java
2026.04.16 14:13:27 INFO  no build target found for /Users/shreyashsature/Coding/JAVA-DSA-practice/F_Bit Manipulation/BinaryToDecimal.java. Using fallback presentation compiler.
2026.04.16 14:13:28 INFO  no build target found for /Users/shreyashsature/Coding/JAVA-DSA-practice/F_Bit Manipulation/BinaryToDecimal.java. Using fallback presentation compiler.
2026.04.16 14:13:56 INFO  no build target found for /Users/shreyashsature/Coding/JAVA-DSA-practice/F_Bit Manipulation/BinaryToDecimal.java. Using fallback presentation compiler.
2026.04.16 14:13:58 WARN  no build target for: /Users/shreyashsature/Coding/JAVA-DSA-practice/F_Bit Manipulation/BinaryToDecimal.java
2026.04.16 14:13:58 INFO  no build target found for /Users/shreyashsature/Coding/JAVA-DSA-practice/F_Bit Manipulation/BinaryToDecimal.java. Using fallback presentation compiler.
2026.04.16 14:13:59 WARN  no build target for: /Users/shreyashsature/Coding/JAVA-DSA-practice/F_Bit Manipulation/BinaryToDecimal.java
2026.04.16 14:13:59 INFO  no build target found for /Users/shreyashsature/Coding/JAVA-DSA-practice/F_Bit Manipulation/BinaryToDecimal.java. Using fallback presentation compiler.
2026.04.16 14:13:59 INFO  no build target found for /Users/shreyashsature/Coding/JAVA-DSA-practice/F_Bit Manipulation/BinaryToDecimal.java. Using fallback presentation compiler.
2026.04.16 14:13:59 WARN  no build target for: /Users/shreyashsature/Coding/JAVA-DSA-practice/F_Bit Manipulation/BinaryToDecimal.java
2026.04.16 14:13:59 INFO  no build target found for /Users/shreyashsature/Coding/JAVA-DSA-practice/F_Bit Manipulation/BinaryToDecimal.java. Using fallback presentation compiler.
2026.04.16 14:14:00 WARN  no build target for: /Users/shreyashsature/Coding/JAVA-DSA-practice/F_Bit Manipulation/BinaryToDecimal.java
2026.04.16 14:14:00 INFO  no build target found for /Users/shreyashsature/Coding/JAVA-DSA-practice/F_Bit Manipulation/BinaryToDecimal.java. Using fallback presentation compiler.
2026.04.16 14:14:00 INFO  no build target found for /Users/shreyashsature/Coding/JAVA-DSA-practice/F_Bit Manipulation/BinaryToDecimal.java. Using fallback presentation compiler.
2026.04.16 14:14:00 WARN  no build target for: /Users/shreyashsature/Coding/JAVA-DSA-practice/F_Bit Manipulation/BinaryToDecimal.java
2026.04.16 14:14:00 INFO  no build target found for /Users/shreyashsature/Coding/JAVA-DSA-practice/F_Bit Manipulation/BinaryToDecimal.java. Using fallback presentation compiler.
2026.04.16 14:14:01 WARN  no build target for: /Users/shreyashsature/Coding/JAVA-DSA-practice/F_Bit Manipulation/BinaryToDecimal.java
2026.04.16 14:14:01 INFO  no build target found for /Users/shreyashsature/Coding/JAVA-DSA-practice/F_Bit Manipulation/BinaryToDecimal.java. Using fallback presentation compiler.
2026.04.16 14:14:01 INFO  no build target found for /Users/shreyashsature/Coding/JAVA-DSA-practice/F_Bit Manipulation/BinaryToDecimal.java. Using fallback presentation compiler.
2026.04.16 14:14:02 INFO  no build target found for /Users/shreyashsature/Coding/JAVA-DSA-practice/F_Bit Manipulation/BinaryToDecimal.java. Using fallback presentation compiler.
2026.04.16 14:14:02 INFO  no build target found for /Users/shreyashsature/Coding/JAVA-DSA-practice/F_Bit Manipulation/BinaryToDecimal.java. Using fallback presentation compiler.
2026.04.16 14:14:33 INFO  no build target found for /Users/shreyashsature/Coding/JAVA-DSA-practice/F_Bit Manipulation/BinaryToDecimal.java. Using fallback presentation compiler.
2026.04.16 14:14:33 INFO  no build target found for /Users/shreyashsature/Coding/JAVA-DSA-practice/F_Bit Manipulation/BinaryToDecimal.java. Using fallback presentation compiler.
2026.04.16 14:14:33 INFO  no build target found for /Users/shreyashsature/Coding/JAVA-DSA-practice/F_Bit Manipulation/BinaryToDecimal.java. Using fallback presentation compiler.
2026.04.16 14:14:34 WARN  Running javac-semanticdb failed for file:///Users/shreyashsature/Coding/JAVA-DSA-practice/F_Bit%20Manipulation/BinaryToDecimal.java. Output:

2026.04.16 14:14:34 INFO  no build target found for /Users/shreyashsature/Coding/JAVA-DSA-practice/F_Bit Manipulation/BinaryToDecimal.java. Using fallback presentation compiler.
2026.04.16 14:14:34 INFO  no build target found for /Users/shreyashsature/Coding/JAVA-DSA-practice/F_Bit Manipulation/BinaryToDecimal.java. Using fallback presentation compiler.
2026.04.16 14:14:36 INFO  no build target found for /Users/shreyashsature/Coding/JAVA-DSA-practice/F_Bit Manipulation/BinaryToDecimal.java. Using fallback presentation compiler.
2026.04.16 14:14:36 INFO  no build target found for /Users/shreyashsature/Coding/JAVA-DSA-practice/F_Bit Manipulation/BinaryToDecimal.java. Using fallback presentation compiler.
2026.04.16 14:14:36 INFO  no build target found for /Users/shreyashsature/Coding/JAVA-DSA-practice/F_Bit Manipulation/BinaryToDecimal.java. Using fallback presentation compiler.
2026.04.16 14:14:36 INFO  no build target found for /Users/shreyashsature/Coding/JAVA-DSA-practice/F_Bit Manipulation/BinaryToDecimal.java. Using fallback presentation compiler.
2026.04.16 14:14:36 INFO  no build target found for /Users/shreyashsature/Coding/JAVA-DSA-practice/F_Bit Manipulation/BinaryToDecimal.java. Using fallback presentation compiler.
2026.04.16 14:14:36 INFO  no build target found for /Users/shreyashsature/Coding/JAVA-DSA-practice/F_Bit Manipulation/BinaryToDecimal.java. Using fallback presentation compiler.
2026.04.16 14:14:36 INFO  no build target found for /Users/shreyashsature/Coding/JAVA-DSA-practice/F_Bit Manipulation/BinaryToDecimal.java. Using fallback presentation compiler.
2026.04.16 14:14:36 INFO  no build target found for /Users/shreyashsature/Coding/JAVA-DSA-practice/F_Bit Manipulation/BinaryToDecimal.java. Using fallback presentation compiler.
2026.04.16 14:14:36 WARN  Running javac-semanticdb failed for file:///Users/shreyashsature/Coding/JAVA-DSA-practice/F_Bit%20Manipulation/BinaryToDecimal.java. Output:

2026.04.16 14:14:37 INFO  no build target found for /Users/shreyashsature/Coding/JAVA-DSA-practice/F_Bit Manipulation/BinaryToDecimal.java. Using fallback presentation compiler.
2026.04.16 14:14:37 INFO  no build target found for /Users/shreyashsature/Coding/JAVA-DSA-practice/F_Bit Manipulation/BinaryToDecimal.java. Using fallback presentation compiler.
2026.04.16 14:14:37 INFO  no build target found for /Users/shreyashsature/Coding/JAVA-DSA-practice/F_Bit Manipulation/BinaryToDecimal.java. Using fallback presentation compiler.
2026.04.16 14:14:38 WARN  Running javac-semanticdb failed for file:///Users/shreyashsature/Coding/JAVA-DSA-practice/F_Bit%20Manipulation/BinaryToDecimal.java. Output:

2026.04.16 14:14:38 INFO  no build target found for /Users/shreyashsature/Coding/JAVA-DSA-practice/F_Bit Manipulation/BinaryToDecimal.java. Using fallback presentation compiler.
2026.04.16 14:14:38 INFO  no build target found for /Users/shreyashsature/Coding/JAVA-DSA-practice/F_Bit Manipulation/BinaryToDecimal.java. Using fallback presentation compiler.
2026.04.16 14:14:38 INFO  no build target found for /Users/shreyashsature/Coding/JAVA-DSA-practice/F_Bit Manipulation/BinaryToDecimal.java. Using fallback presentation compiler.
2026.04.16 14:14:38 WARN  Running javac-semanticdb failed for file:///Users/shreyashsature/Coding/JAVA-DSA-practice/F_Bit%20Manipulation/BinaryToDecimal.java. Output:

2026.04.16 14:14:38 INFO  no build target found for /Users/shreyashsature/Coding/JAVA-DSA-practice/F_Bit Manipulation/BinaryToDecimal.java. Using fallback presentation compiler.
2026.04.16 14:14:38 INFO  no build target found for /Users/shreyashsature/Coding/JAVA-DSA-practice/F_Bit Manipulation/BinaryToDecimal.java. Using fallback presentation compiler.
2026.04.16 14:14:39 INFO  no build target found for /Users/shreyashsature/Coding/JAVA-DSA-practice/F_Bit Manipulation/BinaryToDecimal.java. Using fallback presentation compiler.
2026.04.16 14:14:39 INFO  no build target found for /Users/shreyashsature/Coding/JAVA-DSA-practice/F_Bit Manipulation/BinaryToDecimal.java. Using fallback presentation compiler.
2026.04.16 14:14:39 INFO  no build target found for /Users/shreyashsature/Coding/JAVA-DSA-practice/F_Bit Manipulation/BinaryToDecimal.java. Using fallback presentation compiler.
2026.04.16 14:14:40 WARN  Running javac-semanticdb failed for file:///Users/shreyashsature/Coding/JAVA-DSA-practice/F_Bit%20Manipulation/BinaryToDecimal.java. Output:

2026.04.16 14:14:39 INFO  no build target found for /Users/shreyashsature/Coding/JAVA-DSA-practice/F_Bit Manipulation/BinaryToDecimal.java. Using fallback presentation compiler.
2026.04.16 14:14:41 INFO  no build target found for /Users/shreyashsature/Coding/JAVA-DSA-practice/F_Bit Manipulation/BinaryToDecimal.java. Using fallback presentation compiler.
2026.04.16 14:14:41 INFO  no build target found for /Users/shreyashsature/Coding/JAVA-DSA-practice/F_Bit Manipulation/BinaryToDecimal.java. Using fallback presentation compiler.
2026.04.16 14:14:41 INFO  no build target found for /Users/shreyashsature/Coding/JAVA-DSA-practice/F_Bit Manipulation/BinaryToDecimal.java. Using fallback presentation compiler.
2026.04.16 14:14:41 WARN  Running javac-semanticdb failed for file:///Users/shreyashsature/Coding/JAVA-DSA-practice/F_Bit%20Manipulation/BinaryToDecimal.java. Output:

2026.04.16 14:14:41 INFO  no build target found for /Users/shreyashsature/Coding/JAVA-DSA-practice/F_Bit Manipulation/BinaryToDecimal.java. Using fallback presentation compiler.
2026.04.16 14:14:43 INFO  no build target found for /Users/shreyashsature/Coding/JAVA-DSA-practice/F_Bit Manipulation/BinaryToDecimal.java. Using fallback presentation compiler.
2026.04.16 14:14:43 INFO  no build target found for /Users/shreyashsature/Coding/JAVA-DSA-practice/F_Bit Manipulation/BinaryToDecimal.java. Using fallback presentation compiler.
2026.04.16 14:14:43 WARN  Running javac-semanticdb failed for file:///Users/shreyashsature/Coding/JAVA-DSA-practice/F_Bit%20Manipulation/BinaryToDecimal.java. Output:

2026.04.16 14:14:43 INFO  no build target found for /Users/shreyashsature/Coding/JAVA-DSA-practice/F_Bit Manipulation/BinaryToDecimal.java. Using fallback presentation compiler.
2026.04.16 14:14:43 INFO  no build target found for /Users/shreyashsature/Coding/JAVA-DSA-practice/F_Bit Manipulation/BinaryToDecimal.java. Using fallback presentation compiler.
2026.04.16 14:14:43 INFO  no build target found for /Users/shreyashsature/Coding/JAVA-DSA-practice/F_Bit Manipulation/BinaryToDecimal.java. Using fallback presentation compiler.
2026.04.16 14:14:44 INFO  no build target found for /Users/shreyashsature/Coding/JAVA-DSA-practice/F_Bit Manipulation/BinaryToDecimal.java. Using fallback presentation compiler.
2026.04.16 14:14:43 WARN  Running javac-semanticdb failed for file:///Users/shreyashsature/Coding/JAVA-DSA-practice/F_Bit%20Manipulation/BinaryToDecimal.java. Output:

2026.04.16 14:14:44 INFO  no build target found for /Users/shreyashsature/Coding/JAVA-DSA-practice/F_Bit Manipulation/BinaryToDecimal.java. Using fallback presentation compiler.
2026.04.16 14:14:44 INFO  no build target found for /Users/shreyashsature/Coding/JAVA-DSA-practice/F_Bit Manipulation/BinaryToDecimal.java. Using fallback presentation compiler.
2026.04.16 14:14:45 INFO  no build target found for /Users/shreyashsature/Coding/JAVA-DSA-practice/F_Bit Manipulation/BinaryToDecimal.java. Using fallback presentation compiler.
2026.04.16 14:14:45 INFO  no build target found for /Users/shreyashsature/Coding/JAVA-DSA-practice/F_Bit Manipulation/BinaryToDecimal.java. Using fallback presentation compiler.
2026.04.16 14:14:45 INFO  no build target found for /Users/shreyashsature/Coding/JAVA-DSA-practice/F_Bit Manipulation/BinaryToDecimal.java. Using fallback presentation compiler.
2026.04.16 14:14:45 INFO  no build target found for /Users/shreyashsature/Coding/JAVA-DSA-practice/F_Bit Manipulation/BinaryToDecimal.java. Using fallback presentation compiler.
2026.04.16 14:14:45 WARN  Running javac-semanticdb failed for file:///Users/shreyashsature/Coding/JAVA-DSA-practice/F_Bit%20Manipulation/BinaryToDecimal.java. Output:

2026.04.16 14:14:45 INFO  no build target found for /Users/shreyashsature/Coding/JAVA-DSA-practice/F_Bit Manipulation/BinaryToDecimal.java. Using fallback presentation compiler.
2026.04.16 14:14:46 WARN  no build target for: /Users/shreyashsature/Coding/JAVA-DSA-practice/F_Bit Manipulation/BinaryToDecimal.java
2026.04.16 14:14:46 INFO  no build target found for /Users/shreyashsature/Coding/JAVA-DSA-practice/F_Bit Manipulation/BinaryToDecimal.java. Using fallback presentation compiler.
2026.04.16 14:14:47 INFO  no build target found for /Users/shreyashsature/Coding/JAVA-DSA-practice/F_Bit Manipulation/BinaryToDecimal.java. Using fallback presentation compiler.
2026.04.16 14:14:47 INFO  no build target found for /Users/shreyashsature/Coding/JAVA-DSA-practice/F_Bit Manipulation/BinaryToDecimal.java. Using fallback presentation compiler.
2026.04.16 14:14:48 WARN  no build target for: /Users/shreyashsature/Coding/JAVA-DSA-practice/F_Bit Manipulation/BinaryToDecimal.java
2026.04.16 14:14:48 INFO  no build target found for /Users/shreyashsature/Coding/JAVA-DSA-practice/F_Bit Manipulation/BinaryToDecimal.java. Using fallback presentation compiler.
2026.04.16 14:14:49 INFO  no build target found for /Users/shreyashsature/Coding/JAVA-DSA-practice/F_Bit Manipulation/BinaryToDecimal.java. Using fallback presentation compiler.
2026.04.16 14:15:11 INFO  no build target found for /Users/shreyashsature/Coding/JAVA-DSA-practice/F_Bit Manipulation/BinaryToDecimal.java. Using fallback presentation compiler.
2026.04.16 14:15:20 INFO  no build target found for /Users/shreyashsature/Coding/JAVA-DSA-practice/F_Bit Manipulation/BinaryToDecimal.java. Using fallback presentation compiler.
2026.04.16 14:15:22 INFO  no build target found for /Users/shreyashsature/Coding/JAVA-DSA-practice/F_Bit Manipulation/BinaryToDecimal.java. Using fallback presentation compiler.
2026.04.16 14:15:22 INFO  no build target found for /Users/shreyashsature/Coding/JAVA-DSA-practice/F_Bit Manipulation/BinaryToDecimal.java. Using fallback presentation compiler.
2026.04.16 14:15:24 INFO  no build target found for /Users/shreyashsature/Coding/JAVA-DSA-practice/F_Bit Manipulation/BinaryToDecimal.java. Using fallback presentation compiler.
2026.04.16 14:15:24 INFO  no build target found for /Users/shreyashsature/Coding/JAVA-DSA-practice/F_Bit Manipulation/BinaryToDecimal.java. Using fallback presentation compiler.
2026.04.16 14:15:24 INFO  no build target found for /Users/shreyashsature/Coding/JAVA-DSA-practice/F_Bit Manipulation/BinaryToDecimal.java. Using fallback presentation compiler.
2026.04.16 14:15:24 WARN  Running javac-semanticdb failed for file:///Users/shreyashsature/Coding/JAVA-DSA-practice/F_Bit%20Manipulation/BinaryToDecimal.java. Output:

2026.04.16 14:15:24 INFO  no build target found for /Users/shreyashsature/Coding/JAVA-DSA-practice/F_Bit Manipulation/BinaryToDecimal.java. Using fallback presentation compiler.
2026.04.16 14:15:24 INFO  no build target found for /Users/shreyashsature/Coding/JAVA-DSA-practice/F_Bit Manipulation/BinaryToDecimal.java. Using fallback presentation compiler.
2026.04.16 14:15:24 WARN  Running javac-semanticdb failed for file:///Users/shreyashsature/Coding/JAVA-DSA-practice/F_Bit%20Manipulation/BinaryToDecimal.java. Output:

2026.04.16 14:15:24 INFO  no build target found for /Users/shreyashsature/Coding/JAVA-DSA-practice/F_Bit Manipulation/BinaryToDecimal.java. Using fallback presentation compiler.
2026.04.16 14:15:24 INFO  no build target found for /Users/shreyashsature/Coding/JAVA-DSA-practice/F_Bit Manipulation/BinaryToDecimal.java. Using fallback presentation compiler.
2026.04.16 14:15:24 INFO  no build target found for /Users/shreyashsature/Coding/JAVA-DSA-practice/F_Bit Manipulation/BinaryToDecimal.java. Using fallback presentation compiler.
2026.04.16 14:15:25 INFO  no build target found for /Users/shreyashsature/Coding/JAVA-DSA-practice/F_Bit Manipulation/BinaryToDecimal.java. Using fallback presentation compiler.
2026.04.16 14:15:25 INFO  no build target found for /Users/shreyashsature/Coding/JAVA-DSA-practice/F_Bit Manipulation/BinaryToDecimal.java. Using fallback presentation compiler.
2026.04.16 14:15:24 WARN  Running javac-semanticdb failed for file:///Users/shreyashsature/Coding/JAVA-DSA-practice/F_Bit%20Manipulation/BinaryToDecimal.java. Output:

2026.04.16 14:15:25 INFO  no build target found for /Users/shreyashsature/Coding/JAVA-DSA-practice/F_Bit Manipulation/BinaryToDecimal.java. Using fallback presentation compiler.
2026.04.16 14:15:25 INFO  no build target found for /Users/shreyashsature/Coding/JAVA-DSA-practice/F_Bit Manipulation/BinaryToDecimal.java. Using fallback presentation compiler.
2026.04.16 14:15:25 INFO  no build target found for /Users/shreyashsature/Coding/JAVA-DSA-practice/F_Bit Manipulation/BinaryToDecimal.java. Using fallback presentation compiler.
2026.04.16 14:15:25 WARN  Running javac-semanticdb failed for file:///Users/shreyashsature/Coding/JAVA-DSA-practice/F_Bit%20Manipulation/BinaryToDecimal.java. Output:

2026.04.16 14:15:25 INFO  no build target found for /Users/shreyashsature/Coding/JAVA-DSA-practice/F_Bit Manipulation/BinaryToDecimal.java. Using fallback presentation compiler.
2026.04.16 14:15:27 INFO  no build target found for /Users/shreyashsature/Coding/JAVA-DSA-practice/F_Bit Manipulation/BinaryToDecimal.java. Using fallback presentation compiler.
2026.04.16 14:15:27 INFO  no build target found for /Users/shreyashsature/Coding/JAVA-DSA-practice/F_Bit Manipulation/BinaryToDecimal.java. Using fallback presentation compiler.
2026.04.16 14:15:27 INFO  no build target found for /Users/shreyashsature/Coding/JAVA-DSA-practice/F_Bit Manipulation/BinaryToDecimal.java. Using fallback presentation compiler.
2026.04.16 14:15:28 INFO  no build target found for /Users/shreyashsature/Coding/JAVA-DSA-practice/F_Bit Manipulation/BinaryToDecimal.java. Using fallback presentation compiler.
2026.04.16 14:15:28 INFO  no build target found for /Users/shreyashsature/Coding/JAVA-DSA-practice/F_Bit Manipulation/BinaryToDecimal.java. Using fallback presentation compiler.
2026.04.16 14:15:28 INFO  no build target found for /Users/shreyashsature/Coding/JAVA-DSA-practice/F_Bit Manipulation/BinaryToDecimal.java. Using fallback presentation compiler.
2026.04.16 14:15:29 INFO  no build target found for /Users/shreyashsature/Coding/JAVA-DSA-practice/F_Bit Manipulation/BinaryToDecimal.java. Using fallback presentation compiler.
2026.04.16 14:15:29 INFO  no build target found for /Users/shreyashsature/Coding/JAVA-DSA-practice/F_Bit Manipulation/BinaryToDecimal.java. Using fallback presentation compiler.
2026.04.16 14:15:29 INFO  no build target found for /Users/shreyashsature/Coding/JAVA-DSA-practice/F_Bit Manipulation/BinaryToDecimal.java. Using fallback presentation compiler.
2026.04.16 14:15:30 WARN  Running javac-semanticdb failed for file:///Users/shreyashsature/Coding/JAVA-DSA-practice/F_Bit%20Manipulation/BinaryToDecimal.java. Output:

2026.04.16 14:15:30 INFO  no build target found for /Users/shreyashsature/Coding/JAVA-DSA-practice/F_Bit Manipulation/BinaryToDecimal.java. Using fallback presentation compiler.
2026.04.16 14:15:30 INFO  no build target found for /Users/shreyashsature/Coding/JAVA-DSA-practice/F_Bit Manipulation/BinaryToDecimal.java. Using fallback presentation compiler.
2026.04.16 14:15:30 INFO  no build target found for /Users/shreyashsature/Coding/JAVA-DSA-practice/F_Bit Manipulation/BinaryToDecimal.java. Using fallback presentation compiler.
2026.04.16 14:15:30 INFO  no build target found for /Users/shreyashsature/Coding/JAVA-DSA-practice/F_Bit Manipulation/BinaryToDecimal.java. Using fallback presentation compiler.
2026.04.16 14:15:30 INFO  no build target found for /Users/shreyashsature/Coding/JAVA-DSA-practice/F_Bit Manipulation/BinaryToDecimal.java. Using fallback presentation compiler.
2026.04.16 14:15:30 INFO  no build target found for /Users/shreyashsature/Coding/JAVA-DSA-practice/F_Bit Manipulation/BinaryToDecimal.java. Using fallback presentation compiler.
2026.04.16 14:15:30 INFO  no build target found for /Users/shreyashsature/Coding/JAVA-DSA-practice/F_Bit Manipulation/BinaryToDecimal.java. Using fallback presentation compiler.
2026.04.16 14:15:30 INFO  no build target found for /Users/shreyashsature/Coding/JAVA-DSA-practice/F_Bit Manipulation/BinaryToDecimal.java. Using fallback presentation compiler.
2026.04.16 14:15:31 INFO  no build target found for /Users/shreyashsature/Coding/JAVA-DSA-practice/F_Bit Manipulation/BinaryToDecimal.java. Using fallback presentation compiler.
2026.04.16 14:15:31 INFO  no build target found for /Users/shreyashsature/Coding/JAVA-DSA-practice/F_Bit Manipulation/BinaryToDecimal.java. Using fallback presentation compiler.
2026.04.16 14:15:31 INFO  no build target found for /Users/shreyashsature/Coding/JAVA-DSA-practice/F_Bit Manipulation/BinaryToDecimal.java. Using fallback presentation compiler.
2026.04.16 14:15:31 INFO  no build target found for /Users/shreyashsature/Coding/JAVA-DSA-practice/F_Bit Manipulation/BinaryToDecimal.java. Using fallback presentation compiler.
2026.04.16 14:15:31 INFO  no build target found for /Users/shreyashsature/Coding/JAVA-DSA-practice/F_Bit Manipulation/BinaryToDecimal.java. Using fallback presentation compiler.
2026.04.16 14:15:31 INFO  no build target found for /Users/shreyashsature/Coding/JAVA-DSA-practice/F_Bit Manipulation/BinaryToDecimal.java. Using fallback presentation compiler.
2026.04.16 14:15:32 WARN  Running javac-semanticdb failed for file:///Users/shreyashsature/Coding/JAVA-DSA-practice/F_Bit%20Manipulation/BinaryToDecimal.java. Output:

2026.04.16 14:15:32 INFO  no build target found for /Users/shreyashsature/Coding/JAVA-DSA-practice/F_Bit Manipulation/BinaryToDecimal.java. Using fallback presentation compiler.
2026.04.16 14:15:32 INFO  no build target found for /Users/shreyashsature/Coding/JAVA-DSA-practice/F_Bit Manipulation/BinaryToDecimal.java. Using fallback presentation compiler.
2026.04.16 14:15:32 INFO  no build target found for /Users/shreyashsature/Coding/JAVA-DSA-practice/F_Bit Manipulation/BinaryToDecimal.java. Using fallback presentation compiler.
2026.04.16 14:15:32 INFO  no build target found for /Users/shreyashsature/Coding/JAVA-DSA-practice/F_Bit Manipulation/BinaryToDecimal.java. Using fallback presentation compiler.
2026.04.16 14:15:32 INFO  no build target found for /Users/shreyashsature/Coding/JAVA-DSA-practice/F_Bit Manipulation/BinaryToDecimal.java. Using fallback presentation compiler.
2026.04.16 14:15:34 INFO  no build target found for /Users/shreyashsature/Coding/JAVA-DSA-practice/F_Bit Manipulation/BinaryToDecimal.java. Using fallback presentation compiler.
2026.04.16 14:15:34 INFO  no build target found for /Users/shreyashsature/Coding/JAVA-DSA-practice/F_Bit Manipulation/BinaryToDecimal.java. Using fallback presentation compiler.
2026.04.16 14:15:34 INFO  no build target found for /Users/shreyashsature/Coding/JAVA-DSA-practice/F_Bit Manipulation/BinaryToDecimal.java. Using fallback presentation compiler.
2026.04.16 14:15:34 WARN  Running javac-semanticdb failed for file:///Users/shreyashsature/Coding/JAVA-DSA-practice/F_Bit%20Manipulation/BinaryToDecimal.java. Output:

2026.04.16 14:15:34 INFO  no build target found for /Users/shreyashsature/Coding/JAVA-DSA-practice/F_Bit Manipulation/BinaryToDecimal.java. Using fallback presentation compiler.
2026.04.16 14:15:34 INFO  no build target found for /Users/shreyashsature/Coding/JAVA-DSA-practice/F_Bit Manipulation/BinaryToDecimal.java. Using fallback presentation compiler.
2026.04.16 14:15:35 INFO  no build target found for /Users/shreyashsature/Coding/JAVA-DSA-practice/F_Bit Manipulation/BinaryToDecimal.java. Using fallback presentation compiler.
2026.04.16 14:15:35 INFO  no build target found for /Users/shreyashsature/Coding/JAVA-DSA-practice/F_Bit Manipulation/BinaryToDecimal.java. Using fallback presentation compiler.
2026.04.16 14:15:35 INFO  no build target found for /Users/shreyashsature/Coding/JAVA-DSA-practice/F_Bit Manipulation/BinaryToDecimal.java. Using fallback presentation compiler.
2026.04.16 14:15:36 INFO  no build target found for /Users/shreyashsature/Coding/JAVA-DSA-practice/F_Bit Manipulation/BinaryToDecimal.java. Using fallback presentation compiler.
2026.04.16 14:15:36 INFO  no build target found for /Users/shreyashsature/Coding/JAVA-DSA-practice/F_Bit Manipulation/BinaryToDecimal.java. Using fallback presentation compiler.
2026.04.16 14:15:36 INFO  no build target found for /Users/shreyashsature/Coding/JAVA-DSA-practice/F_Bit Manipulation/BinaryToDecimal.java. Using fallback presentation compiler.
2026.04.16 14:15:37 INFO  no build target found for /Users/shreyashsature/Coding/JAVA-DSA-practice/F_Bit Manipulation/BinaryToDecimal.java. Using fallback presentation compiler.
2026.04.16 14:15:36 INFO  no build target found for /Users/shreyashsature/Coding/JAVA-DSA-practice/F_Bit Manipulation/BinaryToDecimal.java. Using fallback presentation compiler.
2026.04.16 14:15:37 WARN  Running javac-semanticdb failed for file:///Users/shreyashsature/Coding/JAVA-DSA-practice/F_Bit%20Manipulation/BinaryToDecimal.java. Output:

2026.04.16 14:15:36 INFO  no build target found for /Users/shreyashsature/Coding/JAVA-DSA-practice/F_Bit Manipulation/BinaryToDecimal.java. Using fallback presentation compiler.
2026.04.16 14:15:36 INFO  no build target found for /Users/shreyashsature/Coding/JAVA-DSA-practice/F_Bit Manipulation/BinaryToDecimal.java. Using fallback presentation compiler.
2026.04.16 14:15:37 INFO  no build target found for /Users/shreyashsature/Coding/JAVA-DSA-practice/F_Bit Manipulation/BinaryToDecimal.java. Using fallback presentation compiler.
2026.04.16 14:15:37 INFO  no build target found for /Users/shreyashsature/Coding/JAVA-DSA-practice/F_Bit Manipulation/BinaryToDecimal.java. Using fallback presentation compiler.
2026.04.16 14:15:37 INFO  no build target found for /Users/shreyashsature/Coding/JAVA-DSA-practice/F_Bit Manipulation/BinaryToDecimal.java. Using fallback presentation compiler.
2026.04.16 14:15:37 WARN  Running javac-semanticdb failed for file:///Users/shreyashsature/Coding/JAVA-DSA-practice/F_Bit%20Manipulation/BinaryToDecimal.java. Output:

2026.04.16 14:15:37 INFO  no build target found for /Users/shreyashsature/Coding/JAVA-DSA-practice/F_Bit Manipulation/BinaryToDecimal.java. Using fallback presentation compiler.
2026.04.16 14:15:37 INFO  no build target found for /Users/shreyashsature/Coding/JAVA-DSA-practice/F_Bit Manipulation/BinaryToDecimal.java. Using fallback presentation compiler.
2026.04.16 14:15:40 INFO  no build target found for /Users/shreyashsature/Coding/JAVA-DSA-practice/F_Bit Manipulation/BinaryToDecimal.java. Using fallback presentation compiler.
2026.04.16 14:15:40 INFO  no build target found for /Users/shreyashsature/Coding/JAVA-DSA-practice/F_Bit Manipulation/BinaryToDecimal.java. Using fallback presentation compiler.
2026.04.16 14:15:40 INFO  no build target found for /Users/shreyashsature/Coding/JAVA-DSA-practice/F_Bit Manipulation/BinaryToDecimal.java. Using fallback presentation compiler.
2026.04.16 14:15:41 INFO  no build target found for /Users/shreyashsature/Coding/JAVA-DSA-practice/F_Bit Manipulation/BinaryToDecimal.java. Using fallback presentation compiler.
2026.04.16 14:15:41 INFO  no build target found for /Users/shreyashsature/Coding/JAVA-DSA-practice/F_Bit Manipulation/BinaryToDecimal.java. Using fallback presentation compiler.
2026.04.16 14:15:41 INFO  no build target found for /Users/shreyashsature/Coding/JAVA-DSA-practice/F_Bit Manipulation/BinaryToDecimal.java. Using fallback presentation compiler.
2026.04.16 14:15:41 INFO  no build target found for /Users/shreyashsature/Coding/JAVA-DSA-practice/F_Bit Manipulation/BinaryToDecimal.java. Using fallback presentation compiler.
2026.04.16 14:15:42 WARN  Running javac-semanticdb failed for file:///Users/shreyashsature/Coding/JAVA-DSA-practice/F_Bit%20Manipulation/BinaryToDecimal.java. Output:

2026.04.16 14:15:42 INFO  no build target found for /Users/shreyashsature/Coding/JAVA-DSA-practice/F_Bit Manipulation/BinaryToDecimal.java. Using fallback presentation compiler.
2026.04.16 14:15:41 INFO  no build target found for /Users/shreyashsature/Coding/JAVA-DSA-practice/F_Bit Manipulation/BinaryToDecimal.java. Using fallback presentation compiler.
2026.04.16 14:15:42 WARN  Running javac-semanticdb failed for file:///Users/shreyashsature/Coding/JAVA-DSA-practice/F_Bit%20Manipulation/BinaryToDecimal.java. Output:

2026.04.16 14:15:41 INFO  no build target found for /Users/shreyashsature/Coding/JAVA-DSA-practice/F_Bit Manipulation/BinaryToDecimal.java. Using fallback presentation compiler.
2026.04.16 14:15:42 INFO  no build target found for /Users/shreyashsature/Coding/JAVA-DSA-practice/F_Bit Manipulation/BinaryToDecimal.java. Using fallback presentation compiler.
2026.04.16 14:15:43 INFO  no build target found for /Users/shreyashsature/Coding/JAVA-DSA-practice/F_Bit Manipulation/BinaryToDecimal.java. Using fallback presentation compiler.
2026.04.16 14:15:43 INFO  no build target found for /Users/shreyashsature/Coding/JAVA-DSA-practice/F_Bit Manipulation/BinaryToDecimal.java. Using fallback presentation compiler.
2026.04.16 14:15:43 INFO  no build target found for /Users/shreyashsature/Coding/JAVA-DSA-practice/F_Bit Manipulation/BinaryToDecimal.java. Using fallback presentation compiler.
2026.04.16 14:15:45 INFO  no build target found for /Users/shreyashsature/Coding/JAVA-DSA-practice/F_Bit Manipulation/BinaryToDecimal.java. Using fallback presentation compiler.
2026.04.16 14:15:47 INFO  no build target found for /Users/shreyashsature/Coding/JAVA-DSA-practice/F_Bit Manipulation/BinaryToDecimal.java. Using fallback presentation compiler.
2026.04.16 14:15:47 INFO  no build target found for /Users/shreyashsature/Coding/JAVA-DSA-practice/F_Bit Manipulation/BinaryToDecimal.java. Using fallback presentation compiler.
2026.04.16 14:15:47 WARN  Running javac-semanticdb failed for file:///Users/shreyashsature/Coding/JAVA-DSA-practice/F_Bit%20Manipulation/BinaryToDecimal.java. Output:

2026.04.16 14:15:47 INFO  no build target found for /Users/shreyashsature/Coding/JAVA-DSA-practice/F_Bit Manipulation/BinaryToDecimal.java. Using fallback presentation compiler.
2026.04.16 14:15:47 INFO  no build target found for /Users/shreyashsature/Coding/JAVA-DSA-practice/F_Bit Manipulation/BinaryToDecimal.java. Using fallback presentation compiler.
2026.04.16 14:15:48 INFO  no build target found for /Users/shreyashsature/Coding/JAVA-DSA-practice/F_Bit Manipulation/BinaryToDecimal.java. Using fallback presentation compiler.
2026.04.16 14:15:49 INFO  no build target found for /Users/shreyashsature/Coding/JAVA-DSA-practice/F_Bit Manipulation/BinaryToDecimal.java. Using fallback presentation compiler.
2026.04.16 14:15:51 INFO  no build target found for /Users/shreyashsature/Coding/JAVA-DSA-practice/F_Bit Manipulation/BinaryToDecimal.java. Using fallback presentation compiler.
2026.04.16 14:15:51 INFO  no build target found for /Users/shreyashsature/Coding/JAVA-DSA-practice/F_Bit Manipulation/BinaryToDecimal.java. Using fallback presentation compiler.
2026.04.16 14:15:51 WARN  Running javac-semanticdb failed for file:///Users/shreyashsature/Coding/JAVA-DSA-practice/F_Bit%20Manipulation/BinaryToDecimal.java. Output:

2026.04.16 14:15:51 INFO  no build target found for /Users/shreyashsature/Coding/JAVA-DSA-practice/F_Bit Manipulation/BinaryToDecimal.java. Using fallback presentation compiler.
2026.04.16 14:15:51 INFO  no build target found for /Users/shreyashsature/Coding/JAVA-DSA-practice/F_Bit Manipulation/BinaryToDecimal.java. Using fallback presentation compiler.
2026.04.16 14:15:52 INFO  no build target found for /Users/shreyashsature/Coding/JAVA-DSA-practice/F_Bit Manipulation/BinaryToDecimal.java. Using fallback presentation compiler.
2026.04.16 14:15:52 INFO  no build target found for /Users/shreyashsature/Coding/JAVA-DSA-practice/F_Bit Manipulation/BinaryToDecimal.java. Using fallback presentation compiler.
2026.04.16 14:15:52 INFO  no build target found for /Users/shreyashsature/Coding/JAVA-DSA-practice/F_Bit Manipulation/BinaryToDecimal.java. Using fallback presentation compiler.
2026.04.16 14:15:52 WARN  Running javac-semanticdb failed for file:///Users/shreyashsature/Coding/JAVA-DSA-practice/F_Bit%20Manipulation/BinaryToDecimal.java. Output:

2026.04.16 14:15:53 INFO  no build target found for /Users/shreyashsature/Coding/JAVA-DSA-practice/F_Bit Manipulation/BinaryToDecimal.java. Using fallback presentation compiler.
2026.04.16 14:15:52 INFO  no build target found for /Users/shreyashsature/Coding/JAVA-DSA-practice/F_Bit Manipulation/BinaryToDecimal.java. Using fallback presentation compiler.
2026.04.16 14:15:53 WARN  no build target for: /Users/shreyashsature/Coding/JAVA-DSA-practice/F_Bit Manipulation/BinaryToDecimal.java
2026.04.16 14:15:53 INFO  no build target found for /Users/shreyashsature/Coding/JAVA-DSA-practice/F_Bit Manipulation/BinaryToDecimal.java. Using fallback presentation compiler.
2026.04.16 14:15:54 INFO  no build target found for /Users/shreyashsature/Coding/JAVA-DSA-practice/F_Bit Manipulation/BinaryToDecimal.java. Using fallback presentation compiler.
2026.04.16 14:15:56 INFO  no build target found for /Users/shreyashsature/Coding/JAVA-DSA-practice/F_Bit Manipulation/BinaryToDecimal.java. Using fallback presentation compiler.
2026.04.16 14:15:57 WARN  no build target for: /Users/shreyashsature/Coding/JAVA-DSA-practice/F_Bit Manipulation/BinaryToDecimal.java
2026.04.16 14:15:57 INFO  no build target found for /Users/shreyashsature/Coding/JAVA-DSA-practice/F_Bit Manipulation/BinaryToDecimal.java. Using fallback presentation compiler.
2026.04.16 14:15:57 WARN  no build target for: /Users/shreyashsature/Coding/JAVA-DSA-practice/F_Bit Manipulation/BinaryToDecimal.java
2026.04.16 14:15:57 INFO  no build target found for /Users/shreyashsature/Coding/JAVA-DSA-practice/F_Bit Manipulation/BinaryToDecimal.java. Using fallback presentation compiler.
2026.04.16 14:15:58 INFO  no build target found for /Users/shreyashsature/Coding/JAVA-DSA-practice/F_Bit Manipulation/BinaryToDecimal.java. Using fallback presentation compiler.
2026.04.16 14:15:58 INFO  no build target found for /Users/shreyashsature/Coding/JAVA-DSA-practice/F_Bit Manipulation/BinaryToDecimal.java. Using fallback presentation compiler.
2026.04.16 14:15:58 INFO  no build target found for /Users/shreyashsature/Coding/JAVA-DSA-practice/F_Bit Manipulation/BinaryToDecimal.java. Using fallback presentation compiler.
2026.04.16 14:16:31 INFO  no build target found for /Users/shreyashsature/Coding/JAVA-DSA-practice/F_Bit Manipulation/BinaryToDecimal.java. Using fallback presentation compiler.
2026.04.16 14:16:34 INFO  no build target found for /Users/shreyashsature/Coding/JAVA-DSA-practice/F_Bit Manipulation/BinaryToDecimal.java. Using fallback presentation compiler.
2026.04.16 14:16:36 INFO  no build target found for /Users/shreyashsature/Coding/JAVA-DSA-practice/F_Bit Manipulation/BinaryToDecimal.java. Using fallback presentation compiler.
2026.04.16 14:16:36 INFO  no build target found for /Users/shreyashsature/Coding/JAVA-DSA-practice/F_Bit Manipulation/BinaryToDecimal.java. Using fallback presentation compiler.
2026.04.16 14:16:37 INFO  no build target found for /Users/shreyashsature/Coding/JAVA-DSA-practice/F_Bit Manipulation/BinaryToDecimal.java. Using fallback presentation compiler.
2026.04.16 14:16:37 INFO  no build target found for /Users/shreyashsature/Coding/JAVA-DSA-practice/F_Bit Manipulation/BinaryToDecimal.java. Using fallback presentation compiler.
2026.04.16 14:16:38 INFO  no build target found for /Users/shreyashsature/Coding/JAVA-DSA-practice/F_Bit Manipulation/BinaryToDecimal.java. Using fallback presentation compiler.
2026.04.16 14:16:48 INFO  no build target found for /Users/shreyashsature/Coding/JAVA-DSA-practice/F_Bit Manipulation/BinaryToDecimal.java. Using fallback presentation compiler.
2026.04.16 14:16:49 INFO  no build target found for /Users/shreyashsature/Coding/JAVA-DSA-practice/F_Bit Manipulation/BinaryToDecimal.java. Using fallback presentation compiler.
2026.04.16 14:16:49 INFO  no build target found for /Users/shreyashsature/Coding/JAVA-DSA-practice/F_Bit Manipulation/BinaryToDecimal.java. Using fallback presentation compiler.
2026.04.16 14:16:49 WARN  Running javac-semanticdb failed for file:///Users/shreyashsature/Coding/JAVA-DSA-practice/F_Bit%20Manipulation/BinaryToDecimal.java. Output:

2026.04.16 14:16:49 INFO  no build target found for /Users/shreyashsature/Coding/JAVA-DSA-practice/F_Bit Manipulation/BinaryToDecimal.java. Using fallback presentation compiler.
2026.04.16 14:16:49 INFO  no build target found for /Users/shreyashsature/Coding/JAVA-DSA-practice/F_Bit Manipulation/BinaryToDecimal.java. Using fallback presentation compiler.
2026.04.16 14:16:51 INFO  no build target found for /Users/shreyashsature/Coding/JAVA-DSA-practice/F_Bit Manipulation/BinaryToDecimal.java. Using fallback presentation compiler.
2026.04.16 14:16:51 INFO  no build target found for /Users/shreyashsature/Coding/JAVA-DSA-practice/F_Bit Manipulation/BinaryToDecimal.java. Using fallback presentation compiler.
2026.04.16 14:16:51 WARN  Running javac-semanticdb failed for file:///Users/shreyashsature/Coding/JAVA-DSA-practice/F_Bit%20Manipulation/BinaryToDecimal.java. Output:

2026.04.16 14:16:51 INFO  no build target found for /Users/shreyashsature/Coding/JAVA-DSA-practice/F_Bit Manipulation/BinaryToDecimal.java. Using fallback presentation compiler.
2026.04.16 14:16:51 INFO  no build target found for /Users/shreyashsature/Coding/JAVA-DSA-practice/F_Bit Manipulation/BinaryToDecimal.java. Using fallback presentation compiler.
2026.04.16 14:16:52 INFO  no build target found for /Users/shreyashsature/Coding/JAVA-DSA-practice/F_Bit Manipulation/BinaryToDecimal.java. Using fallback presentation compiler.
2026.04.16 14:16:52 INFO  no build target found for /Users/shreyashsature/Coding/JAVA-DSA-practice/F_Bit Manipulation/BinaryToDecimal.java. Using fallback presentation compiler.
2026.04.16 14:16:52 WARN  Running javac-semanticdb failed for file:///Users/shreyashsature/Coding/JAVA-DSA-practice/F_Bit%20Manipulation/BinaryToDecimal.java. Output:

2026.04.16 14:16:52 INFO  no build target found for /Users/shreyashsature/Coding/JAVA-DSA-practice/F_Bit Manipulation/BinaryToDecimal.java. Using fallback presentation compiler.
2026.04.16 14:16:52 INFO  no build target found for /Users/shreyashsature/Coding/JAVA-DSA-practice/F_Bit Manipulation/BinaryToDecimal.java. Using fallback presentation compiler.
2026.04.16 14:16:52 INFO  no build target found for /Users/shreyashsature/Coding/JAVA-DSA-practice/F_Bit Manipulation/BinaryToDecimal.java. Using fallback presentation compiler.
2026.04.16 14:16:52 WARN  Running javac-semanticdb failed for file:///Users/shreyashsature/Coding/JAVA-DSA-practice/F_Bit%20Manipulation/BinaryToDecimal.java. Output:

2026.04.16 14:16:52 INFO  no build target found for /Users/shreyashsature/Coding/JAVA-DSA-practice/F_Bit Manipulation/BinaryToDecimal.java. Using fallback presentation compiler.
2026.04.16 14:16:52 INFO  no build target found for /Users/shreyashsature/Coding/JAVA-DSA-practice/F_Bit Manipulation/BinaryToDecimal.java. Using fallback presentation compiler.
2026.04.16 14:16:52 INFO  no build target found for /Users/shreyashsature/Coding/JAVA-DSA-practice/F_Bit Manipulation/BinaryToDecimal.java. Using fallback presentation compiler.
2026.04.16 14:16:53 WARN  Running javac-semanticdb failed for file:///Users/shreyashsature/Coding/JAVA-DSA-practice/F_Bit%20Manipulation/BinaryToDecimal.java. Output:

2026.04.16 14:16:53 INFO  no build target found for /Users/shreyashsature/Coding/JAVA-DSA-practice/F_Bit Manipulation/BinaryToDecimal.java. Using fallback presentation compiler.
2026.04.16 14:16:53 INFO  no build target found for /Users/shreyashsature/Coding/JAVA-DSA-practice/F_Bit Manipulation/BinaryToDecimal.java. Using fallback presentation compiler.
2026.04.16 14:16:55 INFO  no build target found for /Users/shreyashsature/Coding/JAVA-DSA-practice/F_Bit Manipulation/BinaryToDecimal.java. Using fallback presentation compiler.
2026.04.16 14:16:57 INFO  no build target found for /Users/shreyashsature/Coding/JAVA-DSA-practice/F_Bit Manipulation/BinaryToDecimal.java. Using fallback presentation compiler.
2026.04.16 14:16:57 INFO  no build target found for /Users/shreyashsature/Coding/JAVA-DSA-practice/F_Bit Manipulation/BinaryToDecimal.java. Using fallback presentation compiler.
2026.04.16 14:16:57 INFO  no build target found for /Users/shreyashsature/Coding/JAVA-DSA-practice/F_Bit Manipulation/BinaryToDecimal.java. Using fallback presentation compiler.
2026.04.16 14:16:57 WARN  Running javac-semanticdb failed for file:///Users/shreyashsature/Coding/JAVA-DSA-practice/F_Bit%20Manipulation/BinaryToDecimal.java. Output:

2026.04.16 14:16:57 INFO  no build target found for /Users/shreyashsature/Coding/JAVA-DSA-practice/F_Bit Manipulation/BinaryToDecimal.java. Using fallback presentation compiler.
2026.04.16 14:16:57 INFO  no build target found for /Users/shreyashsature/Coding/JAVA-DSA-practice/F_Bit Manipulation/BinaryToDecimal.java. Using fallback presentation compiler.
2026.04.16 14:16:57 INFO  no build target found for /Users/shreyashsature/Coding/JAVA-DSA-practice/F_Bit Manipulation/BinaryToDecimal.java. Using fallback presentation compiler.
2026.04.16 14:16:58 INFO  no build target found for /Users/shreyashsature/Coding/JAVA-DSA-practice/F_Bit Manipulation/BinaryToDecimal.java. Using fallback presentation compiler.
2026.04.16 14:16:58 WARN  Running javac-semanticdb failed for file:///Users/shreyashsature/Coding/JAVA-DSA-practice/F_Bit%20Manipulation/BinaryToDecimal.java. Output:

2026.04.16 14:16:58 INFO  no build target found for /Users/shreyashsature/Coding/JAVA-DSA-practice/F_Bit Manipulation/BinaryToDecimal.java. Using fallback presentation compiler.
2026.04.16 14:16:58 INFO  no build target found for /Users/shreyashsature/Coding/JAVA-DSA-practice/F_Bit Manipulation/BinaryToDecimal.java. Using fallback presentation compiler.
2026.04.16 14:16:58 INFO  no build target found for /Users/shreyashsature/Coding/JAVA-DSA-practice/F_Bit Manipulation/BinaryToDecimal.java. Using fallback presentation compiler.
2026.04.16 14:16:59 INFO  no build target found for /Users/shreyashsature/Coding/JAVA-DSA-practice/F_Bit Manipulation/BinaryToDecimal.java. Using fallback presentation compiler.
2026.04.16 14:16:59 INFO  no build target found for /Users/shreyashsature/Coding/JAVA-DSA-practice/F_Bit Manipulation/BinaryToDecimal.java. Using fallback presentation compiler.
2026.04.16 14:16:59 WARN  Running javac-semanticdb failed for file:///Users/shreyashsature/Coding/JAVA-DSA-practice/F_Bit%20Manipulation/BinaryToDecimal.java. Output:

2026.04.16 14:16:59 INFO  no build target found for /Users/shreyashsature/Coding/JAVA-DSA-practice/F_Bit Manipulation/BinaryToDecimal.java. Using fallback presentation compiler.
2026.04.16 14:16:59 INFO  no build target found for /Users/shreyashsature/Coding/JAVA-DSA-practice/F_Bit Manipulation/BinaryToDecimal.java. Using fallback presentation compiler.
2026.04.16 14:16:59 INFO  no build target found for /Users/shreyashsature/Coding/JAVA-DSA-practice/F_Bit Manipulation/BinaryToDecimal.java. Using fallback presentation compiler.
2026.04.16 14:17:00 WARN  Running javac-semanticdb failed for file:///Users/shreyashsature/Coding/JAVA-DSA-practice/F_Bit%20Manipulation/BinaryToDecimal.java. Output:

2026.04.16 14:17:00 INFO  no build target found for /Users/shreyashsature/Coding/JAVA-DSA-practice/F_Bit Manipulation/BinaryToDecimal.java. Using fallback presentation compiler.
2026.04.16 14:17:00 INFO  no build target found for /Users/shreyashsature/Coding/JAVA-DSA-practice/F_Bit Manipulation/BinaryToDecimal.java. Using fallback presentation compiler.
2026.04.16 14:17:00 INFO  no build target found for /Users/shreyashsature/Coding/JAVA-DSA-practice/F_Bit Manipulation/BinaryToDecimal.java. Using fallback presentation compiler.
2026.04.16 14:17:00 INFO  no build target found for /Users/shreyashsature/Coding/JAVA-DSA-practice/F_Bit Manipulation/BinaryToDecimal.java. Using fallback presentation compiler.
2026.04.16 14:17:00 WARN  Running javac-semanticdb failed for file:///Users/shreyashsature/Coding/JAVA-DSA-practice/F_Bit%20Manipulation/BinaryToDecimal.java. Output:

2026.04.16 14:17:01 INFO  no build target found for /Users/shreyashsature/Coding/JAVA-DSA-practice/F_Bit Manipulation/BinaryToDecimal.java. Using fallback presentation compiler.
2026.04.16 14:17:00 INFO  no build target found for /Users/shreyashsature/Coding/JAVA-DSA-practice/F_Bit Manipulation/BinaryToDecimal.java. Using fallback presentation compiler.
2026.04.16 14:17:01 INFO  no build target found for /Users/shreyashsature/Coding/JAVA-DSA-practice/F_Bit Manipulation/BinaryToDecimal.java. Using fallback presentation compiler.
2026.04.16 14:17:01 INFO  no build target found for /Users/shreyashsature/Coding/JAVA-DSA-practice/F_Bit Manipulation/BinaryToDecimal.java. Using fallback presentation compiler.
2026.04.16 14:17:01 INFO  no build target found for /Users/shreyashsature/Coding/JAVA-DSA-practice/F_Bit Manipulation/BinaryToDecimal.java. Using fallback presentation compiler.
2026.04.16 14:17:01 WARN  Running javac-semanticdb failed for file:///Users/shreyashsature/Coding/JAVA-DSA-practice/F_Bit%20Manipulation/BinaryToDecimal.java. Output:

2026.04.16 14:17:01 INFO  no build target found for /Users/shreyashsature/Coding/JAVA-DSA-practice/F_Bit Manipulation/BinaryToDecimal.java. Using fallback presentation compiler.
2026.04.16 14:17:01 INFO  no build target found for /Users/shreyashsature/Coding/JAVA-DSA-practice/F_Bit Manipulation/BinaryToDecimal.java. Using fallback presentation compiler.
2026.04.16 14:17:01 INFO  no build target found for /Users/shreyashsature/Coding/JAVA-DSA-practice/F_Bit Manipulation/BinaryToDecimal.java. Using fallback presentation compiler.
2026.04.16 14:17:02 WARN  Running javac-semanticdb failed for file:///Users/shreyashsature/Coding/JAVA-DSA-practice/F_Bit%20Manipulation/BinaryToDecimal.java. Output:

2026.04.16 14:17:02 INFO  no build target found for /Users/shreyashsature/Coding/JAVA-DSA-practice/F_Bit Manipulation/BinaryToDecimal.java. Using fallback presentation compiler.
2026.04.16 14:17:03 INFO  no build target found for /Users/shreyashsature/Coding/JAVA-DSA-practice/F_Bit Manipulation/BinaryToDecimal.java. Using fallback presentation compiler.
2026.04.16 14:17:03 WARN  no build target for: /Users/shreyashsature/Coding/JAVA-DSA-practice/F_Bit Manipulation/BinaryToDecimal.java
2026.04.16 14:17:03 INFO  no build target found for /Users/shreyashsature/Coding/JAVA-DSA-practice/F_Bit Manipulation/BinaryToDecimal.java. Using fallback presentation compiler.
2026.04.16 14:17:03 WARN  no build target for: /Users/shreyashsature/Coding/JAVA-DSA-practice/F_Bit Manipulation/BinaryToDecimal.java
2026.04.16 14:17:03 INFO  no build target found for /Users/shreyashsature/Coding/JAVA-DSA-practice/F_Bit Manipulation/BinaryToDecimal.java. Using fallback presentation compiler.
2026.04.16 14:17:04 WARN  no build target for: /Users/shreyashsature/Coding/JAVA-DSA-practice/F_Bit Manipulation/BinaryToDecimal.java
2026.04.16 14:17:03 INFO  no build target found for /Users/shreyashsature/Coding/JAVA-DSA-practice/F_Bit Manipulation/BinaryToDecimal.java. Using fallback presentation compiler.
2026.04.16 14:17:04 INFO  no build target found for /Users/shreyashsature/Coding/JAVA-DSA-practice/F_Bit Manipulation/BinaryToDecimal.java. Using fallback presentation compiler.
2026.04.16 14:17:05 INFO  no build target found for /Users/shreyashsature/Coding/JAVA-DSA-practice/F_Bit Manipulation/BinaryToDecimal.java. Using fallback presentation compiler.
2026.04.16 14:17:05 INFO  no build target found for /Users/shreyashsature/Coding/JAVA-DSA-practice/F_Bit Manipulation/BinaryToDecimal.java. Using fallback presentation compiler.
2026.04.16 14:17:06 WARN  no build target for: /Users/shreyashsature/Coding/JAVA-DSA-practice/F_Bit Manipulation/BinaryToDecimal.java
2026.04.16 14:17:06 INFO  no build target found for /Users/shreyashsature/Coding/JAVA-DSA-practice/F_Bit Manipulation/BinaryToDecimal.java. Using fallback presentation compiler.
2026.04.16 14:17:06 WARN  no build target for: /Users/shreyashsature/Coding/JAVA-DSA-practice/F_Bit Manipulation/BinaryToDecimal.java
2026.04.16 14:17:06 INFO  no build target found for /Users/shreyashsature/Coding/JAVA-DSA-practice/F_Bit Manipulation/BinaryToDecimal.java. Using fallback presentation compiler.
2026.04.16 14:17:07 INFO  no build target found for /Users/shreyashsature/Coding/JAVA-DSA-practice/F_Bit Manipulation/BinaryToDecimal.java. Using fallback presentation compiler.
2026.04.16 14:17:07 INFO  no build target found for /Users/shreyashsature/Coding/JAVA-DSA-practice/F_Bit Manipulation/BinaryToDecimal.java. Using fallback presentation compiler.
2026.04.16 14:17:08 INFO  no build target found for /Users/shreyashsature/Coding/JAVA-DSA-practice/F_Bit Manipulation/BinaryToDecimal.java. Using fallback presentation compiler.
2026.04.16 14:17:08 INFO  no build target found for /Users/shreyashsature/Coding/JAVA-DSA-practice/F_Bit Manipulation/BinaryToDecimal.java. Using fallback presentation compiler.
2026.04.16 14:17:09 INFO  no build target found for /Users/shreyashsature/Coding/JAVA-DSA-practice/F_Bit Manipulation/BinaryToDecimal.java. Using fallback presentation compiler.
2026.04.16 14:17:09 INFO  no build target found for /Users/shreyashsature/Coding/JAVA-DSA-practice/F_Bit Manipulation/BinaryToDecimal.java. Using fallback presentation compiler.
2026.04.16 14:17:09 INFO  no build target found for /Users/shreyashsature/Coding/JAVA-DSA-practice/F_Bit Manipulation/BinaryToDecimal.java. Using fallback presentation compiler.
2026.04.16 14:17:09 INFO  no build target found for /Users/shreyashsature/Coding/JAVA-DSA-practice/F_Bit Manipulation/BinaryToDecimal.java. Using fallback presentation compiler.
2026.04.16 14:17:11 INFO  no build target found for /Users/shreyashsature/Coding/JAVA-DSA-practice/F_Bit Manipulation/BinaryToDecimal.java. Using fallback presentation compiler.
2026.04.16 14:17:11 WARN  Running javac-semanticdb failed for file:///Users/shreyashsature/Coding/JAVA-DSA-practice/F_Bit%20Manipulation/BinaryToDecimal.java. Output:

2026.04.16 14:17:11 INFO  no build target found for /Users/shreyashsature/Coding/JAVA-DSA-practice/F_Bit Manipulation/BinaryToDecimal.java. Using fallback presentation compiler.
2026.04.16 14:17:11 INFO  no build target found for /Users/shreyashsature/Coding/JAVA-DSA-practice/F_Bit Manipulation/BinaryToDecimal.java. Using fallback presentation compiler.
2026.04.16 14:17:11 INFO  no build target found for /Users/shreyashsature/Coding/JAVA-DSA-practice/F_Bit Manipulation/BinaryToDecimal.java. Using fallback presentation compiler.
2026.04.16 14:17:11 INFO  no build target found for /Users/shreyashsature/Coding/JAVA-DSA-practice/F_Bit Manipulation/BinaryToDecimal.java. Using fallback presentation compiler.
2026.04.16 14:17:12 INFO  no build target found for /Users/shreyashsature/Coding/JAVA-DSA-practice/F_Bit Manipulation/BinaryToDecimal.java. Using fallback presentation compiler.
2026.04.16 14:17:12 INFO  no build target found for /Users/shreyashsature/Coding/JAVA-DSA-practice/F_Bit Manipulation/BinaryToDecimal.java. Using fallback presentation compiler.
2026.04.16 14:17:13 WARN  no build target for: /Users/shreyashsature/Coding/JAVA-DSA-practice/F_Bit Manipulation/BinaryToDecimal.java
2026.04.16 14:17:13 INFO  no build target found for /Users/shreyashsature/Coding/JAVA-DSA-practice/F_Bit Manipulation/BinaryToDecimal.java. Using fallback presentation compiler.
2026.04.16 14:17:14 INFO  no build target found for /Users/shreyashsature/Coding/JAVA-DSA-practice/F_Bit Manipulation/BinaryToDecimal.java. Using fallback presentation compiler.
2026.04.16 14:17:39 INFO  no build target found for /Users/shreyashsature/Coding/JAVA-DSA-practice/F_Bit Manipulation/BinaryToDecimal.java. Using fallback presentation compiler.
2026.04.16 14:17:39 INFO  no build target found for /Users/shreyashsature/Coding/JAVA-DSA-practice/F_Bit Manipulation/BinaryToDecimal.java. Using fallback presentation compiler.
2026.04.16 14:17:40 INFO  no build target found for /Users/shreyashsature/Coding/JAVA-DSA-practice/F_Bit Manipulation/BinaryToDecimal.java. Using fallback presentation compiler.
2026.04.16 14:17:40 INFO  no build target found for /Users/shreyashsature/Coding/JAVA-DSA-practice/F_Bit Manipulation/BinaryToDecimal.java. Using fallback presentation compiler.
2026.04.16 14:17:41 INFO  no build target found for /Users/shreyashsature/Coding/JAVA-DSA-practice/F_Bit Manipulation/BinaryToDecimal.java. Using fallback presentation compiler.
2026.04.16 14:17:41 INFO  no build target found for /Users/shreyashsature/Coding/JAVA-DSA-practice/F_Bit Manipulation/BinaryToDecimal.java. Using fallback presentation compiler.
2026.04.16 14:17:43 INFO  no build target found for /Users/shreyashsature/Coding/JAVA-DSA-practice/F_Bit Manipulation/BinaryToDecimal.java. Using fallback presentation compiler.
2026.04.16 14:17:46 INFO  no build target found for /Users/shreyashsature/Coding/JAVA-DSA-practice/F_Bit Manipulation/BinaryToDecimal.java. Using fallback presentation compiler.
2026.04.16 14:17:50 INFO  no build target found for /Users/shreyashsature/Coding/JAVA-DSA-practice/F_Bit Manipulation/BinaryToDecimal.java. Using fallback presentation compiler.
2026.04.16 14:17:51 INFO  no build target found for /Users/shreyashsature/Coding/JAVA-DSA-practice/F_Bit Manipulation/BinaryToDecimal.java. Using fallback presentation compiler.
2026.04.16 14:17:51 INFO  no build target found for /Users/shreyashsature/Coding/JAVA-DSA-practice/F_Bit Manipulation/BinaryToDecimal.java. Using fallback presentation compiler.
2026.04.16 14:17:54 INFO  no build target found for /Users/shreyashsature/Coding/JAVA-DSA-practice/F_Bit Manipulation/BinaryToDecimal.java. Using fallback presentation compiler.
2026.04.16 14:17:57 INFO  no build target found for /Users/shreyashsature/Coding/JAVA-DSA-practice/F_Bit Manipulation/BinaryToDecimal.java. Using fallback presentation compiler.
2026.04.16 14:17:57 INFO  no build target found for /Users/shreyashsature/Coding/JAVA-DSA-practice/F_Bit Manipulation/BinaryToDecimal.java. Using fallback presentation compiler.
2026.04.16 14:19:09 INFO  no build target found for /Users/shreyashsature/Coding/JAVA-DSA-practice/F_Bit Manipulation/BinaryToDecimal.java. Using fallback presentation compiler.
2026.04.16 14:19:12 INFO  no build target found for /Users/shreyashsature/Coding/JAVA-DSA-practice/F_Bit Manipulation/BinaryToDecimal.java. Using fallback presentation compiler.
2026.04.16 14:19:12 INFO  no build target found for /Users/shreyashsature/Coding/JAVA-DSA-practice/F_Bit Manipulation/BinaryToDecimal.java. Using fallback presentation compiler.
2026.04.16 14:19:12 INFO  no build target found for /Users/shreyashsature/Coding/JAVA-DSA-practice/F_Bit Manipulation/BinaryToDecimal.java. Using fallback presentation compiler.
2026.04.16 14:19:13 INFO  no build target found for /Users/shreyashsature/Coding/JAVA-DSA-practice/F_Bit Manipulation/BinaryToDecimal.java. Using fallback presentation compiler.
2026.04.16 14:19:13 INFO  no build target found for /Users/shreyashsature/Coding/JAVA-DSA-practice/F_Bit Manipulation/BinaryToDecimal.java. Using fallback presentation compiler.
2026.04.16 14:19:13 INFO  no build target found for /Users/shreyashsature/Coding/JAVA-DSA-practice/F_Bit Manipulation/BinaryToDecimal.java. Using fallback presentation compiler.
2026.04.16 14:19:14 WARN  Running javac-semanticdb failed for file:///Users/shreyashsature/Coding/JAVA-DSA-practice/F_Bit%20Manipulation/BinaryToDecimal.java. Output:

2026.04.16 14:19:14 INFO  no build target found for /Users/shreyashsature/Coding/JAVA-DSA-practice/F_Bit Manipulation/BinaryToDecimal.java. Using fallback presentation compiler.
2026.04.16 14:19:14 INFO  no build target found for /Users/shreyashsature/Coding/JAVA-DSA-practice/F_Bit Manipulation/BinaryToDecimal.java. Using fallback presentation compiler.
2026.04.16 14:19:17 INFO  no build target found for /Users/shreyashsature/Coding/JAVA-DSA-practice/F_Bit Manipulation/BinaryToDecimal.java. Using fallback presentation compiler.
2026.04.16 14:19:17 INFO  no build target found for /Users/shreyashsature/Coding/JAVA-DSA-practice/F_Bit Manipulation/BinaryToDecimal.java. Using fallback presentation compiler.
2026.04.16 14:19:17 INFO  no build target found for /Users/shreyashsature/Coding/JAVA-DSA-practice/F_Bit Manipulation/BinaryToDecimal.java. Using fallback presentation compiler.
2026.04.16 14:19:17 INFO  no build target found for /Users/shreyashsature/Coding/JAVA-DSA-practice/F_Bit Manipulation/BinaryToDecimal.java. Using fallback presentation compiler.
2026.04.16 14:19:17 INFO  no build target found for /Users/shreyashsature/Coding/JAVA-DSA-practice/F_Bit Manipulation/BinaryToDecimal.java. Using fallback presentation compiler.
2026.04.16 14:19:18 WARN  Running javac-semanticdb failed for file:///Users/shreyashsature/Coding/JAVA-DSA-practice/F_Bit%20Manipulation/BinaryToDecimal.java. Output:

2026.04.16 14:19:17 INFO  no build target found for /Users/shreyashsature/Coding/JAVA-DSA-practice/F_Bit Manipulation/BinaryToDecimal.java. Using fallback presentation compiler.
2026.04.16 14:19:19 INFO  no build target found for /Users/shreyashsature/Coding/JAVA-DSA-practice/F_Bit Manipulation/BinaryToDecimal.java. Using fallback presentation compiler.
2026.04.16 14:19:19 INFO  no build target found for /Users/shreyashsature/Coding/JAVA-DSA-practice/F_Bit Manipulation/BinaryToDecimal.java. Using fallback presentation compiler.
2026.04.16 14:19:19 INFO  no build target found for /Users/shreyashsature/Coding/JAVA-DSA-practice/F_Bit Manipulation/BinaryToDecimal.java. Using fallback presentation compiler.
2026.04.16 14:19:19 WARN  Running javac-semanticdb failed for file:///Users/shreyashsature/Coding/JAVA-DSA-practice/F_Bit%20Manipulation/BinaryToDecimal.java. Output:

2026.04.16 14:19:19 INFO  no build target found for /Users/shreyashsature/Coding/JAVA-DSA-practice/F_Bit Manipulation/BinaryToDecimal.java. Using fallback presentation compiler.
2026.04.16 14:19:19 INFO  no build target found for /Users/shreyashsature/Coding/JAVA-DSA-practice/F_Bit Manipulation/BinaryToDecimal.java. Using fallback presentation compiler.
2026.04.16 14:19:19 INFO  no build target found for /Users/shreyashsature/Coding/JAVA-DSA-practice/F_Bit Manipulation/BinaryToDecimal.java. Using fallback presentation compiler.
2026.04.16 14:19:20 INFO  no build target found for /Users/shreyashsature/Coding/JAVA-DSA-practice/F_Bit Manipulation/BinaryToDecimal.java. Using fallback presentation compiler.
2026.04.16 14:19:20 INFO  no build target found for /Users/shreyashsature/Coding/JAVA-DSA-practice/F_Bit Manipulation/BinaryToDecimal.java. Using fallback presentation compiler.
2026.04.16 14:19:22 INFO  no build target found for /Users/shreyashsature/Coding/JAVA-DSA-practice/F_Bit Manipulation/BinaryToDecimal.java. Using fallback presentation compiler.
2026.04.16 14:19:22 INFO  no build target found for /Users/shreyashsature/Coding/JAVA-DSA-practice/F_Bit Manipulation/BinaryToDecimal.java. Using fallback presentation compiler.
2026.04.16 14:19:22 INFO  no build target found for /Users/shreyashsature/Coding/JAVA-DSA-practice/F_Bit Manipulation/BinaryToDecimal.java. Using fallback presentation compiler.
2026.04.16 14:19:22 WARN  Running javac-semanticdb failed for file:///Users/shreyashsature/Coding/JAVA-DSA-practice/F_Bit%20Manipulation/BinaryToDecimal.java. Output:

2026.04.16 14:19:22 INFO  no build target found for /Users/shreyashsature/Coding/JAVA-DSA-practice/F_Bit Manipulation/BinaryToDecimal.java. Using fallback presentation compiler.
2026.04.16 14:19:29 INFO  no build target found for /Users/shreyashsature/Coding/JAVA-DSA-practice/F_Bit Manipulation/BinaryToDecimal.java. Using fallback presentation compiler.
2026.04.16 14:19:29 INFO  no build target found for /Users/shreyashsature/Coding/JAVA-DSA-practice/F_Bit Manipulation/BinaryToDecimal.java. Using fallback presentation compiler.
2026.04.16 14:19:30 INFO  no build target found for /Users/shreyashsature/Coding/JAVA-DSA-practice/F_Bit Manipulation/BinaryToDecimal.java. Using fallback presentation compiler.
2026.04.16 14:19:30 INFO  no build target found for /Users/shreyashsature/Coding/JAVA-DSA-practice/F_Bit Manipulation/BinaryToDecimal.java. Using fallback presentation compiler.
2026.04.16 14:19:34 INFO  no build target found for /Users/shreyashsature/Coding/JAVA-DSA-practice/F_Bit Manipulation/BinaryToDecimal.java. Using fallback presentation compiler.
2026.04.16 14:19:34 INFO  no build target found for /Users/shreyashsature/Coding/JAVA-DSA-practice/F_Bit Manipulation/BinaryToDecimal.java. Using fallback presentation compiler.
2026.04.16 14:19:34 INFO  no build target found for /Users/shreyashsature/Coding/JAVA-DSA-practice/F_Bit Manipulation/BinaryToDecimal.java. Using fallback presentation compiler.
2026.04.16 14:19:34 WARN  Running javac-semanticdb failed for file:///Users/shreyashsature/Coding/JAVA-DSA-practice/F_Bit%20Manipulation/BinaryToDecimal.java. Output:

2026.04.16 14:19:34 INFO  no build target found for /Users/shreyashsature/Coding/JAVA-DSA-practice/F_Bit Manipulation/BinaryToDecimal.java. Using fallback presentation compiler.
2026.04.16 14:19:34 INFO  no build target found for /Users/shreyashsature/Coding/JAVA-DSA-practice/F_Bit Manipulation/BinaryToDecimal.java. Using fallback presentation compiler.
2026.04.16 14:19:35 INFO  no build target found for /Users/shreyashsature/Coding/JAVA-DSA-practice/F_Bit Manipulation/BinaryToDecimal.java. Using fallback presentation compiler.
2026.04.16 14:19:35 INFO  no build target found for /Users/shreyashsature/Coding/JAVA-DSA-practice/F_Bit Manipulation/BinaryToDecimal.java. Using fallback presentation compiler.
2026.04.16 14:19:35 INFO  no build target found for /Users/shreyashsature/Coding/JAVA-DSA-practice/F_Bit Manipulation/BinaryToDecimal.java. Using fallback presentation compiler.
2026.04.16 14:19:36 WARN  Running javac-semanticdb failed for file:///Users/shreyashsature/Coding/JAVA-DSA-practice/F_Bit%20Manipulation/BinaryToDecimal.java. Output:

2026.04.16 14:19:36 INFO  no build target found for /Users/shreyashsature/Coding/JAVA-DSA-practice/F_Bit Manipulation/BinaryToDecimal.java. Using fallback presentation compiler.
2026.04.16 14:19:36 INFO  no build target found for /Users/shreyashsature/Coding/JAVA-DSA-practice/F_Bit Manipulation/BinaryToDecimal.java. Using fallback presentation compiler.
2026.04.16 14:19:36 INFO  no build target found for /Users/shreyashsature/Coding/JAVA-DSA-practice/F_Bit Manipulation/BinaryToDecimal.java. Using fallback presentation compiler.
2026.04.16 14:19:36 INFO  no build target found for /Users/shreyashsature/Coding/JAVA-DSA-practice/F_Bit Manipulation/BinaryToDecimal.java. Using fallback presentation compiler.
2026.04.16 14:19:36 INFO  no build target found for /Users/shreyashsature/Coding/JAVA-DSA-practice/F_Bit Manipulation/BinaryToDecimal.java. Using fallback presentation compiler.
2026.04.16 14:19:37 INFO  no build target found for /Users/shreyashsature/Coding/JAVA-DSA-practice/F_Bit Manipulation/BinaryToDecimal.java. Using fallback presentation compiler.
2026.04.16 14:19:37 INFO  no build target found for /Users/shreyashsature/Coding/JAVA-DSA-practice/F_Bit Manipulation/BinaryToDecimal.java. Using fallback presentation compiler.
2026.04.16 14:19:37 WARN  Running javac-semanticdb failed for file:///Users/shreyashsature/Coding/JAVA-DSA-practice/F_Bit%20Manipulation/BinaryToDecimal.java. Output:

2026.04.16 14:19:37 INFO  no build target found for /Users/shreyashsature/Coding/JAVA-DSA-practice/F_Bit Manipulation/BinaryToDecimal.java. Using fallback presentation compiler.
2026.04.16 14:19:37 INFO  no build target found for /Users/shreyashsature/Coding/JAVA-DSA-practice/F_Bit Manipulation/BinaryToDecimal.java. Using fallback presentation compiler.
2026.04.16 14:19:37 INFO  no build target found for /Users/shreyashsature/Coding/JAVA-DSA-practice/F_Bit Manipulation/BinaryToDecimal.java. Using fallback presentation compiler.
2026.04.16 14:19:38 WARN  Running javac-semanticdb failed for file:///Users/shreyashsature/Coding/JAVA-DSA-practice/F_Bit%20Manipulation/BinaryToDecimal.java. Output:

2026.04.16 14:19:39 INFO  no build target found for /Users/shreyashsature/Coding/JAVA-DSA-practice/F_Bit Manipulation/BinaryToDecimal.java. Using fallback presentation compiler.
2026.04.16 14:19:40 INFO  no build target found for /Users/shreyashsature/Coding/JAVA-DSA-practice/F_Bit Manipulation/BinaryToDecimal.java. Using fallback presentation compiler.
2026.04.16 14:19:42 WARN  no build target for: /Users/shreyashsature/Coding/JAVA-DSA-practice/F_Bit Manipulation/BinaryToDecimal.java
2026.04.16 14:19:42 INFO  no build target found for /Users/shreyashsature/Coding/JAVA-DSA-practice/F_Bit Manipulation/BinaryToDecimal.java. Using fallback presentation compiler.
2026.04.16 14:19:43 WARN  no build target for: /Users/shreyashsature/Coding/JAVA-DSA-practice/F_Bit Manipulation/BinaryToDecimal.java
2026.04.16 14:19:42 INFO  no build target found for /Users/shreyashsature/Coding/JAVA-DSA-practice/F_Bit Manipulation/BinaryToDecimal.java. Using fallback presentation compiler.
2026.04.16 14:19:43 INFO  no build target found for /Users/shreyashsature/Coding/JAVA-DSA-practice/F_Bit Manipulation/BinaryToDecimal.java. Using fallback presentation compiler.
2026.04.16 14:19:43 WARN  no build target for: /Users/shreyashsature/Coding/JAVA-DSA-practice/F_Bit Manipulation/BinaryToDecimal.java
2026.04.16 14:19:43 INFO  no build target found for /Users/shreyashsature/Coding/JAVA-DSA-practice/F_Bit Manipulation/BinaryToDecimal.java. Using fallback presentation compiler.
2026.04.16 14:19:43 WARN  no build target for: /Users/shreyashsature/Coding/JAVA-DSA-practice/F_Bit Manipulation/BinaryToDecimal.java
2026.04.16 14:19:44 INFO  no build target found for /Users/shreyashsature/Coding/JAVA-DSA-practice/F_Bit Manipulation/BinaryToDecimal.java. Using fallback presentation compiler.
2026.04.16 14:19:44 INFO  no build target found for /Users/shreyashsature/Coding/JAVA-DSA-practice/F_Bit Manipulation/BinaryToDecimal.java. Using fallback presentation compiler.
2026.04.16 14:19:45 INFO  no build target found for /Users/shreyashsature/Coding/JAVA-DSA-practice/F_Bit Manipulation/BinaryToDecimal.java. Using fallback presentation compiler.
2026.04.16 14:19:59 INFO  no build target found for /Users/shreyashsature/Coding/JAVA-DSA-practice/F_Bit Manipulation/BinaryToDecimal.java. Using fallback presentation compiler.
2026.04.16 14:20:28 INFO  no build target found for /Users/shreyashsature/Coding/JAVA-DSA-practice/F_Bit Manipulation/BinaryToDecimal.java. Using fallback presentation compiler.
2026.04.16 14:20:28 INFO  no build target found for /Users/shreyashsature/Coding/JAVA-DSA-practice/F_Bit Manipulation/BinaryToDecimal.java. Using fallback presentation compiler.
2026.04.16 14:20:28 INFO  no build target found for /Users/shreyashsature/Coding/JAVA-DSA-practice/F_Bit Manipulation/BinaryToDecimal.java. Using fallback presentation compiler.
2026.04.16 14:20:29 INFO  no build target found for /Users/shreyashsature/Coding/JAVA-DSA-practice/F_Bit Manipulation/BinaryToDecimal.java. Using fallback presentation compiler.
2026.04.16 14:20:29 INFO  no build target found for /Users/shreyashsature/Coding/JAVA-DSA-practice/F_Bit Manipulation/BinaryToDecimal.java. Using fallback presentation compiler.
2026.04.16 14:20:29 INFO  no build target found for /Users/shreyashsature/Coding/JAVA-DSA-practice/F_Bit Manipulation/BinaryToDecimal.java. Using fallback presentation compiler.
2026.04.16 14:20:30 WARN  Running javac-semanticdb failed for file:///Users/shreyashsature/Coding/JAVA-DSA-practice/F_Bit%20Manipulation/BinaryToDecimal.java. Output:

2026.04.16 14:20:30 INFO  no build target found for /Users/shreyashsature/Coding/JAVA-DSA-practice/F_Bit Manipulation/BinaryToDecimal.java. Using fallback presentation compiler.
2026.04.16 14:20:31 INFO  no build target found for /Users/shreyashsature/Coding/JAVA-DSA-practice/F_Bit Manipulation/BinaryToDecimal.java. Using fallback presentation compiler.
2026.04.16 14:20:31 INFO  no build target found for /Users/shreyashsature/Coding/JAVA-DSA-practice/F_Bit Manipulation/BinaryToDecimal.java. Using fallback presentation compiler.
2026.04.16 14:20:30 WARN  Running javac-semanticdb failed for file:///Users/shreyashsature/Coding/JAVA-DSA-practice/F_Bit%20Manipulation/BinaryToDecimal.java. Output:

2026.04.16 14:20:31 INFO  no build target found for /Users/shreyashsature/Coding/JAVA-DSA-practice/F_Bit Manipulation/BinaryToDecimal.java. Using fallback presentation compiler.
2026.04.16 14:20:31 INFO  no build target found for /Users/shreyashsature/Coding/JAVA-DSA-practice/F_Bit Manipulation/BinaryToDecimal.java. Using fallback presentation compiler.
2026.04.16 14:20:32 WARN  no build target for: /Users/shreyashsature/Coding/JAVA-DSA-practice/F_Bit Manipulation/BinaryToDecimal.java
2026.04.16 14:20:32 INFO  no build target found for /Users/shreyashsature/Coding/JAVA-DSA-practice/F_Bit Manipulation/BinaryToDecimal.java. Using fallback presentation compiler.
2026.04.16 14:20:33 INFO  no build target found for /Users/shreyashsature/Coding/JAVA-DSA-practice/F_Bit Manipulation/BinaryToDecimal.java. Using fallback presentation compiler.
2026.04.16 14:20:57 INFO  no build target found for /Users/shreyashsature/Coding/JAVA-DSA-practice/F_Bit Manipulation/BinaryToDecimal.java. Using fallback presentation compiler.
2026.04.16 14:20:57 INFO  no build target found for /Users/shreyashsature/Coding/JAVA-DSA-practice/F_Bit Manipulation/BinaryToDecimal.java. Using fallback presentation compiler.
2026.04.16 14:20:59 INFO  no build target found for /Users/shreyashsature/Coding/JAVA-DSA-practice/F_Bit Manipulation/BinaryToDecimal.java. Using fallback presentation compiler.
2026.04.16 14:20:59 INFO  no build target found for /Users/shreyashsature/Coding/JAVA-DSA-practice/F_Bit Manipulation/BinaryToDecimal.java. Using fallback presentation compiler.
2026.04.16 14:20:59 INFO  no build target found for /Users/shreyashsature/Coding/JAVA-DSA-practice/F_Bit Manipulation/BinaryToDecimal.java. Using fallback presentation compiler.
2026.04.16 14:20:59 INFO  no build target found for /Users/shreyashsature/Coding/JAVA-DSA-practice/F_Bit Manipulation/BinaryToDecimal.java. Using fallback presentation compiler.
2026.04.16 14:21:00 INFO  no build target found for /Users/shreyashsature/Coding/JAVA-DSA-practice/F_Bit Manipulation/BinaryToDecimal.java. Using fallback presentation compiler.
2026.04.16 14:21:00 INFO  no build target found for /Users/shreyashsature/Coding/JAVA-DSA-practice/F_Bit Manipulation/BinaryToDecimal.java. Using fallback presentation compiler.
2026.04.16 14:21:01 INFO  no build target found for /Users/shreyashsature/Coding/JAVA-DSA-practice/F_Bit Manipulation/BinaryToDecimal.java. Using fallback presentation compiler.
2026.04.16 14:21:01 INFO  no build target found for /Users/shreyashsature/Coding/JAVA-DSA-practice/F_Bit Manipulation/BinaryToDecimal.java. Using fallback presentation compiler.
2026.04.16 14:21:01 INFO  no build target found for /Users/shreyashsature/Coding/JAVA-DSA-practice/F_Bit Manipulation/BinaryToDecimal.java. Using fallback presentation compiler.
2026.04.16 14:21:01 INFO  no build target found for /Users/shreyashsature/Coding/JAVA-DSA-practice/F_Bit Manipulation/BinaryToDecimal.java. Using fallback presentation compiler.
2026.04.16 14:29:25 INFO  no build target found for /Users/shreyashsature/Coding/JAVA-DSA-practice/F_Bit Manipulation/BinaryToDecimal.java. Using fallback presentation compiler.
2026.04.16 14:29:30 INFO  no build target found for /Users/shreyashsature/Coding/JAVA-DSA-practice/F_Bit Manipulation/BinaryToDecimal.java. Using fallback presentation compiler.
2026.04.16 14:30:19 INFO  no build target found for /Users/shreyashsature/Coding/JAVA-DSA-practice/F_Bit Manipulation/BinaryToDecimal.java. Using fallback presentation compiler.
2026.04.16 14:30:30 INFO  no build target found for /Users/shreyashsature/Coding/JAVA-DSA-practice/F_Bit Manipulation/BinaryToDecimal.java. Using fallback presentation compiler.
2026.04.16 14:30:30 INFO  no build target found for /Users/shreyashsature/Coding/JAVA-DSA-practice/F_Bit Manipulation/BinaryToDecimal.java. Using fallback presentation compiler.
2026.04.16 14:30:30 INFO  no build target found for /Users/shreyashsature/Coding/JAVA-DSA-practice/F_Bit Manipulation/BinaryToDecimal.java. Using fallback presentation compiler.
2026.04.16 14:30:31 INFO  no build target found for /Users/shreyashsature/Coding/JAVA-DSA-practice/F_Bit Manipulation/BinaryToDecimal.java. Using fallback presentation compiler.
2026.04.16 14:30:30 INFO  no build target found for /Users/shreyashsature/Coding/JAVA-DSA-practice/F_Bit Manipulation/BinaryToDecimal.java. Using fallback presentation compiler.
2026.04.16 14:30:30 INFO  no build target found for /Users/shreyashsature/Coding/JAVA-DSA-practice/F_Bit Manipulation/BinaryToDecimal.java. Using fallback presentation compiler.
2026.04.16 14:30:32 INFO  no build target found for /Users/shreyashsature/Coding/JAVA-DSA-practice/F_Bit Manipulation/BinaryToDecimal.java. Using fallback presentation compiler.
2026.04.16 14:30:32 WARN  Running javac-semanticdb failed for file:///Users/shreyashsature/Coding/JAVA-DSA-practice/F_Bit%20Manipulation/BinaryToDecimal.java. Output:

2026.04.16 14:30:32 INFO  no build target found for /Users/shreyashsature/Coding/JAVA-DSA-practice/F_Bit Manipulation/BinaryToDecimal.java. Using fallback presentation compiler.
2026.04.16 14:30:32 INFO  no build target found for /Users/shreyashsature/Coding/JAVA-DSA-practice/F_Bit Manipulation/BinaryToDecimal.java. Using fallback presentation compiler.
2026.04.16 14:30:32 INFO  no build target found for /Users/shreyashsature/Coding/JAVA-DSA-practice/F_Bit Manipulation/BinaryToDecimal.java. Using fallback presentation compiler.
2026.04.16 14:30:32 INFO  no build target found for /Users/shreyashsature/Coding/JAVA-DSA-practice/F_Bit Manipulation/BinaryToDecimal.java. Using fallback presentation compiler.
2026.04.16 14:30:32 WARN  Running javac-semanticdb failed for file:///Users/shreyashsature/Coding/JAVA-DSA-practice/F_Bit%20Manipulation/BinaryToDecimal.java. Output:

2026.04.16 14:30:32 INFO  no build target found for /Users/shreyashsature/Coding/JAVA-DSA-practice/F_Bit Manipulation/BinaryToDecimal.java. Using fallback presentation compiler.
2026.04.16 14:30:33 INFO  no build target found for /Users/shreyashsature/Coding/JAVA-DSA-practice/F_Bit Manipulation/BinaryToDecimal.java. Using fallback presentation compiler.
2026.04.16 14:30:33 INFO  no build target found for /Users/shreyashsature/Coding/JAVA-DSA-practice/F_Bit Manipulation/BinaryToDecimal.java. Using fallback presentation compiler.
2026.04.16 19:37:02 INFO  Shutting down server
2026.04.16 19:37:02 INFO  Memory monitor stopped
2026.04.16 19:37:02 INFO  shutting down Metals
2026.04.16 19:37:02 INFO  Exiting server
2026.04.18 12:36:05 INFO  Started: Metals version 1.6.7 in folders '/Users/shreyashsature/Coding/JAVA-DSA-practice/F_Bit Manipulation' for client Visual Studio Code 1.92.2.
2026.04.18 12:36:05 INFO  Memory monitor started
2026.04.18 12:36:06 WARN  Using H2 2.4.240 which is newer than the version Flyway has been verified with. The latest verified version of H2 is 2.3.232.
2026.04.18 12:36:06 INFO  no build target found for /Users/shreyashsature/Coding/JAVA-DSA-practice/F_Bit Manipulation/BinaryToDecimal.java. Using fallback presentation compiler.
2026.04.18 12:36:07 INFO  no build target found for /Users/shreyashsature/Coding/JAVA-DSA-practice/F_Bit Manipulation/BinaryToDecimal.java. Using fallback presentation compiler.
2026.04.18 12:36:07 WARN  no build tool detected in workspace '/Users/shreyashsature/Coding/JAVA-DSA-practice/F_Bit Manipulation'. The most common cause for this problem is that the editor was opened in the wrong working directory, for example if you use sbt then the workspace directory should contain build.sbt. 
2026.04.18 12:36:07 WARN  Build server is not auto-connectable.
2026.04.18 12:36:07 WARN  no build target for: /Users/shreyashsature/Coding/JAVA-DSA-practice/F_Bit Manipulation/BinaryToDecimal.java
2026.04.18 12:36:08 INFO  no build target found for /Users/shreyashsature/Coding/JAVA-DSA-practice/F_Bit Manipulation/BinaryToDecimal.java. Using fallback presentation compiler.
2026.04.18 12:36:08 WARN  Running javac-semanticdb failed for file:///Users/shreyashsature/Coding/JAVA-DSA-practice/F_Bit%20Manipulation/BinaryToDecimal.java. Output:

2026.04.18 12:36:09 INFO  no build target found for /Users/shreyashsature/Coding/JAVA-DSA-practice/F_Bit Manipulation/BinaryToDecimal.java. Using fallback presentation compiler.
2026.04.18 12:36:10 INFO  no build target found for /Users/shreyashsature/Coding/JAVA-DSA-practice/F_Bit Manipulation/BinaryToDecimal.java. Using fallback presentation compiler.
Apr 18, 2026 12:36:10 PM org.eclipse.lsp4j.jsonrpc.RemoteEndpoint handleCancellation
WARNING: Unmatched cancel notification for request id 10
2026.04.18 12:36:10 INFO  no build target found for /Users/shreyashsature/Coding/JAVA-DSA-practice/F_Bit Manipulation/BinaryToDecimal.java. Using fallback presentation compiler.
2026.04.18 12:36:10 INFO  no build target found for /Users/shreyashsature/Coding/JAVA-DSA-practice/F_Bit Manipulation/BinaryToDecimal.java. Using fallback presentation compiler.
2026.04.18 12:36:10 INFO  no build target found for /Users/shreyashsature/Coding/JAVA-DSA-practice/F_Bit Manipulation/BinaryToDecimal.java. Using fallback presentation compiler.
Apr 18, 2026 12:36:10 PM org.eclipse.lsp4j.jsonrpc.RemoteEndpoint handleCancellation
WARNING: Unmatched cancel notification for request id 11
Apr 18, 2026 12:36:10 PM org.eclipse.lsp4j.jsonrpc.RemoteEndpoint handleCancellation
WARNING: Unmatched cancel notification for request id 12
2026.04.18 12:36:10 INFO  no build target found for /Users/shreyashsature/Coding/JAVA-DSA-practice/F_Bit Manipulation/BinaryToDecimal.java. Using fallback presentation compiler.
2026.04.18 12:36:11 INFO  no build target found for /Users/shreyashsature/Coding/JAVA-DSA-practice/F_Bit Manipulation/BinaryToDecimal.java. Using fallback presentation compiler.
2026.04.18 12:36:11 INFO  no build target found for /Users/shreyashsature/Coding/JAVA-DSA-practice/F_Bit Manipulation/BinaryToDecimal.java. Using fallback presentation compiler.
2026.04.18 12:36:11 INFO  no build target found for /Users/shreyashsature/Coding/JAVA-DSA-practice/F_Bit Manipulation/BinaryToDecimal.java. Using fallback presentation compiler.
2026.04.18 12:36:12 INFO  no build target found for /Users/shreyashsature/Coding/JAVA-DSA-practice/F_Bit Manipulation/BinaryToDecimal.java. Using fallback presentation compiler.
2026.04.18 12:36:12 INFO  no build target found for /Users/shreyashsature/Coding/JAVA-DSA-practice/F_Bit Manipulation/BinaryToDecimal.java. Using fallback presentation compiler.
2026.04.18 12:36:18 WARN  no build target for: /Users/shreyashsature/Coding/JAVA-DSA-practice/F_Bit Manipulation/BinaryToDecimal.java
2026.04.18 12:36:18 INFO  no build target found for /Users/shreyashsature/Coding/JAVA-DSA-practice/F_Bit Manipulation/BinaryToDecimal.java. Using fallback presentation compiler.
2026.04.18 12:36:18 INFO  Shutting down server
2026.04.18 12:36:18 INFO  Memory monitor stopped
2026.04.18 12:36:18 INFO  shutting down Metals
2026.04.18 12:36:18 INFO  Exiting server
