2026.07.02 17:03:18 WARN  Using H2 2.4.240 which is newer than the version Flyway has been verified with. The latest verified version of H2 is 2.3.232.
2026.07.02 17:03:18 INFO  no build target found for /Users/shreyashsature/Coding/JAVA-DSA-practice/E_Strings/H_String_Compression.java. Using fallback presentation compiler.
2026.07.02 17:03:18 WARN  no build tool detected in workspace '/Users/shreyashsature/Coding/JAVA-DSA-practice'. The most common cause for this problem is that the editor was opened in the wrong working directory, for example if you use sbt then the workspace directory should contain build.sbt. 
Jul 02, 2026 5:03:18 PM org.eclipse.lsp4j.jsonrpc.RemoteEndpoint handleCancellation
WARNING: Unmatched cancel notification for request id 6
Jul 02, 2026 5:03:18 PM org.eclipse.lsp4j.jsonrpc.RemoteEndpoint handleCancellation
WARNING: Unmatched cancel notification for request id 1
Jul 02, 2026 5:03:18 PM org.eclipse.lsp4j.jsonrpc.RemoteEndpoint handleCancellation
WARNING: Unmatched cancel notification for request id 2
2026.07.02 17:03:18 INFO  no build target found for /Users/shreyashsature/Coding/JAVA-DSA-practice/E_Strings/H_String_Compression.java. Using fallback presentation compiler.
2026.07.02 17:03:19 WARN  Build server is not auto-connectable.
2026.07.02 17:03:19 WARN  no build target for: /Users/shreyashsature/Coding/JAVA-DSA-practice/E_Strings/H_String_Compression.java
2026.07.02 17:03:19 INFO  no build target found for /Users/shreyashsature/Coding/JAVA-DSA-practice/E_Strings/H_String_Compression.java. Using fallback presentation compiler.
2026.07.02 17:03:20 INFO  time: code lens generation in 1.11s
2026.07.02 17:03:20 INFO  time: code lens generation in 1.15s
2026.07.02 17:03:20 INFO  no build target found for /Users/shreyashsature/Coding/JAVA-DSA-practice/E_Strings/H_String_Compression.java. Using fallback presentation compiler.
2026.07.02 17:03:20 INFO  no build target found for /Users/shreyashsature/Coding/JAVA-DSA-practice/E_Strings/H_String_Compression.java. Using fallback presentation compiler.
2026.07.02 17:03:20 INFO  no build target found for /Users/shreyashsature/Coding/JAVA-DSA-practice/E_Strings/H_String_Compression.java. Using fallback presentation compiler.
2026.07.02 17:03:22 INFO  no build target found for /Users/shreyashsature/Coding/JAVA-DSA-practice/E_Strings/H_String_Compression.java. Using fallback presentation compiler.
2026.07.02 17:03:23 INFO  no build target found for /Users/shreyashsature/Coding/JAVA-DSA-practice/E_Strings/H_String_Compression.java. Using fallback presentation compiler.
2026.07.02 17:03:23 INFO  no build target found for /Users/shreyashsature/Coding/JAVA-DSA-practice/E_Strings/H_String_Compression.java. Using fallback presentation compiler.
2026.07.02 17:03:26 INFO  no build target found for /Users/shreyashsature/Coding/JAVA-DSA-practice/E_Strings/H_String_Compression.java. Using fallback presentation compiler.
2026.07.02 17:03:28 INFO  no build target found for /Users/shreyashsature/Coding/JAVA-DSA-practice/E_Strings/H_String_Compression.java. Using fallback presentation compiler.
2026.07.02 17:03:48 INFO  Shutting down server
2026.07.02 17:03:48 INFO  Memory monitor stopped
2026.07.02 17:03:48 INFO  shutting down Metals
2026.07.02 17:03:48 INFO  Exiting server
2026.07.10 18:28:34 INFO  Started: Metals version 1.6.7 in folders '/Users/shreyashsature/Coding/JAVA-DSA-practice' for client Visual Studio Code 1.92.2.
2026.07.10 18:28:34 INFO  Memory monitor started
2026.07.10 18:28:36 WARN  Using H2 2.4.240 which is newer than the version Flyway has been verified with. The latest verified version of H2 is 2.3.232.
2026.07.10 18:28:36 INFO  no build target found for /Users/shreyashsature/Coding/JAVA-DSA-practice/E_Strings/H_String_Compression.java. Using fallback presentation compiler.
2026.07.10 18:28:37 INFO  no build target found for /Users/shreyashsature/Coding/JAVA-DSA-practice/E_Strings/H_String_Compression.java. Using fallback presentation compiler.
Jul 10, 2026 6:28:37 PM org.eclipse.lsp4j.jsonrpc.RemoteEndpoint handleCancellation
WARNING: Unmatched cancel notification for request id 6
Jul 10, 2026 6:28:37 PM org.eclipse.lsp4j.jsonrpc.RemoteEndpoint handleCancellation
WARNING: Unmatched cancel notification for request id 1
2026.07.10 18:28:37 WARN  no build tool detected in workspace '/Users/shreyashsature/Coding/JAVA-DSA-practice'. The most common cause for this problem is that the editor was opened in the wrong working directory, for example if you use sbt then the workspace directory should contain build.sbt. 
2026.07.10 18:28:37 WARN  Build server is not auto-connectable.
Jul 10, 2026 6:28:37 PM org.eclipse.lsp4j.jsonrpc.RemoteEndpoint handleCancellation
WARNING: Unmatched cancel notification for request id 2
2026.07.10 18:28:37 WARN  no build target for: /Users/shreyashsature/Coding/JAVA-DSA-practice/E_Strings/H_String_Compression.java
2026.07.10 18:28:36 INFO  no build target found for /Users/shreyashsature/Coding/JAVA-DSA-practice/E_Strings/H_String_Compression.java. Using fallback presentation compiler.
Jul 10, 2026 6:28:37 PM org.eclipse.lsp4j.jsonrpc.RemoteEndpoint handleCancellation
WARNING: Unmatched cancel notification for request id 3
2026.07.10 18:28:37 INFO  no build target found for /Users/shreyashsature/Coding/JAVA-DSA-practice/E_Strings/H_String_Compression.java. Using fallback presentation compiler.
2026.07.10 18:28:38 INFO  time: code lens generation in 1.05s
2026.07.10 18:28:38 INFO  time: code lens generation in 1.1s
2026.07.10 18:28:39 INFO  no build target found for /Users/shreyashsature/Coding/JAVA-DSA-practice/E_Strings/H_String_Compression.java. Using fallback presentation compiler.
2026.07.10 18:28:39 INFO  no build target found for /Users/shreyashsature/Coding/JAVA-DSA-practice/E_Strings/H_String_Compression.java. Using fallback presentation compiler.
2026.07.10 18:28:39 INFO  no build target found for /Users/shreyashsature/Coding/JAVA-DSA-practice/E_Strings/H_String_Compression.java. Using fallback presentation compiler.
2026.07.10 18:28:41 INFO  no build target found for /Users/shreyashsature/Coding/JAVA-DSA-practice/E_Strings/H_String_Compression.java. Using fallback presentation compiler.
2026.07.10 18:28:41 INFO  no build target found for /Users/shreyashsature/Coding/JAVA-DSA-practice/E_Strings/H_String_Compression.java. Using fallback presentation compiler.
2026.07.10 18:28:41 INFO  no build target found for /Users/shreyashsature/Coding/JAVA-DSA-practice/E_Strings/H_String_Compression.java. Using fallback presentation compiler.
2026.07.10 18:28:44 INFO  no build target found for /Users/shreyashsature/Coding/JAVA-DSA-practice/E_Strings/H_String_Compression.java. Using fallback presentation compiler.
2026.07.10 18:29:20 INFO  no build target found for /Users/shreyashsature/Coding/JAVA-DSA-practice/L_LinkedList.java/A_LinkedList.java. Using fallback presentation compiler.
2026.07.10 18:29:20 WARN  no build target for: /Users/shreyashsature/Coding/JAVA-DSA-practice/L_LinkedList.java/A_LinkedList.java
2026.07.10 18:29:21 WARN  Running javac-semanticdb failed for file:///Users/shreyashsature/Coding/JAVA-DSA-practice/L_LinkedList.java/A_LinkedList.java. Output:

2026.07.10 18:29:21 INFO  no build target found for /Users/shreyashsature/Coding/JAVA-DSA-practice/L_LinkedList.java/A_LinkedList.java. Using fallback presentation compiler.
2026.07.10 18:29:20 INFO  no build target found for /Users/shreyashsature/Coding/JAVA-DSA-practice/L_LinkedList.java/A_LinkedList.java. Using fallback presentation compiler.
2026.07.10 18:29:21 INFO  no build target found for /Users/shreyashsature/Coding/JAVA-DSA-practice/L_LinkedList.java/A_LinkedList.java. Using fallback presentation compiler.
2026.07.10 18:29:20 INFO  no build target found for /Users/shreyashsature/Coding/JAVA-DSA-practice/L_LinkedList.java/A_LinkedList.java. Using fallback presentation compiler.
2026.07.10 18:29:20 INFO  no build target found for /Users/shreyashsature/Coding/JAVA-DSA-practice/L_LinkedList.java/A_LinkedList.java. Using fallback presentation compiler.
2026.07.10 18:29:23 WARN  Running javac-semanticdb failed for file:///Users/shreyashsature/Coding/JAVA-DSA-practice/L_LinkedList.java/A_LinkedList.java. Output:

2026.07.10 18:29:23 INFO  no build target found for /Users/shreyashsature/Coding/JAVA-DSA-practice/L_LinkedList.java/A_LinkedList.java. Using fallback presentation compiler.
2026.07.10 18:29:23 INFO  no build target found for /Users/shreyashsature/Coding/JAVA-DSA-practice/L_LinkedList.java/A_LinkedList.java. Using fallback presentation compiler.
2026.07.10 18:29:23 INFO  no build target found for /Users/shreyashsature/Coding/JAVA-DSA-practice/L_LinkedList.java/A_LinkedList.java. Using fallback presentation compiler.
2026.07.10 18:29:23 INFO  no build target found for /Users/shreyashsature/Coding/JAVA-DSA-practice/L_LinkedList.java/A_LinkedList.java. Using fallback presentation compiler.
2026.07.10 18:29:24 INFO  no build target found for /Users/shreyashsature/Coding/JAVA-DSA-practice/L_LinkedList.java/A_LinkedList.java. Using fallback presentation compiler.
Jul 10, 2026 6:29:24 PM org.eclipse.lsp4j.jsonrpc.RemoteEndpoint handleCancellation
WARNING: Unmatched cancel notification for request id 43
2026.07.10 18:29:24 WARN  Running javac-semanticdb failed for file:///Users/shreyashsature/Coding/JAVA-DSA-practice/L_LinkedList.java/A_LinkedList.java. Output:

2026.07.10 18:29:23 INFO  no build target found for /Users/shreyashsature/Coding/JAVA-DSA-practice/L_LinkedList.java/A_LinkedList.java. Using fallback presentation compiler.
2026.07.10 18:29:24 INFO  no build target found for /Users/shreyashsature/Coding/JAVA-DSA-practice/L_LinkedList.java/A_LinkedList.java. Using fallback presentation compiler.
2026.07.10 18:29:24 WARN  Running javac-semanticdb failed for file:///Users/shreyashsature/Coding/JAVA-DSA-practice/L_LinkedList.java/A_LinkedList.java. Output:

2026.07.10 18:29:24 INFO  no build target found for /Users/shreyashsature/Coding/JAVA-DSA-practice/L_LinkedList.java/A_LinkedList.java. Using fallback presentation compiler.
2026.07.10 18:29:24 INFO  no build target found for /Users/shreyashsature/Coding/JAVA-DSA-practice/L_LinkedList.java/A_LinkedList.java. Using fallback presentation compiler.
2026.07.10 18:29:24 INFO  no build target found for /Users/shreyashsature/Coding/JAVA-DSA-practice/L_LinkedList.java/A_LinkedList.java. Using fallback presentation compiler.
2026.07.10 18:29:25 INFO  no build target found for /Users/shreyashsature/Coding/JAVA-DSA-practice/L_LinkedList.java/A_LinkedList.java. Using fallback presentation compiler.
2026.07.10 18:29:24 INFO  no build target found for /Users/shreyashsature/Coding/JAVA-DSA-practice/L_LinkedList.java/A_LinkedList.java. Using fallback presentation compiler.
2026.07.10 18:29:25 WARN  Running javac-semanticdb failed for file:///Users/shreyashsature/Coding/JAVA-DSA-practice/L_LinkedList.java/A_LinkedList.java. Output:

2026.07.10 18:29:26 INFO  no build target found for /Users/shreyashsature/Coding/JAVA-DSA-practice/L_LinkedList.java/A_LinkedList.java. Using fallback presentation compiler.
2026.07.10 18:29:26 INFO  no build target found for /Users/shreyashsature/Coding/JAVA-DSA-practice/L_LinkedList.java/A_LinkedList.java. Using fallback presentation compiler.
2026.07.10 18:29:26 INFO  no build target found for /Users/shreyashsature/Coding/JAVA-DSA-practice/L_LinkedList.java/A_LinkedList.java. Using fallback presentation compiler.
2026.07.10 18:29:26 WARN  Running javac-semanticdb failed for file:///Users/shreyashsature/Coding/JAVA-DSA-practice/L_LinkedList.java/A_LinkedList.java. Output:

2026.07.10 18:29:26 INFO  no build target found for /Users/shreyashsature/Coding/JAVA-DSA-practice/L_LinkedList.java/A_LinkedList.java. Using fallback presentation compiler.
2026.07.10 18:29:27 INFO  no build target found for /Users/shreyashsature/Coding/JAVA-DSA-practice/L_LinkedList.java/A_LinkedList.java. Using fallback presentation compiler.
2026.07.10 18:29:27 INFO  no build target found for /Users/shreyashsature/Coding/JAVA-DSA-practice/L_LinkedList.java/A_LinkedList.java. Using fallback presentation compiler.
2026.07.10 18:29:27 INFO  no build target found for /Users/shreyashsature/Coding/JAVA-DSA-practice/L_LinkedList.java/A_LinkedList.java. Using fallback presentation compiler.
2026.07.10 18:29:27 WARN  Running javac-semanticdb failed for file:///Users/shreyashsature/Coding/JAVA-DSA-practice/L_LinkedList.java/A_LinkedList.java. Output:

2026.07.10 18:29:27 INFO  no build target found for /Users/shreyashsature/Coding/JAVA-DSA-practice/L_LinkedList.java/A_LinkedList.java. Using fallback presentation compiler.
2026.07.10 18:29:27 INFO  no build target found for /Users/shreyashsature/Coding/JAVA-DSA-practice/L_LinkedList.java/A_LinkedList.java. Using fallback presentation compiler.
2026.07.10 18:29:27 INFO  no build target found for /Users/shreyashsature/Coding/JAVA-DSA-practice/L_LinkedList.java/A_LinkedList.java. Using fallback presentation compiler.
2026.07.10 18:29:27 INFO  no build target found for /Users/shreyashsature/Coding/JAVA-DSA-practice/L_LinkedList.java/A_LinkedList.java. Using fallback presentation compiler.
2026.07.10 18:29:28 WARN  Running javac-semanticdb failed for file:///Users/shreyashsature/Coding/JAVA-DSA-practice/L_LinkedList.java/A_LinkedList.java. Output:

2026.07.10 18:29:28 INFO  no build target found for /Users/shreyashsature/Coding/JAVA-DSA-practice/L_LinkedList.java/A_LinkedList.java. Using fallback presentation compiler.
2026.07.10 18:29:28 INFO  no build target found for /Users/shreyashsature/Coding/JAVA-DSA-practice/L_LinkedList.java/A_LinkedList.java. Using fallback presentation compiler.
2026.07.10 18:29:28 INFO  no build target found for /Users/shreyashsature/Coding/JAVA-DSA-practice/L_LinkedList.java/A_LinkedList.java. Using fallback presentation compiler.
2026.07.10 18:29:29 INFO  no build target found for /Users/shreyashsature/Coding/JAVA-DSA-practice/L_LinkedList.java/A_LinkedList.java. Using fallback presentation compiler.
2026.07.10 18:29:28 INFO  no build target found for /Users/shreyashsature/Coding/JAVA-DSA-practice/L_LinkedList.java/A_LinkedList.java. Using fallback presentation compiler.
2026.07.10 18:29:28 INFO  no build target found for /Users/shreyashsature/Coding/JAVA-DSA-practice/L_LinkedList.java/A_LinkedList.java. Using fallback presentation compiler.
2026.07.10 18:29:29 WARN  Running javac-semanticdb failed for file:///Users/shreyashsature/Coding/JAVA-DSA-practice/L_LinkedList.java/A_LinkedList.java. Output:

2026.07.10 18:29:29 INFO  no build target found for /Users/shreyashsature/Coding/JAVA-DSA-practice/L_LinkedList.java/A_LinkedList.java. Using fallback presentation compiler.
2026.07.10 18:29:29 INFO  no build target found for /Users/shreyashsature/Coding/JAVA-DSA-practice/L_LinkedList.java/A_LinkedList.java. Using fallback presentation compiler.
2026.07.10 18:29:29 INFO  no build target found for /Users/shreyashsature/Coding/JAVA-DSA-practice/L_LinkedList.java/A_LinkedList.java. Using fallback presentation compiler.
2026.07.10 18:29:29 INFO  no build target found for /Users/shreyashsature/Coding/JAVA-DSA-practice/L_LinkedList.java/A_LinkedList.java. Using fallback presentation compiler.
2026.07.10 18:29:29 INFO  no build target found for /Users/shreyashsature/Coding/JAVA-DSA-practice/L_LinkedList.java/A_LinkedList.java. Using fallback presentation compiler.
2026.07.10 18:29:29 INFO  no build target found for /Users/shreyashsature/Coding/JAVA-DSA-practice/L_LinkedList.java/A_LinkedList.java. Using fallback presentation compiler.
2026.07.10 18:29:30 INFO  no build target found for /Users/shreyashsature/Coding/JAVA-DSA-practice/L_LinkedList.java/A_LinkedList.java. Using fallback presentation compiler.
2026.07.10 18:29:29 INFO  no build target found for /Users/shreyashsature/Coding/JAVA-DSA-practice/L_LinkedList.java/A_LinkedList.java. Using fallback presentation compiler.
2026.07.10 18:29:29 INFO  no build target found for /Users/shreyashsature/Coding/JAVA-DSA-practice/L_LinkedList.java/A_LinkedList.java. Using fallback presentation compiler.
2026.07.10 18:29:29 INFO  no build target found for /Users/shreyashsature/Coding/JAVA-DSA-practice/L_LinkedList.java/A_LinkedList.java. Using fallback presentation compiler.
2026.07.10 18:29:30 WARN  Running javac-semanticdb failed for file:///Users/shreyashsature/Coding/JAVA-DSA-practice/L_LinkedList.java/A_LinkedList.java. Output:

2026.07.10 18:29:29 INFO  no build target found for /Users/shreyashsature/Coding/JAVA-DSA-practice/L_LinkedList.java/A_LinkedList.java. Using fallback presentation compiler.
2026.07.10 18:29:30 INFO  no build target found for /Users/shreyashsature/Coding/JAVA-DSA-practice/L_LinkedList.java/A_LinkedList.java. Using fallback presentation compiler.
2026.07.10 18:29:31 INFO  no build target found for /Users/shreyashsature/Coding/JAVA-DSA-practice/L_LinkedList.java/A_LinkedList.java. Using fallback presentation compiler.
2026.07.10 18:29:31 WARN  Running javac-semanticdb failed for file:///Users/shreyashsature/Coding/JAVA-DSA-practice/L_LinkedList.java/A_LinkedList.java. Output:

2026.07.10 18:29:31 INFO  no build target found for /Users/shreyashsature/Coding/JAVA-DSA-practice/L_LinkedList.java/A_LinkedList.java. Using fallback presentation compiler.
2026.07.10 18:29:32 INFO  no build target found for /Users/shreyashsature/Coding/JAVA-DSA-practice/L_LinkedList.java/A_LinkedList.java. Using fallback presentation compiler.
2026.07.10 18:29:32 INFO  no build target found for /Users/shreyashsature/Coding/JAVA-DSA-practice/L_LinkedList.java/A_LinkedList.java. Using fallback presentation compiler.
2026.07.10 18:29:32 INFO  no build target found for /Users/shreyashsature/Coding/JAVA-DSA-practice/L_LinkedList.java/A_LinkedList.java. Using fallback presentation compiler.
2026.07.10 18:29:32 INFO  no build target found for /Users/shreyashsature/Coding/JAVA-DSA-practice/L_LinkedList.java/A_LinkedList.java. Using fallback presentation compiler.
2026.07.10 18:29:32 INFO  no build target found for /Users/shreyashsature/Coding/JAVA-DSA-practice/L_LinkedList.java/A_LinkedList.java. Using fallback presentation compiler.
2026.07.10 18:29:32 WARN  Running javac-semanticdb failed for file:///Users/shreyashsature/Coding/JAVA-DSA-practice/L_LinkedList.java/A_LinkedList.java. Output:

2026.07.10 18:29:33 INFO  no build target found for /Users/shreyashsature/Coding/JAVA-DSA-practice/L_LinkedList.java/A_LinkedList.java. Using fallback presentation compiler.
2026.07.10 18:32:09 INFO  no build target found for /Users/shreyashsature/Coding/JAVA-DSA-practice/L_LinkedList.java/A_LinkedList.java. Using fallback presentation compiler.
2026.07.10 18:32:09 INFO  no build target found for /Users/shreyashsature/Coding/JAVA-DSA-practice/L_LinkedList.java/A_LinkedList.java. Using fallback presentation compiler.
2026.07.10 18:32:09 INFO  no build target found for /Users/shreyashsature/Coding/JAVA-DSA-practice/L_LinkedList.java/A_LinkedList.java. Using fallback presentation compiler.
2026.07.10 18:32:09 INFO  no build target found for /Users/shreyashsature/Coding/JAVA-DSA-practice/L_LinkedList.java/A_LinkedList.java. Using fallback presentation compiler.
2026.07.10 18:32:09 INFO  no build target found for /Users/shreyashsature/Coding/JAVA-DSA-practice/L_LinkedList.java/A_LinkedList.java. Using fallback presentation compiler.
2026.07.10 18:32:09 INFO  no build target found for /Users/shreyashsature/Coding/JAVA-DSA-practice/L_LinkedList.java/A_LinkedList.java. Using fallback presentation compiler.
2026.07.10 18:32:10 WARN  Running javac-semanticdb failed for file:///Users/shreyashsature/Coding/JAVA-DSA-practice/L_LinkedList.java/A_LinkedList.java. Output:

2026.07.10 18:32:09 INFO  no build target found for /Users/shreyashsature/Coding/JAVA-DSA-practice/L_LinkedList.java/A_LinkedList.java. Using fallback presentation compiler.
2026.07.10 18:32:09 INFO  no build target found for /Users/shreyashsature/Coding/JAVA-DSA-practice/L_LinkedList.java/A_LinkedList.java. Using fallback presentation compiler.
2026.07.10 18:32:09 INFO  no build target found for /Users/shreyashsature/Coding/JAVA-DSA-practice/L_LinkedList.java/A_LinkedList.java. Using fallback presentation compiler.
2026.07.10 18:32:10 INFO  no build target found for /Users/shreyashsature/Coding/JAVA-DSA-practice/L_LinkedList.java/A_LinkedList.java. Using fallback presentation compiler.
2026.07.10 18:32:10 INFO  no build target found for /Users/shreyashsature/Coding/JAVA-DSA-practice/L_LinkedList.java/A_LinkedList.java. Using fallback presentation compiler.
2026.07.10 18:32:10 INFO  no build target found for /Users/shreyashsature/Coding/JAVA-DSA-practice/L_LinkedList.java/A_LinkedList.java. Using fallback presentation compiler.
2026.07.10 18:32:10 INFO  no build target found for /Users/shreyashsature/Coding/JAVA-DSA-practice/L_LinkedList.java/A_LinkedList.java. Using fallback presentation compiler.
2026.07.10 18:32:10 INFO  no build target found for /Users/shreyashsature/Coding/JAVA-DSA-practice/L_LinkedList.java/A_LinkedList.java. Using fallback presentation compiler.
2026.07.10 18:32:10 WARN  Running javac-semanticdb failed for file:///Users/shreyashsature/Coding/JAVA-DSA-practice/L_LinkedList.java/A_LinkedList.java. Output:

2026.07.10 18:32:10 INFO  no build target found for /Users/shreyashsature/Coding/JAVA-DSA-practice/L_LinkedList.java/A_LinkedList.java. Using fallback presentation compiler.
2026.07.10 18:32:10 INFO  no build target found for /Users/shreyashsature/Coding/JAVA-DSA-practice/L_LinkedList.java/A_LinkedList.java. Using fallback presentation compiler.
2026.07.10 18:32:11 INFO  no build target found for /Users/shreyashsature/Coding/JAVA-DSA-practice/L_LinkedList.java/A_LinkedList.java. Using fallback presentation compiler.
2026.07.10 18:32:11 INFO  no build target found for /Users/shreyashsature/Coding/JAVA-DSA-practice/L_LinkedList.java/A_LinkedList.java. Using fallback presentation compiler.
2026.07.10 18:32:12 INFO  no build target found for /Users/shreyashsature/Coding/JAVA-DSA-practice/L_LinkedList.java/A_LinkedList.java. Using fallback presentation compiler.
2026.07.10 18:32:11 INFO  no build target found for /Users/shreyashsature/Coding/JAVA-DSA-practice/L_LinkedList.java/A_LinkedList.java. Using fallback presentation compiler.
2026.07.10 18:32:12 WARN  Running javac-semanticdb failed for file:///Users/shreyashsature/Coding/JAVA-DSA-practice/L_LinkedList.java/A_LinkedList.java. Output:

2026.07.10 18:32:11 INFO  no build target found for /Users/shreyashsature/Coding/JAVA-DSA-practice/L_LinkedList.java/A_LinkedList.java. Using fallback presentation compiler.
2026.07.10 18:32:13 INFO  no build target found for /Users/shreyashsature/Coding/JAVA-DSA-practice/L_LinkedList.java/A_LinkedList.java. Using fallback presentation compiler.
2026.07.10 18:32:13 INFO  no build target found for /Users/shreyashsature/Coding/JAVA-DSA-practice/L_LinkedList.java/A_LinkedList.java. Using fallback presentation compiler.
2026.07.10 18:32:13 INFO  no build target found for /Users/shreyashsature/Coding/JAVA-DSA-practice/L_LinkedList.java/A_LinkedList.java. Using fallback presentation compiler.
2026.07.10 18:32:13 INFO  no build target found for /Users/shreyashsature/Coding/JAVA-DSA-practice/L_LinkedList.java/A_LinkedList.java. Using fallback presentation compiler.
2026.07.10 18:32:13 INFO  no build target found for /Users/shreyashsature/Coding/JAVA-DSA-practice/L_LinkedList.java/A_LinkedList.java. Using fallback presentation compiler.
2026.07.10 18:32:13 INFO  no build target found for /Users/shreyashsature/Coding/JAVA-DSA-practice/L_LinkedList.java/A_LinkedList.java. Using fallback presentation compiler.
2026.07.10 18:32:13 WARN  Running javac-semanticdb failed for file:///Users/shreyashsature/Coding/JAVA-DSA-practice/L_LinkedList.java/A_LinkedList.java. Output:

2026.07.10 18:32:13 INFO  no build target found for /Users/shreyashsature/Coding/JAVA-DSA-practice/L_LinkedList.java/A_LinkedList.java. Using fallback presentation compiler.
2026.07.10 18:32:14 INFO  no build target found for /Users/shreyashsature/Coding/JAVA-DSA-practice/L_LinkedList.java/A_LinkedList.java. Using fallback presentation compiler.
2026.07.10 18:32:14 INFO  no build target found for /Users/shreyashsature/Coding/JAVA-DSA-practice/L_LinkedList.java/A_LinkedList.java. Using fallback presentation compiler.
2026.07.10 18:32:14 WARN  Running javac-semanticdb failed for file:///Users/shreyashsature/Coding/JAVA-DSA-practice/L_LinkedList.java/A_LinkedList.java. Output:

2026.07.10 18:32:14 INFO  no build target found for /Users/shreyashsature/Coding/JAVA-DSA-practice/L_LinkedList.java/A_LinkedList.java. Using fallback presentation compiler.
2026.07.10 18:32:14 INFO  no build target found for /Users/shreyashsature/Coding/JAVA-DSA-practice/L_LinkedList.java/A_LinkedList.java. Using fallback presentation compiler.
2026.07.10 18:32:14 INFO  no build target found for /Users/shreyashsature/Coding/JAVA-DSA-practice/L_LinkedList.java/A_LinkedList.java. Using fallback presentation compiler.
2026.07.10 18:32:14 INFO  no build target found for /Users/shreyashsature/Coding/JAVA-DSA-practice/L_LinkedList.java/A_LinkedList.java. Using fallback presentation compiler.
2026.07.10 18:32:15 INFO  no build target found for /Users/shreyashsature/Coding/JAVA-DSA-practice/L_LinkedList.java/A_LinkedList.java. Using fallback presentation compiler.
2026.07.10 18:32:15 INFO  no build target found for /Users/shreyashsature/Coding/JAVA-DSA-practice/L_LinkedList.java/A_LinkedList.java. Using fallback presentation compiler.
2026.07.10 18:32:15 INFO  no build target found for /Users/shreyashsature/Coding/JAVA-DSA-practice/L_LinkedList.java/A_LinkedList.java. Using fallback presentation compiler.
2026.07.10 18:32:15 INFO  no build target found for /Users/shreyashsature/Coding/JAVA-DSA-practice/L_LinkedList.java/A_LinkedList.java. Using fallback presentation compiler.
2026.07.10 18:32:15 INFO  no build target found for /Users/shreyashsature/Coding/JAVA-DSA-practice/L_LinkedList.java/A_LinkedList.java. Using fallback presentation compiler.
2026.07.10 18:32:15 WARN  Running javac-semanticdb failed for file:///Users/shreyashsature/Coding/JAVA-DSA-practice/L_LinkedList.java/A_LinkedList.java. Output:

2026.07.10 18:32:15 INFO  no build target found for /Users/shreyashsature/Coding/JAVA-DSA-practice/L_LinkedList.java/A_LinkedList.java. Using fallback presentation compiler.
2026.07.10 18:32:15 INFO  no build target found for /Users/shreyashsature/Coding/JAVA-DSA-practice/L_LinkedList.java/A_LinkedList.java. Using fallback presentation compiler.
2026.07.10 18:32:15 INFO  no build target found for /Users/shreyashsature/Coding/JAVA-DSA-practice/L_LinkedList.java/A_LinkedList.java. Using fallback presentation compiler.
2026.07.10 18:32:16 WARN  Running javac-semanticdb failed for file:///Users/shreyashsature/Coding/JAVA-DSA-practice/L_LinkedList.java/A_LinkedList.java. Output:

2026.07.10 18:32:16 INFO  no build target found for /Users/shreyashsature/Coding/JAVA-DSA-practice/L_LinkedList.java/A_LinkedList.java. Using fallback presentation compiler.
2026.07.10 18:32:16 INFO  no build target found for /Users/shreyashsature/Coding/JAVA-DSA-practice/L_LinkedList.java/A_LinkedList.java. Using fallback presentation compiler.
2026.07.10 18:32:16 INFO  no build target found for /Users/shreyashsature/Coding/JAVA-DSA-practice/L_LinkedList.java/A_LinkedList.java. Using fallback presentation compiler.
2026.07.10 18:32:16 WARN  Running javac-semanticdb failed for file:///Users/shreyashsature/Coding/JAVA-DSA-practice/L_LinkedList.java/A_LinkedList.java. Output:

2026.07.10 18:32:16 INFO  no build target found for /Users/shreyashsature/Coding/JAVA-DSA-practice/L_LinkedList.java/A_LinkedList.java. Using fallback presentation compiler.
2026.07.10 18:32:16 INFO  no build target found for /Users/shreyashsature/Coding/JAVA-DSA-practice/L_LinkedList.java/A_LinkedList.java. Using fallback presentation compiler.
2026.07.10 18:32:17 INFO  no build target found for /Users/shreyashsature/Coding/JAVA-DSA-practice/L_LinkedList.java/A_LinkedList.java. Using fallback presentation compiler.
2026.07.10 18:32:17 INFO  no build target found for /Users/shreyashsature/Coding/JAVA-DSA-practice/L_LinkedList.java/A_LinkedList.java. Using fallback presentation compiler.
2026.07.10 18:32:18 WARN  Running javac-semanticdb failed for file:///Users/shreyashsature/Coding/JAVA-DSA-practice/L_LinkedList.java/A_LinkedList.java. Output:

2026.07.10 18:32:18 INFO  no build target found for /Users/shreyashsature/Coding/JAVA-DSA-practice/L_LinkedList.java/A_LinkedList.java. Using fallback presentation compiler.
2026.07.10 18:32:17 INFO  no build target found for /Users/shreyashsature/Coding/JAVA-DSA-practice/L_LinkedList.java/A_LinkedList.java. Using fallback presentation compiler.
2026.07.10 18:32:17 INFO  no build target found for /Users/shreyashsature/Coding/JAVA-DSA-practice/L_LinkedList.java/A_LinkedList.java. Using fallback presentation compiler.
2026.07.10 18:32:18 WARN  Running javac-semanticdb failed for file:///Users/shreyashsature/Coding/JAVA-DSA-practice/L_LinkedList.java/A_LinkedList.java. Output:

2026.07.10 18:32:18 INFO  no build target found for /Users/shreyashsature/Coding/JAVA-DSA-practice/L_LinkedList.java/A_LinkedList.java. Using fallback presentation compiler.
2026.07.10 18:32:19 INFO  no build target found for /Users/shreyashsature/Coding/JAVA-DSA-practice/L_LinkedList.java/A_LinkedList.java. Using fallback presentation compiler.
2026.07.10 18:32:19 INFO  no build target found for /Users/shreyashsature/Coding/JAVA-DSA-practice/L_LinkedList.java/A_LinkedList.java. Using fallback presentation compiler.
2026.07.10 18:32:21 INFO  no build target found for /Users/shreyashsature/Coding/JAVA-DSA-practice/L_LinkedList.java/A_LinkedList.java. Using fallback presentation compiler.
2026.07.10 18:32:21 INFO  no build target found for /Users/shreyashsature/Coding/JAVA-DSA-practice/L_LinkedList.java/A_LinkedList.java. Using fallback presentation compiler.
2026.07.10 18:32:21 INFO  no build target found for /Users/shreyashsature/Coding/JAVA-DSA-practice/L_LinkedList.java/A_LinkedList.java. Using fallback presentation compiler.
2026.07.10 18:32:21 INFO  no build target found for /Users/shreyashsature/Coding/JAVA-DSA-practice/L_LinkedList.java/A_LinkedList.java. Using fallback presentation compiler.
2026.07.10 18:32:21 INFO  no build target found for /Users/shreyashsature/Coding/JAVA-DSA-practice/L_LinkedList.java/A_LinkedList.java. Using fallback presentation compiler.
2026.07.10 18:32:21 INFO  no build target found for /Users/shreyashsature/Coding/JAVA-DSA-practice/L_LinkedList.java/A_LinkedList.java. Using fallback presentation compiler.
2026.07.10 18:32:22 INFO  no build target found for /Users/shreyashsature/Coding/JAVA-DSA-practice/L_LinkedList.java/A_LinkedList.java. Using fallback presentation compiler.
2026.07.10 18:32:21 INFO  no build target found for /Users/shreyashsature/Coding/JAVA-DSA-practice/L_LinkedList.java/A_LinkedList.java. Using fallback presentation compiler.
2026.07.10 18:32:21 WARN  Running javac-semanticdb failed for file:///Users/shreyashsature/Coding/JAVA-DSA-practice/L_LinkedList.java/A_LinkedList.java. Output:

2026.07.10 18:32:21 INFO  no build target found for /Users/shreyashsature/Coding/JAVA-DSA-practice/L_LinkedList.java/A_LinkedList.java. Using fallback presentation compiler.
2026.07.10 18:32:22 INFO  no build target found for /Users/shreyashsature/Coding/JAVA-DSA-practice/L_LinkedList.java/A_LinkedList.java. Using fallback presentation compiler.
2026.07.10 18:32:22 WARN  Running javac-semanticdb failed for file:///Users/shreyashsature/Coding/JAVA-DSA-practice/L_LinkedList.java/A_LinkedList.java. Output:

2026.07.10 18:32:22 INFO  no build target found for /Users/shreyashsature/Coding/JAVA-DSA-practice/L_LinkedList.java/A_LinkedList.java. Using fallback presentation compiler.
2026.07.10 18:32:22 INFO  no build target found for /Users/shreyashsature/Coding/JAVA-DSA-practice/L_LinkedList.java/A_LinkedList.java. Using fallback presentation compiler.
2026.07.10 18:32:23 INFO  no build target found for /Users/shreyashsature/Coding/JAVA-DSA-practice/L_LinkedList.java/A_LinkedList.java. Using fallback presentation compiler.
2026.07.10 18:32:23 INFO  no build target found for /Users/shreyashsature/Coding/JAVA-DSA-practice/L_LinkedList.java/A_LinkedList.java. Using fallback presentation compiler.
2026.07.10 18:32:23 INFO  no build target found for /Users/shreyashsature/Coding/JAVA-DSA-practice/L_LinkedList.java/A_LinkedList.java. Using fallback presentation compiler.
2026.07.10 18:32:23 WARN  Running javac-semanticdb failed for file:///Users/shreyashsature/Coding/JAVA-DSA-practice/L_LinkedList.java/A_LinkedList.java. Output:

2026.07.10 18:32:23 INFO  no build target found for /Users/shreyashsature/Coding/JAVA-DSA-practice/L_LinkedList.java/A_LinkedList.java. Using fallback presentation compiler.
2026.07.10 18:32:23 INFO  no build target found for /Users/shreyashsature/Coding/JAVA-DSA-practice/L_LinkedList.java/A_LinkedList.java. Using fallback presentation compiler.
2026.07.10 18:32:24 INFO  no build target found for /Users/shreyashsature/Coding/JAVA-DSA-practice/L_LinkedList.java/A_LinkedList.java. Using fallback presentation compiler.
2026.07.10 18:32:24 INFO  no build target found for /Users/shreyashsature/Coding/JAVA-DSA-practice/L_LinkedList.java/A_LinkedList.java. Using fallback presentation compiler.
2026.07.10 18:32:25 WARN  Running javac-semanticdb failed for file:///Users/shreyashsature/Coding/JAVA-DSA-practice/L_LinkedList.java/A_LinkedList.java. Output:

2026.07.10 18:32:25 INFO  no build target found for /Users/shreyashsature/Coding/JAVA-DSA-practice/L_LinkedList.java/A_LinkedList.java. Using fallback presentation compiler.
2026.07.10 18:32:24 INFO  no build target found for /Users/shreyashsature/Coding/JAVA-DSA-practice/L_LinkedList.java/A_LinkedList.java. Using fallback presentation compiler.
2026.07.10 18:32:24 INFO  no build target found for /Users/shreyashsature/Coding/JAVA-DSA-practice/L_LinkedList.java/A_LinkedList.java. Using fallback presentation compiler.
2026.07.10 18:32:25 INFO  no build target found for /Users/shreyashsature/Coding/JAVA-DSA-practice/L_LinkedList.java/A_LinkedList.java. Using fallback presentation compiler.
2026.07.10 18:32:26 INFO  no build target found for /Users/shreyashsature/Coding/JAVA-DSA-practice/L_LinkedList.java/A_LinkedList.java. Using fallback presentation compiler.
2026.07.10 18:32:26 WARN  Running javac-semanticdb failed for file:///Users/shreyashsature/Coding/JAVA-DSA-practice/L_LinkedList.java/A_LinkedList.java. Output:

2026.07.10 18:32:26 INFO  no build target found for /Users/shreyashsature/Coding/JAVA-DSA-practice/L_LinkedList.java/A_LinkedList.java. Using fallback presentation compiler.
2026.07.10 18:32:27 INFO  no build target found for /Users/shreyashsature/Coding/JAVA-DSA-practice/L_LinkedList.java/A_LinkedList.java. Using fallback presentation compiler.
2026.07.10 18:32:31 INFO  no build target found for /Users/shreyashsature/Coding/JAVA-DSA-practice/L_LinkedList.java/A_LinkedList.java. Using fallback presentation compiler.
2026.07.10 18:32:31 INFO  no build target found for /Users/shreyashsature/Coding/JAVA-DSA-practice/L_LinkedList.java/A_LinkedList.java. Using fallback presentation compiler.
2026.07.10 18:32:31 INFO  no build target found for /Users/shreyashsature/Coding/JAVA-DSA-practice/L_LinkedList.java/A_LinkedList.java. Using fallback presentation compiler.
2026.07.10 18:32:31 WARN  Running javac-semanticdb failed for file:///Users/shreyashsature/Coding/JAVA-DSA-practice/L_LinkedList.java/A_LinkedList.java. Output:

2026.07.10 18:32:31 INFO  no build target found for /Users/shreyashsature/Coding/JAVA-DSA-practice/L_LinkedList.java/A_LinkedList.java. Using fallback presentation compiler.
2026.07.10 18:32:32 INFO  no build target found for /Users/shreyashsature/Coding/JAVA-DSA-practice/L_LinkedList.java/A_LinkedList.java. Using fallback presentation compiler.
2026.07.10 18:32:31 INFO  no build target found for /Users/shreyashsature/Coding/JAVA-DSA-practice/L_LinkedList.java/A_LinkedList.java. Using fallback presentation compiler.
2026.07.10 18:32:32 WARN  Running javac-semanticdb failed for file:///Users/shreyashsature/Coding/JAVA-DSA-practice/L_LinkedList.java/A_LinkedList.java. Output:

2026.07.10 18:32:33 INFO  no build target found for /Users/shreyashsature/Coding/JAVA-DSA-practice/L_LinkedList.java/A_LinkedList.java. Using fallback presentation compiler.
2026.07.10 18:32:32 INFO  no build target found for /Users/shreyashsature/Coding/JAVA-DSA-practice/L_LinkedList.java/A_LinkedList.java. Using fallback presentation compiler.
2026.07.10 18:32:33 INFO  no build target found for /Users/shreyashsature/Coding/JAVA-DSA-practice/L_LinkedList.java/A_LinkedList.java. Using fallback presentation compiler.
2026.07.10 18:32:33 INFO  no build target found for /Users/shreyashsature/Coding/JAVA-DSA-practice/L_LinkedList.java/A_LinkedList.java. Using fallback presentation compiler.
2026.07.10 18:32:33 INFO  no build target found for /Users/shreyashsature/Coding/JAVA-DSA-practice/L_LinkedList.java/A_LinkedList.java. Using fallback presentation compiler.
2026.07.10 18:32:33 INFO  no build target found for /Users/shreyashsature/Coding/JAVA-DSA-practice/L_LinkedList.java/A_LinkedList.java. Using fallback presentation compiler.
2026.07.10 18:32:33 INFO  no build target found for /Users/shreyashsature/Coding/JAVA-DSA-practice/L_LinkedList.java/A_LinkedList.java. Using fallback presentation compiler.
2026.07.10 18:32:33 WARN  Running javac-semanticdb failed for file:///Users/shreyashsature/Coding/JAVA-DSA-practice/L_LinkedList.java/A_LinkedList.java. Output:

2026.07.10 18:32:34 INFO  no build target found for /Users/shreyashsature/Coding/JAVA-DSA-practice/L_LinkedList.java/A_LinkedList.java. Using fallback presentation compiler.
2026.07.10 18:32:34 INFO  no build target found for /Users/shreyashsature/Coding/JAVA-DSA-practice/L_LinkedList.java/A_LinkedList.java. Using fallback presentation compiler.
2026.07.10 18:32:36 INFO  no build target found for /Users/shreyashsature/Coding/JAVA-DSA-practice/L_LinkedList.java/A_LinkedList.java. Using fallback presentation compiler.
2026.07.10 18:32:36 INFO  no build target found for /Users/shreyashsature/Coding/JAVA-DSA-practice/L_LinkedList.java/A_LinkedList.java. Using fallback presentation compiler.
2026.07.10 18:32:36 INFO  no build target found for /Users/shreyashsature/Coding/JAVA-DSA-practice/L_LinkedList.java/A_LinkedList.java. Using fallback presentation compiler.
2026.07.10 18:32:37 INFO  no build target found for /Users/shreyashsature/Coding/JAVA-DSA-practice/L_LinkedList.java/A_LinkedList.java. Using fallback presentation compiler.
2026.07.10 18:32:36 INFO  no build target found for /Users/shreyashsature/Coding/JAVA-DSA-practice/L_LinkedList.java/A_LinkedList.java. Using fallback presentation compiler.
2026.07.10 18:32:37 INFO  no build target found for /Users/shreyashsature/Coding/JAVA-DSA-practice/L_LinkedList.java/A_LinkedList.java. Using fallback presentation compiler.
2026.07.10 18:32:36 INFO  no build target found for /Users/shreyashsature/Coding/JAVA-DSA-practice/L_LinkedList.java/A_LinkedList.java. Using fallback presentation compiler.
2026.07.10 18:32:37 WARN  Running javac-semanticdb failed for file:///Users/shreyashsature/Coding/JAVA-DSA-practice/L_LinkedList.java/A_LinkedList.java. Output:

2026.07.10 18:32:37 INFO  no build target found for /Users/shreyashsature/Coding/JAVA-DSA-practice/L_LinkedList.java/A_LinkedList.java. Using fallback presentation compiler.
2026.07.10 18:32:37 INFO  no build target found for /Users/shreyashsature/Coding/JAVA-DSA-practice/L_LinkedList.java/A_LinkedList.java. Using fallback presentation compiler.
2026.07.10 18:32:42 INFO  no build target found for /Users/shreyashsature/Coding/JAVA-DSA-practice/L_LinkedList.java/A_LinkedList.java. Using fallback presentation compiler.
2026.07.10 18:32:42 INFO  no build target found for /Users/shreyashsature/Coding/JAVA-DSA-practice/L_LinkedList.java/A_LinkedList.java. Using fallback presentation compiler.
2026.07.10 18:32:42 WARN  Running javac-semanticdb failed for file:///Users/shreyashsature/Coding/JAVA-DSA-practice/L_LinkedList.java/A_LinkedList.java. Output:

2026.07.10 18:32:42 INFO  no build target found for /Users/shreyashsature/Coding/JAVA-DSA-practice/L_LinkedList.java/A_LinkedList.java. Using fallback presentation compiler.
2026.07.10 18:32:42 INFO  no build target found for /Users/shreyashsature/Coding/JAVA-DSA-practice/L_LinkedList.java/A_LinkedList.java. Using fallback presentation compiler.
2026.07.10 18:32:42 INFO  no build target found for /Users/shreyashsature/Coding/JAVA-DSA-practice/L_LinkedList.java/A_LinkedList.java. Using fallback presentation compiler.
2026.07.10 18:32:42 INFO  no build target found for /Users/shreyashsature/Coding/JAVA-DSA-practice/L_LinkedList.java/A_LinkedList.java. Using fallback presentation compiler.
2026.07.10 18:32:43 INFO  no build target found for /Users/shreyashsature/Coding/JAVA-DSA-practice/L_LinkedList.java/A_LinkedList.java. Using fallback presentation compiler.
2026.07.10 18:32:43 INFO  no build target found for /Users/shreyashsature/Coding/JAVA-DSA-practice/L_LinkedList.java/A_LinkedList.java. Using fallback presentation compiler.
2026.07.10 18:32:43 INFO  no build target found for /Users/shreyashsature/Coding/JAVA-DSA-practice/L_LinkedList.java/A_LinkedList.java. Using fallback presentation compiler.
2026.07.10 18:32:43 INFO  no build target found for /Users/shreyashsature/Coding/JAVA-DSA-practice/L_LinkedList.java/A_LinkedList.java. Using fallback presentation compiler.
2026.07.10 18:32:43 WARN  Running javac-semanticdb failed for file:///Users/shreyashsature/Coding/JAVA-DSA-practice/L_LinkedList.java/A_LinkedList.java. Output:

2026.07.10 18:32:43 INFO  no build target found for /Users/shreyashsature/Coding/JAVA-DSA-practice/L_LinkedList.java/A_LinkedList.java. Using fallback presentation compiler.
2026.07.10 18:32:43 INFO  no build target found for /Users/shreyashsature/Coding/JAVA-DSA-practice/L_LinkedList.java/A_LinkedList.java. Using fallback presentation compiler.
2026.07.10 18:32:44 INFO  no build target found for /Users/shreyashsature/Coding/JAVA-DSA-practice/L_LinkedList.java/A_LinkedList.java. Using fallback presentation compiler.
2026.07.10 18:32:46 INFO  no build target found for /Users/shreyashsature/Coding/JAVA-DSA-practice/L_LinkedList.java/A_LinkedList.java. Using fallback presentation compiler.
2026.07.10 18:32:46 INFO  no build target found for /Users/shreyashsature/Coding/JAVA-DSA-practice/L_LinkedList.java/A_LinkedList.java. Using fallback presentation compiler.
2026.07.10 18:32:46 INFO  no build target found for /Users/shreyashsature/Coding/JAVA-DSA-practice/L_LinkedList.java/A_LinkedList.java. Using fallback presentation compiler.
2026.07.10 18:32:47 INFO  no build target found for /Users/shreyashsature/Coding/JAVA-DSA-practice/L_LinkedList.java/A_LinkedList.java. Using fallback presentation compiler.
2026.07.10 18:32:46 INFO  no build target found for /Users/shreyashsature/Coding/JAVA-DSA-practice/L_LinkedList.java/A_LinkedList.java. Using fallback presentation compiler.
2026.07.10 18:32:46 INFO  no build target found for /Users/shreyashsature/Coding/JAVA-DSA-practice/L_LinkedList.java/A_LinkedList.java. Using fallback presentation compiler.
2026.07.10 18:32:47 INFO  no build target found for /Users/shreyashsature/Coding/JAVA-DSA-practice/L_LinkedList.java/A_LinkedList.java. Using fallback presentation compiler.
2026.07.10 18:32:46 INFO  no build target found for /Users/shreyashsature/Coding/JAVA-DSA-practice/L_LinkedList.java/A_LinkedList.java. Using fallback presentation compiler.
2026.07.10 18:32:47 WARN  Running javac-semanticdb failed for file:///Users/shreyashsature/Coding/JAVA-DSA-practice/L_LinkedList.java/A_LinkedList.java. Output:

2026.07.10 18:32:48 INFO  no build target found for /Users/shreyashsature/Coding/JAVA-DSA-practice/L_LinkedList.java/A_LinkedList.java. Using fallback presentation compiler.
2026.07.10 18:32:48 INFO  no build target found for /Users/shreyashsature/Coding/JAVA-DSA-practice/L_LinkedList.java/A_LinkedList.java. Using fallback presentation compiler.
2026.07.10 18:32:50 INFO  no build target found for /Users/shreyashsature/Coding/JAVA-DSA-practice/L_LinkedList.java/A_LinkedList.java. Using fallback presentation compiler.
2026.07.10 18:32:50 INFO  no build target found for /Users/shreyashsature/Coding/JAVA-DSA-practice/L_LinkedList.java/A_LinkedList.java. Using fallback presentation compiler.
2026.07.10 18:32:51 INFO  no build target found for /Users/shreyashsature/Coding/JAVA-DSA-practice/L_LinkedList.java/A_LinkedList.java. Using fallback presentation compiler.
2026.07.10 18:32:50 INFO  no build target found for /Users/shreyashsature/Coding/JAVA-DSA-practice/L_LinkedList.java/A_LinkedList.java. Using fallback presentation compiler.
2026.07.10 18:32:51 WARN  Running javac-semanticdb failed for file:///Users/shreyashsature/Coding/JAVA-DSA-practice/L_LinkedList.java/A_LinkedList.java. Output:

2026.07.10 18:32:51 INFO  no build target found for /Users/shreyashsature/Coding/JAVA-DSA-practice/L_LinkedList.java/A_LinkedList.java. Using fallback presentation compiler.
2026.07.10 18:32:53 INFO  no build target found for /Users/shreyashsature/Coding/JAVA-DSA-practice/L_LinkedList.java/A_LinkedList.java. Using fallback presentation compiler.
2026.07.10 18:32:53 INFO  no build target found for /Users/shreyashsature/Coding/JAVA-DSA-practice/L_LinkedList.java/A_LinkedList.java. Using fallback presentation compiler.
2026.07.10 18:32:53 INFO  no build target found for /Users/shreyashsature/Coding/JAVA-DSA-practice/L_LinkedList.java/A_LinkedList.java. Using fallback presentation compiler.
2026.07.10 18:32:54 INFO  no build target found for /Users/shreyashsature/Coding/JAVA-DSA-practice/L_LinkedList.java/A_LinkedList.java. Using fallback presentation compiler.
2026.07.10 18:32:54 INFO  no build target found for /Users/shreyashsature/Coding/JAVA-DSA-practice/L_LinkedList.java/A_LinkedList.java. Using fallback presentation compiler.
2026.07.10 18:32:54 INFO  no build target found for /Users/shreyashsature/Coding/JAVA-DSA-practice/L_LinkedList.java/A_LinkedList.java. Using fallback presentation compiler.
2026.07.10 18:32:54 INFO  no build target found for /Users/shreyashsature/Coding/JAVA-DSA-practice/L_LinkedList.java/A_LinkedList.java. Using fallback presentation compiler.
2026.07.10 18:32:54 INFO  no build target found for /Users/shreyashsature/Coding/JAVA-DSA-practice/L_LinkedList.java/A_LinkedList.java. Using fallback presentation compiler.
2026.07.10 18:32:54 WARN  Running javac-semanticdb failed for file:///Users/shreyashsature/Coding/JAVA-DSA-practice/L_LinkedList.java/A_LinkedList.java. Output:

2026.07.10 18:32:54 INFO  no build target found for /Users/shreyashsature/Coding/JAVA-DSA-practice/L_LinkedList.java/A_LinkedList.java. Using fallback presentation compiler.
2026.07.10 18:32:55 INFO  no build target found for /Users/shreyashsature/Coding/JAVA-DSA-practice/L_LinkedList.java/A_LinkedList.java. Using fallback presentation compiler.
2026.07.10 18:32:55 INFO  no build target found for /Users/shreyashsature/Coding/JAVA-DSA-practice/L_LinkedList.java/A_LinkedList.java. Using fallback presentation compiler.
2026.07.10 18:32:55 INFO  no build target found for /Users/shreyashsature/Coding/JAVA-DSA-practice/L_LinkedList.java/A_LinkedList.java. Using fallback presentation compiler.
2026.07.10 18:32:55 INFO  no build target found for /Users/shreyashsature/Coding/JAVA-DSA-practice/L_LinkedList.java/A_LinkedList.java. Using fallback presentation compiler.
2026.07.10 18:32:55 INFO  no build target found for /Users/shreyashsature/Coding/JAVA-DSA-practice/L_LinkedList.java/A_LinkedList.java. Using fallback presentation compiler.
2026.07.10 18:32:56 INFO  no build target found for /Users/shreyashsature/Coding/JAVA-DSA-practice/L_LinkedList.java/A_LinkedList.java. Using fallback presentation compiler.
2026.07.10 18:32:55 INFO  no build target found for /Users/shreyashsature/Coding/JAVA-DSA-practice/L_LinkedList.java/A_LinkedList.java. Using fallback presentation compiler.
2026.07.10 18:32:56 WARN  Running javac-semanticdb failed for file:///Users/shreyashsature/Coding/JAVA-DSA-practice/L_LinkedList.java/A_LinkedList.java. Output:

2026.07.10 18:32:57 INFO  no build target found for /Users/shreyashsature/Coding/JAVA-DSA-practice/L_LinkedList.java/A_LinkedList.java. Using fallback presentation compiler.
2026.07.10 18:32:57 INFO  no build target found for /Users/shreyashsature/Coding/JAVA-DSA-practice/L_LinkedList.java/A_LinkedList.java. Using fallback presentation compiler.
2026.07.10 18:32:57 INFO  no build target found for /Users/shreyashsature/Coding/JAVA-DSA-practice/L_LinkedList.java/A_LinkedList.java. Using fallback presentation compiler.
2026.07.10 18:32:57 WARN  Running javac-semanticdb failed for file:///Users/shreyashsature/Coding/JAVA-DSA-practice/L_LinkedList.java/A_LinkedList.java. Output:

2026.07.10 18:32:57 INFO  no build target found for /Users/shreyashsature/Coding/JAVA-DSA-practice/L_LinkedList.java/A_LinkedList.java. Using fallback presentation compiler.
2026.07.10 18:32:57 INFO  no build target found for /Users/shreyashsature/Coding/JAVA-DSA-practice/L_LinkedList.java/A_LinkedList.java. Using fallback presentation compiler.
2026.07.10 18:32:57 INFO  no build target found for /Users/shreyashsature/Coding/JAVA-DSA-practice/L_LinkedList.java/A_LinkedList.java. Using fallback presentation compiler.
2026.07.10 18:32:58 INFO  no build target found for /Users/shreyashsature/Coding/JAVA-DSA-practice/L_LinkedList.java/A_LinkedList.java. Using fallback presentation compiler.
2026.07.10 18:32:58 INFO  no build target found for /Users/shreyashsature/Coding/JAVA-DSA-practice/L_LinkedList.java/A_LinkedList.java. Using fallback presentation compiler.
2026.07.10 18:32:58 WARN  Running javac-semanticdb failed for file:///Users/shreyashsature/Coding/JAVA-DSA-practice/L_LinkedList.java/A_LinkedList.java. Output:

2026.07.10 18:32:58 INFO  no build target found for /Users/shreyashsature/Coding/JAVA-DSA-practice/L_LinkedList.java/A_LinkedList.java. Using fallback presentation compiler.
2026.07.10 18:32:58 INFO  no build target found for /Users/shreyashsature/Coding/JAVA-DSA-practice/L_LinkedList.java/A_LinkedList.java. Using fallback presentation compiler.
2026.07.10 18:32:58 WARN  Running javac-semanticdb failed for file:///Users/shreyashsature/Coding/JAVA-DSA-practice/L_LinkedList.java/A_LinkedList.java. Output:

2026.07.10 18:32:58 INFO  no build target found for /Users/shreyashsature/Coding/JAVA-DSA-practice/L_LinkedList.java/A_LinkedList.java. Using fallback presentation compiler.
2026.07.10 18:32:58 INFO  no build target found for /Users/shreyashsature/Coding/JAVA-DSA-practice/L_LinkedList.java/A_LinkedList.java. Using fallback presentation compiler.
2026.07.10 18:32:59 INFO  no build target found for /Users/shreyashsature/Coding/JAVA-DSA-practice/L_LinkedList.java/A_LinkedList.java. Using fallback presentation compiler.
2026.07.10 18:32:58 INFO  no build target found for /Users/shreyashsature/Coding/JAVA-DSA-practice/L_LinkedList.java/A_LinkedList.java. Using fallback presentation compiler.
2026.07.10 18:32:58 INFO  no build target found for /Users/shreyashsature/Coding/JAVA-DSA-practice/L_LinkedList.java/A_LinkedList.java. Using fallback presentation compiler.
2026.07.10 18:32:59 INFO  no build target found for /Users/shreyashsature/Coding/JAVA-DSA-practice/L_LinkedList.java/A_LinkedList.java. Using fallback presentation compiler.
2026.07.10 18:32:59 INFO  no build target found for /Users/shreyashsature/Coding/JAVA-DSA-practice/L_LinkedList.java/A_LinkedList.java. Using fallback presentation compiler.
2026.07.10 18:32:59 INFO  no build target found for /Users/shreyashsature/Coding/JAVA-DSA-practice/L_LinkedList.java/A_LinkedList.java. Using fallback presentation compiler.
2026.07.10 18:32:58 WARN  Running javac-semanticdb failed for file:///Users/shreyashsature/Coding/JAVA-DSA-practice/L_LinkedList.java/A_LinkedList.java. Output:

2026.07.10 18:32:59 INFO  no build target found for /Users/shreyashsature/Coding/JAVA-DSA-practice/L_LinkedList.java/A_LinkedList.java. Using fallback presentation compiler.
2026.07.10 18:33:00 INFO  no build target found for /Users/shreyashsature/Coding/JAVA-DSA-practice/L_LinkedList.java/A_LinkedList.java. Using fallback presentation compiler.
2026.07.10 18:32:59 INFO  no build target found for /Users/shreyashsature/Coding/JAVA-DSA-practice/L_LinkedList.java/A_LinkedList.java. Using fallback presentation compiler.
2026.07.10 18:33:00 WARN  Running javac-semanticdb failed for file:///Users/shreyashsature/Coding/JAVA-DSA-practice/L_LinkedList.java/A_LinkedList.java. Output:

2026.07.10 18:33:01 INFO  no build target found for /Users/shreyashsature/Coding/JAVA-DSA-practice/L_LinkedList.java/A_LinkedList.java. Using fallback presentation compiler.
2026.07.10 18:33:01 INFO  no build target found for /Users/shreyashsature/Coding/JAVA-DSA-practice/L_LinkedList.java/A_LinkedList.java. Using fallback presentation compiler.
2026.07.10 18:33:01 INFO  no build target found for /Users/shreyashsature/Coding/JAVA-DSA-practice/L_LinkedList.java/A_LinkedList.java. Using fallback presentation compiler.
2026.07.10 18:33:01 INFO  no build target found for /Users/shreyashsature/Coding/JAVA-DSA-practice/L_LinkedList.java/A_LinkedList.java. Using fallback presentation compiler.
2026.07.10 18:33:01 INFO  no build target found for /Users/shreyashsature/Coding/JAVA-DSA-practice/L_LinkedList.java/A_LinkedList.java. Using fallback presentation compiler.
2026.07.10 18:33:01 WARN  Running javac-semanticdb failed for file:///Users/shreyashsature/Coding/JAVA-DSA-practice/L_LinkedList.java/A_LinkedList.java. Output:

2026.07.10 18:33:01 INFO  no build target found for /Users/shreyashsature/Coding/JAVA-DSA-practice/L_LinkedList.java/A_LinkedList.java. Using fallback presentation compiler.
2026.07.10 18:33:02 INFO  no build target found for /Users/shreyashsature/Coding/JAVA-DSA-practice/L_LinkedList.java/A_LinkedList.java. Using fallback presentation compiler.
2026.07.10 18:33:02 INFO  no build target found for /Users/shreyashsature/Coding/JAVA-DSA-practice/L_LinkedList.java/A_LinkedList.java. Using fallback presentation compiler.
2026.07.10 18:33:02 INFO  no build target found for /Users/shreyashsature/Coding/JAVA-DSA-practice/L_LinkedList.java/A_LinkedList.java. Using fallback presentation compiler.
2026.07.10 18:33:02 WARN  Running javac-semanticdb failed for file:///Users/shreyashsature/Coding/JAVA-DSA-practice/L_LinkedList.java/A_LinkedList.java. Output:

2026.07.10 18:33:02 INFO  no build target found for /Users/shreyashsature/Coding/JAVA-DSA-practice/L_LinkedList.java/A_LinkedList.java. Using fallback presentation compiler.
2026.07.10 18:33:02 INFO  no build target found for /Users/shreyashsature/Coding/JAVA-DSA-practice/L_LinkedList.java/A_LinkedList.java. Using fallback presentation compiler.
2026.07.10 18:33:02 WARN  Running javac-semanticdb failed for file:///Users/shreyashsature/Coding/JAVA-DSA-practice/L_LinkedList.java/A_LinkedList.java. Output:

2026.07.10 18:33:02 INFO  no build target found for /Users/shreyashsature/Coding/JAVA-DSA-practice/L_LinkedList.java/A_LinkedList.java. Using fallback presentation compiler.
2026.07.10 18:33:02 INFO  no build target found for /Users/shreyashsature/Coding/JAVA-DSA-practice/L_LinkedList.java/A_LinkedList.java. Using fallback presentation compiler.
2026.07.10 18:33:03 INFO  no build target found for /Users/shreyashsature/Coding/JAVA-DSA-practice/L_LinkedList.java/A_LinkedList.java. Using fallback presentation compiler.
2026.07.10 18:33:03 INFO  no build target found for /Users/shreyashsature/Coding/JAVA-DSA-practice/L_LinkedList.java/A_LinkedList.java. Using fallback presentation compiler.
2026.07.10 18:33:03 INFO  no build target found for /Users/shreyashsature/Coding/JAVA-DSA-practice/L_LinkedList.java/A_LinkedList.java. Using fallback presentation compiler.
2026.07.10 18:33:03 WARN  Running javac-semanticdb failed for file:///Users/shreyashsature/Coding/JAVA-DSA-practice/L_LinkedList.java/A_LinkedList.java. Output:

2026.07.10 18:33:03 INFO  no build target found for /Users/shreyashsature/Coding/JAVA-DSA-practice/L_LinkedList.java/A_LinkedList.java. Using fallback presentation compiler.
2026.07.10 18:33:04 INFO  no build target found for /Users/shreyashsature/Coding/JAVA-DSA-practice/L_LinkedList.java/A_LinkedList.java. Using fallback presentation compiler.
2026.07.10 18:33:04 INFO  no build target found for /Users/shreyashsature/Coding/JAVA-DSA-practice/L_LinkedList.java/A_LinkedList.java. Using fallback presentation compiler.
2026.07.10 18:33:04 INFO  no build target found for /Users/shreyashsature/Coding/JAVA-DSA-practice/L_LinkedList.java/A_LinkedList.java. Using fallback presentation compiler.
2026.07.10 18:33:04 INFO  no build target found for /Users/shreyashsature/Coding/JAVA-DSA-practice/L_LinkedList.java/A_LinkedList.java. Using fallback presentation compiler.
2026.07.10 18:33:04 INFO  no build target found for /Users/shreyashsature/Coding/JAVA-DSA-practice/L_LinkedList.java/A_LinkedList.java. Using fallback presentation compiler.
2026.07.10 18:33:04 INFO  no build target found for /Users/shreyashsature/Coding/JAVA-DSA-practice/L_LinkedList.java/A_LinkedList.java. Using fallback presentation compiler.
2026.07.10 18:33:05 WARN  Running javac-semanticdb failed for file:///Users/shreyashsature/Coding/JAVA-DSA-practice/L_LinkedList.java/A_LinkedList.java. Output:

2026.07.10 18:33:05 INFO  no build target found for /Users/shreyashsature/Coding/JAVA-DSA-practice/L_LinkedList.java/A_LinkedList.java. Using fallback presentation compiler.
2026.07.10 18:33:05 INFO  no build target found for /Users/shreyashsature/Coding/JAVA-DSA-practice/L_LinkedList.java/A_LinkedList.java. Using fallback presentation compiler.
2026.07.10 18:33:05 INFO  no build target found for /Users/shreyashsature/Coding/JAVA-DSA-practice/L_LinkedList.java/A_LinkedList.java. Using fallback presentation compiler.
2026.07.10 18:33:05 INFO  no build target found for /Users/shreyashsature/Coding/JAVA-DSA-practice/L_LinkedList.java/A_LinkedList.java. Using fallback presentation compiler.
2026.07.10 18:33:05 INFO  no build target found for /Users/shreyashsature/Coding/JAVA-DSA-practice/L_LinkedList.java/A_LinkedList.java. Using fallback presentation compiler.
2026.07.10 18:33:06 WARN  Running javac-semanticdb failed for file:///Users/shreyashsature/Coding/JAVA-DSA-practice/L_LinkedList.java/A_LinkedList.java. Output:

2026.07.10 18:33:06 INFO  no build target found for /Users/shreyashsature/Coding/JAVA-DSA-practice/L_LinkedList.java/A_LinkedList.java. Using fallback presentation compiler.
2026.07.10 18:33:05 INFO  no build target found for /Users/shreyashsature/Coding/JAVA-DSA-practice/L_LinkedList.java/A_LinkedList.java. Using fallback presentation compiler.
2026.07.10 18:33:06 INFO  no build target found for /Users/shreyashsature/Coding/JAVA-DSA-practice/L_LinkedList.java/A_LinkedList.java. Using fallback presentation compiler.
2026.07.10 18:33:05 INFO  no build target found for /Users/shreyashsature/Coding/JAVA-DSA-practice/L_LinkedList.java/A_LinkedList.java. Using fallback presentation compiler.
2026.07.10 18:33:06 WARN  Running javac-semanticdb failed for file:///Users/shreyashsature/Coding/JAVA-DSA-practice/L_LinkedList.java/A_LinkedList.java. Output:

2026.07.10 18:33:07 INFO  no build target found for /Users/shreyashsature/Coding/JAVA-DSA-practice/L_LinkedList.java/A_LinkedList.java. Using fallback presentation compiler.
2026.07.10 18:33:07 INFO  no build target found for /Users/shreyashsature/Coding/JAVA-DSA-practice/L_LinkedList.java/A_LinkedList.java. Using fallback presentation compiler.
2026.07.10 18:33:06 WARN  Running javac-semanticdb failed for file:///Users/shreyashsature/Coding/JAVA-DSA-practice/L_LinkedList.java/A_LinkedList.java. Output:

2026.07.10 18:33:07 INFO  no build target found for /Users/shreyashsature/Coding/JAVA-DSA-practice/L_LinkedList.java/A_LinkedList.java. Using fallback presentation compiler.
2026.07.10 18:33:07 INFO  no build target found for /Users/shreyashsature/Coding/JAVA-DSA-practice/L_LinkedList.java/A_LinkedList.java. Using fallback presentation compiler.
2026.07.10 18:33:07 INFO  no build target found for /Users/shreyashsature/Coding/JAVA-DSA-practice/L_LinkedList.java/A_LinkedList.java. Using fallback presentation compiler.
2026.07.10 18:33:07 WARN  Running javac-semanticdb failed for file:///Users/shreyashsature/Coding/JAVA-DSA-practice/L_LinkedList.java/A_LinkedList.java. Output:

2026.07.10 18:33:07 INFO  no build target found for /Users/shreyashsature/Coding/JAVA-DSA-practice/L_LinkedList.java/A_LinkedList.java. Using fallback presentation compiler.
2026.07.10 18:33:07 INFO  no build target found for /Users/shreyashsature/Coding/JAVA-DSA-practice/L_LinkedList.java/A_LinkedList.java. Using fallback presentation compiler.
2026.07.10 18:33:07 INFO  no build target found for /Users/shreyashsature/Coding/JAVA-DSA-practice/L_LinkedList.java/A_LinkedList.java. Using fallback presentation compiler.
2026.07.10 18:33:07 WARN  Running javac-semanticdb failed for file:///Users/shreyashsature/Coding/JAVA-DSA-practice/L_LinkedList.java/A_LinkedList.java. Output:

2026.07.10 18:33:07 INFO  no build target found for /Users/shreyashsature/Coding/JAVA-DSA-practice/L_LinkedList.java/A_LinkedList.java. Using fallback presentation compiler.
2026.07.10 18:33:08 INFO  no build target found for /Users/shreyashsature/Coding/JAVA-DSA-practice/L_LinkedList.java/A_LinkedList.java. Using fallback presentation compiler.
2026.07.10 18:33:08 INFO  no build target found for /Users/shreyashsature/Coding/JAVA-DSA-practice/L_LinkedList.java/A_LinkedList.java. Using fallback presentation compiler.
2026.07.10 18:33:08 INFO  no build target found for /Users/shreyashsature/Coding/JAVA-DSA-practice/L_LinkedList.java/A_LinkedList.java. Using fallback presentation compiler.
2026.07.10 18:33:08 WARN  Running javac-semanticdb failed for file:///Users/shreyashsature/Coding/JAVA-DSA-practice/L_LinkedList.java/A_LinkedList.java. Output:

2026.07.10 18:33:08 INFO  no build target found for /Users/shreyashsature/Coding/JAVA-DSA-practice/L_LinkedList.java/A_LinkedList.java. Using fallback presentation compiler.
2026.07.10 18:33:08 INFO  no build target found for /Users/shreyashsature/Coding/JAVA-DSA-practice/L_LinkedList.java/A_LinkedList.java. Using fallback presentation compiler.
2026.07.10 18:33:08 INFO  no build target found for /Users/shreyashsature/Coding/JAVA-DSA-practice/L_LinkedList.java/A_LinkedList.java. Using fallback presentation compiler.
2026.07.10 18:33:08 WARN  Running javac-semanticdb failed for file:///Users/shreyashsature/Coding/JAVA-DSA-practice/L_LinkedList.java/A_LinkedList.java. Output:

2026.07.10 18:33:08 INFO  no build target found for /Users/shreyashsature/Coding/JAVA-DSA-practice/L_LinkedList.java/A_LinkedList.java. Using fallback presentation compiler.
2026.07.10 18:33:08 INFO  no build target found for /Users/shreyashsature/Coding/JAVA-DSA-practice/L_LinkedList.java/A_LinkedList.java. Using fallback presentation compiler.
2026.07.10 18:33:08 INFO  no build target found for /Users/shreyashsature/Coding/JAVA-DSA-practice/L_LinkedList.java/A_LinkedList.java. Using fallback presentation compiler.
2026.07.10 18:33:09 INFO  no build target found for /Users/shreyashsature/Coding/JAVA-DSA-practice/L_LinkedList.java/A_LinkedList.java. Using fallback presentation compiler.
2026.07.10 18:33:08 INFO  no build target found for /Users/shreyashsature/Coding/JAVA-DSA-practice/L_LinkedList.java/A_LinkedList.java. Using fallback presentation compiler.
2026.07.10 18:33:09 WARN  Running javac-semanticdb failed for file:///Users/shreyashsature/Coding/JAVA-DSA-practice/L_LinkedList.java/A_LinkedList.java. Output:

2026.07.10 18:33:09 INFO  no build target found for /Users/shreyashsature/Coding/JAVA-DSA-practice/L_LinkedList.java/A_LinkedList.java. Using fallback presentation compiler.
2026.07.10 18:33:09 INFO  no build target found for /Users/shreyashsature/Coding/JAVA-DSA-practice/L_LinkedList.java/A_LinkedList.java. Using fallback presentation compiler.
2026.07.10 18:33:09 INFO  no build target found for /Users/shreyashsature/Coding/JAVA-DSA-practice/L_LinkedList.java/A_LinkedList.java. Using fallback presentation compiler.
2026.07.10 18:33:10 INFO  no build target found for /Users/shreyashsature/Coding/JAVA-DSA-practice/L_LinkedList.java/A_LinkedList.java. Using fallback presentation compiler.
2026.07.10 18:33:09 INFO  no build target found for /Users/shreyashsature/Coding/JAVA-DSA-practice/L_LinkedList.java/A_LinkedList.java. Using fallback presentation compiler.
2026.07.10 18:33:10 WARN  Running javac-semanticdb failed for file:///Users/shreyashsature/Coding/JAVA-DSA-practice/L_LinkedList.java/A_LinkedList.java. Output:

2026.07.10 18:33:11 INFO  no build target found for /Users/shreyashsature/Coding/JAVA-DSA-practice/L_LinkedList.java/A_LinkedList.java. Using fallback presentation compiler.
2026.07.10 18:33:11 INFO  no build target found for /Users/shreyashsature/Coding/JAVA-DSA-practice/L_LinkedList.java/A_LinkedList.java. Using fallback presentation compiler.
2026.07.10 18:33:11 WARN  Running javac-semanticdb failed for file:///Users/shreyashsature/Coding/JAVA-DSA-practice/L_LinkedList.java/A_LinkedList.java. Output:

2026.07.10 18:33:11 INFO  no build target found for /Users/shreyashsature/Coding/JAVA-DSA-practice/L_LinkedList.java/A_LinkedList.java. Using fallback presentation compiler.
2026.07.10 18:33:11 INFO  no build target found for /Users/shreyashsature/Coding/JAVA-DSA-practice/L_LinkedList.java/A_LinkedList.java. Using fallback presentation compiler.
2026.07.10 18:33:11 INFO  no build target found for /Users/shreyashsature/Coding/JAVA-DSA-practice/L_LinkedList.java/A_LinkedList.java. Using fallback presentation compiler.
2026.07.10 18:33:11 INFO  no build target found for /Users/shreyashsature/Coding/JAVA-DSA-practice/L_LinkedList.java/A_LinkedList.java. Using fallback presentation compiler.
2026.07.10 18:33:11 INFO  no build target found for /Users/shreyashsature/Coding/JAVA-DSA-practice/L_LinkedList.java/A_LinkedList.java. Using fallback presentation compiler.
2026.07.10 18:33:11 INFO  no build target found for /Users/shreyashsature/Coding/JAVA-DSA-practice/L_LinkedList.java/A_LinkedList.java. Using fallback presentation compiler.
2026.07.10 18:33:11 WARN  Running javac-semanticdb failed for file:///Users/shreyashsature/Coding/JAVA-DSA-practice/L_LinkedList.java/A_LinkedList.java. Output:

2026.07.10 18:33:12 INFO  no build target found for /Users/shreyashsature/Coding/JAVA-DSA-practice/L_LinkedList.java/A_LinkedList.java. Using fallback presentation compiler.
2026.07.10 18:33:12 INFO  no build target found for /Users/shreyashsature/Coding/JAVA-DSA-practice/L_LinkedList.java/A_LinkedList.java. Using fallback presentation compiler.
2026.07.10 18:33:12 INFO  no build target found for /Users/shreyashsature/Coding/JAVA-DSA-practice/L_LinkedList.java/A_LinkedList.java. Using fallback presentation compiler.
2026.07.10 18:33:23 INFO  no build target found for /Users/shreyashsature/Coding/JAVA-DSA-practice/L_LinkedList.java/A_LinkedList.java. Using fallback presentation compiler.
2026.07.10 18:33:23 INFO  no build target found for /Users/shreyashsature/Coding/JAVA-DSA-practice/L_LinkedList.java/A_LinkedList.java. Using fallback presentation compiler.
2026.07.10 18:34:45 INFO  no build target found for /Users/shreyashsature/Coding/JAVA-DSA-practice/L_LinkedList.java/A_LinkedList.java. Using fallback presentation compiler.
2026.07.10 18:34:45 INFO  no build target found for /Users/shreyashsature/Coding/JAVA-DSA-practice/L_LinkedList.java/A_LinkedList.java. Using fallback presentation compiler.
2026.07.10 18:34:51 INFO  no build target found for /Users/shreyashsature/Coding/JAVA-DSA-practice/L_LinkedList.java/A_LinkedList.java. Using fallback presentation compiler.
2026.07.10 18:34:51 INFO  no build target found for /Users/shreyashsature/Coding/JAVA-DSA-practice/L_LinkedList.java/A_LinkedList.java. Using fallback presentation compiler.
2026.07.10 18:34:52 INFO  no build target found for /Users/shreyashsature/Coding/JAVA-DSA-practice/L_LinkedList.java/A_LinkedList.java. Using fallback presentation compiler.
2026.07.10 18:34:51 INFO  no build target found for /Users/shreyashsature/Coding/JAVA-DSA-practice/L_LinkedList.java/A_LinkedList.java. Using fallback presentation compiler.
2026.07.10 18:34:52 WARN  Running javac-semanticdb failed for file:///Users/shreyashsature/Coding/JAVA-DSA-practice/L_LinkedList.java/A_LinkedList.java. Output:

2026.07.10 18:34:51 INFO  no build target found for /Users/shreyashsature/Coding/JAVA-DSA-practice/L_LinkedList.java/A_LinkedList.java. Using fallback presentation compiler.
2026.07.10 18:34:53 INFO  no build target found for /Users/shreyashsature/Coding/JAVA-DSA-practice/L_LinkedList.java/A_LinkedList.java. Using fallback presentation compiler.
2026.07.10 18:34:53 INFO  no build target found for /Users/shreyashsature/Coding/JAVA-DSA-practice/L_LinkedList.java/A_LinkedList.java. Using fallback presentation compiler.
2026.07.10 18:34:53 INFO  no build target found for /Users/shreyashsature/Coding/JAVA-DSA-practice/L_LinkedList.java/A_LinkedList.java. Using fallback presentation compiler.
2026.07.10 18:34:53 INFO  no build target found for /Users/shreyashsature/Coding/JAVA-DSA-practice/L_LinkedList.java/A_LinkedList.java. Using fallback presentation compiler.
2026.07.10 18:34:53 INFO  no build target found for /Users/shreyashsature/Coding/JAVA-DSA-practice/L_LinkedList.java/A_LinkedList.java. Using fallback presentation compiler.
2026.07.10 18:34:53 WARN  Running javac-semanticdb failed for file:///Users/shreyashsature/Coding/JAVA-DSA-practice/L_LinkedList.java/A_LinkedList.java. Output:

2026.07.10 18:34:53 INFO  no build target found for /Users/shreyashsature/Coding/JAVA-DSA-practice/L_LinkedList.java/A_LinkedList.java. Using fallback presentation compiler.
2026.07.10 18:34:54 INFO  no build target found for /Users/shreyashsature/Coding/JAVA-DSA-practice/L_LinkedList.java/A_LinkedList.java. Using fallback presentation compiler.
2026.07.10 18:34:54 INFO  no build target found for /Users/shreyashsature/Coding/JAVA-DSA-practice/L_LinkedList.java/A_LinkedList.java. Using fallback presentation compiler.
2026.07.10 18:34:56 INFO  no build target found for /Users/shreyashsature/Coding/JAVA-DSA-practice/L_LinkedList.java/A_LinkedList.java. Using fallback presentation compiler.
2026.07.10 18:34:56 INFO  no build target found for /Users/shreyashsature/Coding/JAVA-DSA-practice/L_LinkedList.java/A_LinkedList.java. Using fallback presentation compiler.
2026.07.10 18:34:56 INFO  no build target found for /Users/shreyashsature/Coding/JAVA-DSA-practice/L_LinkedList.java/A_LinkedList.java. Using fallback presentation compiler.
2026.07.10 18:34:56 INFO  no build target found for /Users/shreyashsature/Coding/JAVA-DSA-practice/L_LinkedList.java/A_LinkedList.java. Using fallback presentation compiler.
2026.07.10 18:34:56 INFO  no build target found for /Users/shreyashsature/Coding/JAVA-DSA-practice/L_LinkedList.java/A_LinkedList.java. Using fallback presentation compiler.
2026.07.10 18:34:56 WARN  Running javac-semanticdb failed for file:///Users/shreyashsature/Coding/JAVA-DSA-practice/L_LinkedList.java/A_LinkedList.java. Output:

2026.07.10 18:34:57 INFO  no build target found for /Users/shreyashsature/Coding/JAVA-DSA-practice/L_LinkedList.java/A_LinkedList.java. Using fallback presentation compiler.
2026.07.10 18:34:57 INFO  no build target found for /Users/shreyashsature/Coding/JAVA-DSA-practice/L_LinkedList.java/A_LinkedList.java. Using fallback presentation compiler.
2026.07.10 18:34:57 INFO  no build target found for /Users/shreyashsature/Coding/JAVA-DSA-practice/L_LinkedList.java/A_LinkedList.java. Using fallback presentation compiler.
2026.07.10 18:34:57 INFO  no build target found for /Users/shreyashsature/Coding/JAVA-DSA-practice/L_LinkedList.java/A_LinkedList.java. Using fallback presentation compiler.
2026.07.10 18:34:57 WARN  Running javac-semanticdb failed for file:///Users/shreyashsature/Coding/JAVA-DSA-practice/L_LinkedList.java/A_LinkedList.java. Output:

2026.07.10 18:34:57 INFO  no build target found for /Users/shreyashsature/Coding/JAVA-DSA-practice/L_LinkedList.java/A_LinkedList.java. Using fallback presentation compiler.
2026.07.10 18:34:57 INFO  no build target found for /Users/shreyashsature/Coding/JAVA-DSA-practice/L_LinkedList.java/A_LinkedList.java. Using fallback presentation compiler.
2026.07.10 18:34:57 INFO  no build target found for /Users/shreyashsature/Coding/JAVA-DSA-practice/L_LinkedList.java/A_LinkedList.java. Using fallback presentation compiler.
2026.07.10 18:34:57 INFO  no build target found for /Users/shreyashsature/Coding/JAVA-DSA-practice/L_LinkedList.java/A_LinkedList.java. Using fallback presentation compiler.
2026.07.10 18:34:58 INFO  no build target found for /Users/shreyashsature/Coding/JAVA-DSA-practice/L_LinkedList.java/A_LinkedList.java. Using fallback presentation compiler.
2026.07.10 18:34:58 INFO  no build target found for /Users/shreyashsature/Coding/JAVA-DSA-practice/L_LinkedList.java/A_LinkedList.java. Using fallback presentation compiler.
2026.07.10 18:34:58 INFO  no build target found for /Users/shreyashsature/Coding/JAVA-DSA-practice/L_LinkedList.java/A_LinkedList.java. Using fallback presentation compiler.
2026.07.10 18:34:58 INFO  no build target found for /Users/shreyashsature/Coding/JAVA-DSA-practice/L_LinkedList.java/A_LinkedList.java. Using fallback presentation compiler.
2026.07.10 18:34:58 INFO  no build target found for /Users/shreyashsature/Coding/JAVA-DSA-practice/L_LinkedList.java/A_LinkedList.java. Using fallback presentation compiler.
2026.07.10 18:34:58 INFO  no build target found for /Users/shreyashsature/Coding/JAVA-DSA-practice/L_LinkedList.java/A_LinkedList.java. Using fallback presentation compiler.
2026.07.10 18:34:59 INFO  no build target found for /Users/shreyashsature/Coding/JAVA-DSA-practice/L_LinkedList.java/A_LinkedList.java. Using fallback presentation compiler.
2026.07.10 18:34:59 INFO  no build target found for /Users/shreyashsature/Coding/JAVA-DSA-practice/L_LinkedList.java/A_LinkedList.java. Using fallback presentation compiler.
2026.07.10 18:34:59 INFO  no build target found for /Users/shreyashsature/Coding/JAVA-DSA-practice/L_LinkedList.java/A_LinkedList.java. Using fallback presentation compiler.
2026.07.10 18:34:59 INFO  no build target found for /Users/shreyashsature/Coding/JAVA-DSA-practice/L_LinkedList.java/A_LinkedList.java. Using fallback presentation compiler.
2026.07.10 18:35:00 INFO  no build target found for /Users/shreyashsature/Coding/JAVA-DSA-practice/L_LinkedList.java/A_LinkedList.java. Using fallback presentation compiler.
2026.07.10 18:35:00 WARN  Running javac-semanticdb failed for file:///Users/shreyashsature/Coding/JAVA-DSA-practice/L_LinkedList.java/A_LinkedList.java. Output:

2026.07.10 18:34:59 INFO  no build target found for /Users/shreyashsature/Coding/JAVA-DSA-practice/L_LinkedList.java/A_LinkedList.java. Using fallback presentation compiler.
2026.07.10 18:35:00 INFO  no build target found for /Users/shreyashsature/Coding/JAVA-DSA-practice/L_LinkedList.java/A_LinkedList.java. Using fallback presentation compiler.
2026.07.10 18:34:59 INFO  no build target found for /Users/shreyashsature/Coding/JAVA-DSA-practice/L_LinkedList.java/A_LinkedList.java. Using fallback presentation compiler.
2026.07.10 18:35:00 WARN  Running javac-semanticdb failed for file:///Users/shreyashsature/Coding/JAVA-DSA-practice/L_LinkedList.java/A_LinkedList.java. Output:

2026.07.10 18:35:01 INFO  no build target found for /Users/shreyashsature/Coding/JAVA-DSA-practice/L_LinkedList.java/A_LinkedList.java. Using fallback presentation compiler.
2026.07.10 18:35:01 INFO  no build target found for /Users/shreyashsature/Coding/JAVA-DSA-practice/L_LinkedList.java/A_LinkedList.java. Using fallback presentation compiler.
2026.07.10 18:35:01 INFO  no build target found for /Users/shreyashsature/Coding/JAVA-DSA-practice/L_LinkedList.java/A_LinkedList.java. Using fallback presentation compiler.
2026.07.10 18:35:01 INFO  no build target found for /Users/shreyashsature/Coding/JAVA-DSA-practice/L_LinkedList.java/A_LinkedList.java. Using fallback presentation compiler.
2026.07.10 18:35:01 INFO  no build target found for /Users/shreyashsature/Coding/JAVA-DSA-practice/L_LinkedList.java/A_LinkedList.java. Using fallback presentation compiler.
2026.07.10 18:35:01 INFO  no build target found for /Users/shreyashsature/Coding/JAVA-DSA-practice/L_LinkedList.java/A_LinkedList.java. Using fallback presentation compiler.
2026.07.10 18:35:02 WARN  Running javac-semanticdb failed for file:///Users/shreyashsature/Coding/JAVA-DSA-practice/L_LinkedList.java/A_LinkedList.java. Output:

2026.07.10 18:35:02 INFO  no build target found for /Users/shreyashsature/Coding/JAVA-DSA-practice/L_LinkedList.java/A_LinkedList.java. Using fallback presentation compiler.
2026.07.10 18:35:02 INFO  no build target found for /Users/shreyashsature/Coding/JAVA-DSA-practice/L_LinkedList.java/A_LinkedList.java. Using fallback presentation compiler.
2026.07.10 18:35:02 INFO  no build target found for /Users/shreyashsature/Coding/JAVA-DSA-practice/L_LinkedList.java/A_LinkedList.java. Using fallback presentation compiler.
2026.07.10 18:35:02 INFO  no build target found for /Users/shreyashsature/Coding/JAVA-DSA-practice/L_LinkedList.java/A_LinkedList.java. Using fallback presentation compiler.
2026.07.10 18:35:02 INFO  no build target found for /Users/shreyashsature/Coding/JAVA-DSA-practice/L_LinkedList.java/A_LinkedList.java. Using fallback presentation compiler.
2026.07.10 18:35:03 WARN  Running javac-semanticdb failed for file:///Users/shreyashsature/Coding/JAVA-DSA-practice/L_LinkedList.java/A_LinkedList.java. Output:

2026.07.10 18:35:03 INFO  no build target found for /Users/shreyashsature/Coding/JAVA-DSA-practice/L_LinkedList.java/A_LinkedList.java. Using fallback presentation compiler.
2026.07.10 18:35:02 INFO  no build target found for /Users/shreyashsature/Coding/JAVA-DSA-practice/L_LinkedList.java/A_LinkedList.java. Using fallback presentation compiler.
2026.07.10 18:35:04 INFO  no build target found for /Users/shreyashsature/Coding/JAVA-DSA-practice/L_LinkedList.java/A_LinkedList.java. Using fallback presentation compiler.
2026.07.10 18:35:04 INFO  no build target found for /Users/shreyashsature/Coding/JAVA-DSA-practice/L_LinkedList.java/A_LinkedList.java. Using fallback presentation compiler.
2026.07.10 18:35:14 INFO  no build target found for /Users/shreyashsature/Coding/JAVA-DSA-practice/L_LinkedList.java/A_LinkedList.java. Using fallback presentation compiler.
2026.07.10 18:37:23 INFO  no build target found for /Users/shreyashsature/Coding/JAVA-DSA-practice/L_LinkedList.java/A_LinkedList.java. Using fallback presentation compiler.
2026.07.10 18:37:24 INFO  no build target found for /Users/shreyashsature/Coding/JAVA-DSA-practice/L_LinkedList.java/A_LinkedList.java. Using fallback presentation compiler.
2026.07.10 18:37:24 INFO  no build target found for /Users/shreyashsature/Coding/JAVA-DSA-practice/L_LinkedList.java/A_LinkedList.java. Using fallback presentation compiler.
2026.07.10 18:37:24 INFO  no build target found for /Users/shreyashsature/Coding/JAVA-DSA-practice/L_LinkedList.java/A_LinkedList.java. Using fallback presentation compiler.
2026.07.10 18:37:25 WARN  Running javac-semanticdb failed for file:///Users/shreyashsature/Coding/JAVA-DSA-practice/L_LinkedList.java/A_LinkedList.java. Output:

2026.07.10 18:37:25 INFO  no build target found for /Users/shreyashsature/Coding/JAVA-DSA-practice/L_LinkedList.java/A_LinkedList.java. Using fallback presentation compiler.
2026.07.10 18:37:25 INFO  no build target found for /Users/shreyashsature/Coding/JAVA-DSA-practice/L_LinkedList.java/A_LinkedList.java. Using fallback presentation compiler.
2026.07.10 18:37:25 INFO  no build target found for /Users/shreyashsature/Coding/JAVA-DSA-practice/L_LinkedList.java/A_LinkedList.java. Using fallback presentation compiler.
2026.07.10 18:37:25 WARN  Running javac-semanticdb failed for file:///Users/shreyashsature/Coding/JAVA-DSA-practice/L_LinkedList.java/A_LinkedList.java. Output:

2026.07.10 18:37:25 INFO  no build target found for /Users/shreyashsature/Coding/JAVA-DSA-practice/L_LinkedList.java/A_LinkedList.java. Using fallback presentation compiler.
2026.07.10 18:37:25 INFO  no build target found for /Users/shreyashsature/Coding/JAVA-DSA-practice/L_LinkedList.java/A_LinkedList.java. Using fallback presentation compiler.
2026.07.10 18:37:25 INFO  no build target found for /Users/shreyashsature/Coding/JAVA-DSA-practice/L_LinkedList.java/A_LinkedList.java. Using fallback presentation compiler.
2026.07.10 18:37:25 INFO  no build target found for /Users/shreyashsature/Coding/JAVA-DSA-practice/L_LinkedList.java/A_LinkedList.java. Using fallback presentation compiler.
2026.07.10 18:37:25 INFO  no build target found for /Users/shreyashsature/Coding/JAVA-DSA-practice/L_LinkedList.java/A_LinkedList.java. Using fallback presentation compiler.
2026.07.10 18:37:25 INFO  no build target found for /Users/shreyashsature/Coding/JAVA-DSA-practice/L_LinkedList.java/A_LinkedList.java. Using fallback presentation compiler.
2026.07.10 18:37:26 WARN  Running javac-semanticdb failed for file:///Users/shreyashsature/Coding/JAVA-DSA-practice/L_LinkedList.java/A_LinkedList.java. Output:

2026.07.10 18:37:25 INFO  no build target found for /Users/shreyashsature/Coding/JAVA-DSA-practice/L_LinkedList.java/A_LinkedList.java. Using fallback presentation compiler.
2026.07.10 18:37:26 INFO  no build target found for /Users/shreyashsature/Coding/JAVA-DSA-practice/L_LinkedList.java/A_LinkedList.java. Using fallback presentation compiler.
2026.07.10 18:37:26 WARN  Running javac-semanticdb failed for file:///Users/shreyashsature/Coding/JAVA-DSA-practice/L_LinkedList.java/A_LinkedList.java. Output:

2026.07.10 18:37:26 INFO  no build target found for /Users/shreyashsature/Coding/JAVA-DSA-practice/L_LinkedList.java/A_LinkedList.java. Using fallback presentation compiler.
2026.07.10 18:37:26 INFO  no build target found for /Users/shreyashsature/Coding/JAVA-DSA-practice/L_LinkedList.java/A_LinkedList.java. Using fallback presentation compiler.
2026.07.10 18:37:27 INFO  no build target found for /Users/shreyashsature/Coding/JAVA-DSA-practice/L_LinkedList.java/A_LinkedList.java. Using fallback presentation compiler.
2026.07.10 18:37:26 INFO  no build target found for /Users/shreyashsature/Coding/JAVA-DSA-practice/L_LinkedList.java/A_LinkedList.java. Using fallback presentation compiler.
2026.07.10 18:37:26 INFO  no build target found for /Users/shreyashsature/Coding/JAVA-DSA-practice/L_LinkedList.java/A_LinkedList.java. Using fallback presentation compiler.
2026.07.10 18:37:27 INFO  no build target found for /Users/shreyashsature/Coding/JAVA-DSA-practice/L_LinkedList.java/A_LinkedList.java. Using fallback presentation compiler.
2026.07.10 18:37:27 WARN  Running javac-semanticdb failed for file:///Users/shreyashsature/Coding/JAVA-DSA-practice/L_LinkedList.java/A_LinkedList.java. Output:

2026.07.10 18:37:27 INFO  no build target found for /Users/shreyashsature/Coding/JAVA-DSA-practice/L_LinkedList.java/A_LinkedList.java. Using fallback presentation compiler.
2026.07.10 18:37:28 INFO  no build target found for /Users/shreyashsature/Coding/JAVA-DSA-practice/L_LinkedList.java/A_LinkedList.java. Using fallback presentation compiler.
2026.07.10 18:37:42 INFO  no build target found for /Users/shreyashsature/Coding/JAVA-DSA-practice/L_LinkedList.java/A_LinkedList.java. Using fallback presentation compiler.
2026.07.10 18:37:42 INFO  no build target found for /Users/shreyashsature/Coding/JAVA-DSA-practice/L_LinkedList.java/A_LinkedList.java. Using fallback presentation compiler.
2026.07.10 18:37:42 INFO  no build target found for /Users/shreyashsature/Coding/JAVA-DSA-practice/L_LinkedList.java/A_LinkedList.java. Using fallback presentation compiler.
2026.07.10 18:37:42 INFO  no build target found for /Users/shreyashsature/Coding/JAVA-DSA-practice/L_LinkedList.java/A_LinkedList.java. Using fallback presentation compiler.
2026.07.10 18:37:42 INFO  no build target found for /Users/shreyashsature/Coding/JAVA-DSA-practice/L_LinkedList.java/A_LinkedList.java. Using fallback presentation compiler.
2026.07.10 18:37:42 INFO  no build target found for /Users/shreyashsature/Coding/JAVA-DSA-practice/L_LinkedList.java/A_LinkedList.java. Using fallback presentation compiler.
2026.07.10 18:37:43 INFO  no build target found for /Users/shreyashsature/Coding/JAVA-DSA-practice/L_LinkedList.java/A_LinkedList.java. Using fallback presentation compiler.
2026.07.10 18:37:43 INFO  no build target found for /Users/shreyashsature/Coding/JAVA-DSA-practice/L_LinkedList.java/A_LinkedList.java. Using fallback presentation compiler.
2026.07.10 18:37:43 WARN  Running javac-semanticdb failed for file:///Users/shreyashsature/Coding/JAVA-DSA-practice/L_LinkedList.java/A_LinkedList.java. Output:

2026.07.10 18:37:43 INFO  no build target found for /Users/shreyashsature/Coding/JAVA-DSA-practice/L_LinkedList.java/A_LinkedList.java. Using fallback presentation compiler.
2026.07.10 18:37:43 INFO  no build target found for /Users/shreyashsature/Coding/JAVA-DSA-practice/L_LinkedList.java/A_LinkedList.java. Using fallback presentation compiler.
2026.07.10 18:37:44 INFO  no build target found for /Users/shreyashsature/Coding/JAVA-DSA-practice/L_LinkedList.java/A_LinkedList.java. Using fallback presentation compiler.
2026.07.10 18:37:44 INFO  no build target found for /Users/shreyashsature/Coding/JAVA-DSA-practice/L_LinkedList.java/A_LinkedList.java. Using fallback presentation compiler.
2026.07.10 18:37:46 INFO  no build target found for /Users/shreyashsature/Coding/JAVA-DSA-practice/L_LinkedList.java/A_LinkedList.java. Using fallback presentation compiler.
2026.07.10 18:37:46 INFO  no build target found for /Users/shreyashsature/Coding/JAVA-DSA-practice/L_LinkedList.java/A_LinkedList.java. Using fallback presentation compiler.
2026.07.10 18:37:46 WARN  Running javac-semanticdb failed for file:///Users/shreyashsature/Coding/JAVA-DSA-practice/L_LinkedList.java/A_LinkedList.java. Output:

2026.07.10 18:37:46 INFO  no build target found for /Users/shreyashsature/Coding/JAVA-DSA-practice/L_LinkedList.java/A_LinkedList.java. Using fallback presentation compiler.
2026.07.10 18:37:46 INFO  no build target found for /Users/shreyashsature/Coding/JAVA-DSA-practice/L_LinkedList.java/A_LinkedList.java. Using fallback presentation compiler.
2026.07.10 18:37:46 INFO  no build target found for /Users/shreyashsature/Coding/JAVA-DSA-practice/L_LinkedList.java/A_LinkedList.java. Using fallback presentation compiler.
2026.07.10 18:37:46 INFO  no build target found for /Users/shreyashsature/Coding/JAVA-DSA-practice/L_LinkedList.java/A_LinkedList.java. Using fallback presentation compiler.
2026.07.10 18:37:47 WARN  Running javac-semanticdb failed for file:///Users/shreyashsature/Coding/JAVA-DSA-practice/L_LinkedList.java/A_LinkedList.java. Output:

2026.07.10 18:37:47 INFO  no build target found for /Users/shreyashsature/Coding/JAVA-DSA-practice/L_LinkedList.java/A_LinkedList.java. Using fallback presentation compiler.
2026.07.10 18:37:46 INFO  no build target found for /Users/shreyashsature/Coding/JAVA-DSA-practice/L_LinkedList.java/A_LinkedList.java. Using fallback presentation compiler.
2026.07.10 18:37:47 INFO  no build target found for /Users/shreyashsature/Coding/JAVA-DSA-practice/L_LinkedList.java/A_LinkedList.java. Using fallback presentation compiler.
2026.07.10 18:37:47 INFO  no build target found for /Users/shreyashsature/Coding/JAVA-DSA-practice/L_LinkedList.java/A_LinkedList.java. Using fallback presentation compiler.
2026.07.10 18:37:47 INFO  no build target found for /Users/shreyashsature/Coding/JAVA-DSA-practice/L_LinkedList.java/A_LinkedList.java. Using fallback presentation compiler.
2026.07.10 18:37:47 INFO  no build target found for /Users/shreyashsature/Coding/JAVA-DSA-practice/L_LinkedList.java/A_LinkedList.java. Using fallback presentation compiler.
2026.07.10 18:37:47 INFO  no build target found for /Users/shreyashsature/Coding/JAVA-DSA-practice/L_LinkedList.java/A_LinkedList.java. Using fallback presentation compiler.
2026.07.10 18:37:47 INFO  no build target found for /Users/shreyashsature/Coding/JAVA-DSA-practice/L_LinkedList.java/A_LinkedList.java. Using fallback presentation compiler.
2026.07.10 18:37:48 INFO  no build target found for /Users/shreyashsature/Coding/JAVA-DSA-practice/L_LinkedList.java/A_LinkedList.java. Using fallback presentation compiler.
2026.07.10 18:37:47 INFO  no build target found for /Users/shreyashsature/Coding/JAVA-DSA-practice/L_LinkedList.java/A_LinkedList.java. Using fallback presentation compiler.
2026.07.10 18:37:48 WARN  Running javac-semanticdb failed for file:///Users/shreyashsature/Coding/JAVA-DSA-practice/L_LinkedList.java/A_LinkedList.java. Output:

2026.07.10 18:37:48 INFO  no build target found for /Users/shreyashsature/Coding/JAVA-DSA-practice/L_LinkedList.java/A_LinkedList.java. Using fallback presentation compiler.
2026.07.10 18:37:50 INFO  no build target found for /Users/shreyashsature/Coding/JAVA-DSA-practice/L_LinkedList.java/A_LinkedList.java. Using fallback presentation compiler.
2026.07.10 18:37:58 INFO  no build target found for /Users/shreyashsature/Coding/JAVA-DSA-practice/L_LinkedList.java/A_LinkedList.java. Using fallback presentation compiler.
2026.07.10 18:37:58 INFO  no build target found for /Users/shreyashsature/Coding/JAVA-DSA-practice/L_LinkedList.java/A_LinkedList.java. Using fallback presentation compiler.
2026.07.10 18:37:58 INFO  no build target found for /Users/shreyashsature/Coding/JAVA-DSA-practice/L_LinkedList.java/A_LinkedList.java. Using fallback presentation compiler.
2026.07.10 18:37:59 WARN  Running javac-semanticdb failed for file:///Users/shreyashsature/Coding/JAVA-DSA-practice/L_LinkedList.java/A_LinkedList.java. Output:

2026.07.10 18:37:59 INFO  no build target found for /Users/shreyashsature/Coding/JAVA-DSA-practice/L_LinkedList.java/A_LinkedList.java. Using fallback presentation compiler.
2026.07.10 18:37:59 INFO  no build target found for /Users/shreyashsature/Coding/JAVA-DSA-practice/L_LinkedList.java/A_LinkedList.java. Using fallback presentation compiler.
2026.07.10 18:37:59 INFO  no build target found for /Users/shreyashsature/Coding/JAVA-DSA-practice/L_LinkedList.java/A_LinkedList.java. Using fallback presentation compiler.
2026.07.10 18:37:59 INFO  no build target found for /Users/shreyashsature/Coding/JAVA-DSA-practice/L_LinkedList.java/A_LinkedList.java. Using fallback presentation compiler.
2026.07.10 18:37:59 INFO  no build target found for /Users/shreyashsature/Coding/JAVA-DSA-practice/L_LinkedList.java/A_LinkedList.java. Using fallback presentation compiler.
2026.07.10 18:38:00 WARN  Running javac-semanticdb failed for file:///Users/shreyashsature/Coding/JAVA-DSA-practice/L_LinkedList.java/A_LinkedList.java. Output:

2026.07.10 18:38:00 INFO  no build target found for /Users/shreyashsature/Coding/JAVA-DSA-practice/L_LinkedList.java/A_LinkedList.java. Using fallback presentation compiler.
2026.07.10 18:38:00 INFO  no build target found for /Users/shreyashsature/Coding/JAVA-DSA-practice/L_LinkedList.java/A_LinkedList.java. Using fallback presentation compiler.
2026.07.10 18:38:00 INFO  no build target found for /Users/shreyashsature/Coding/JAVA-DSA-practice/L_LinkedList.java/A_LinkedList.java. Using fallback presentation compiler.
2026.07.10 18:38:00 INFO  no build target found for /Users/shreyashsature/Coding/JAVA-DSA-practice/L_LinkedList.java/A_LinkedList.java. Using fallback presentation compiler.
2026.07.10 18:38:00 INFO  no build target found for /Users/shreyashsature/Coding/JAVA-DSA-practice/L_LinkedList.java/A_LinkedList.java. Using fallback presentation compiler.
2026.07.10 18:38:01 INFO  no build target found for /Users/shreyashsature/Coding/JAVA-DSA-practice/L_LinkedList.java/A_LinkedList.java. Using fallback presentation compiler.
2026.07.10 18:38:00 INFO  no build target found for /Users/shreyashsature/Coding/JAVA-DSA-practice/L_LinkedList.java/A_LinkedList.java. Using fallback presentation compiler.
2026.07.10 18:38:01 INFO  no build target found for /Users/shreyashsature/Coding/JAVA-DSA-practice/L_LinkedList.java/A_LinkedList.java. Using fallback presentation compiler.
2026.07.10 18:38:00 INFO  no build target found for /Users/shreyashsature/Coding/JAVA-DSA-practice/L_LinkedList.java/A_LinkedList.java. Using fallback presentation compiler.
2026.07.10 18:38:01 WARN  Running javac-semanticdb failed for file:///Users/shreyashsature/Coding/JAVA-DSA-practice/L_LinkedList.java/A_LinkedList.java. Output:

2026.07.10 18:38:02 INFO  no build target found for /Users/shreyashsature/Coding/JAVA-DSA-practice/L_LinkedList.java/A_LinkedList.java. Using fallback presentation compiler.
2026.07.10 18:38:02 INFO  no build target found for /Users/shreyashsature/Coding/JAVA-DSA-practice/L_LinkedList.java/A_LinkedList.java. Using fallback presentation compiler.
2026.07.10 18:38:02 INFO  no build target found for /Users/shreyashsature/Coding/JAVA-DSA-practice/L_LinkedList.java/A_LinkedList.java. Using fallback presentation compiler.
2026.07.10 18:38:02 INFO  no build target found for /Users/shreyashsature/Coding/JAVA-DSA-practice/L_LinkedList.java/A_LinkedList.java. Using fallback presentation compiler.
2026.07.10 18:38:02 WARN  Running javac-semanticdb failed for file:///Users/shreyashsature/Coding/JAVA-DSA-practice/L_LinkedList.java/A_LinkedList.java. Output:

2026.07.10 18:38:02 INFO  no build target found for /Users/shreyashsature/Coding/JAVA-DSA-practice/L_LinkedList.java/A_LinkedList.java. Using fallback presentation compiler.
2026.07.10 18:38:02 INFO  no build target found for /Users/shreyashsature/Coding/JAVA-DSA-practice/L_LinkedList.java/A_LinkedList.java. Using fallback presentation compiler.
2026.07.10 18:38:02 WARN  Running javac-semanticdb failed for file:///Users/shreyashsature/Coding/JAVA-DSA-practice/L_LinkedList.java/A_LinkedList.java. Output:

2026.07.10 18:38:02 INFO  no build target found for /Users/shreyashsature/Coding/JAVA-DSA-practice/L_LinkedList.java/A_LinkedList.java. Using fallback presentation compiler.
2026.07.10 18:38:02 INFO  no build target found for /Users/shreyashsature/Coding/JAVA-DSA-practice/L_LinkedList.java/A_LinkedList.java. Using fallback presentation compiler.
2026.07.10 18:38:03 INFO  no build target found for /Users/shreyashsature/Coding/JAVA-DSA-practice/L_LinkedList.java/A_LinkedList.java. Using fallback presentation compiler.
2026.07.10 18:38:02 INFO  no build target found for /Users/shreyashsature/Coding/JAVA-DSA-practice/L_LinkedList.java/A_LinkedList.java. Using fallback presentation compiler.
2026.07.10 18:38:03 INFO  no build target found for /Users/shreyashsature/Coding/JAVA-DSA-practice/L_LinkedList.java/A_LinkedList.java. Using fallback presentation compiler.
2026.07.10 18:38:03 WARN  Running javac-semanticdb failed for file:///Users/shreyashsature/Coding/JAVA-DSA-practice/L_LinkedList.java/A_LinkedList.java. Output:

2026.07.10 18:38:03 INFO  no build target found for /Users/shreyashsature/Coding/JAVA-DSA-practice/L_LinkedList.java/A_LinkedList.java. Using fallback presentation compiler.
2026.07.10 18:38:04 INFO  no build target found for /Users/shreyashsature/Coding/JAVA-DSA-practice/L_LinkedList.java/A_LinkedList.java. Using fallback presentation compiler.
2026.07.10 18:38:09 INFO  no build target found for /Users/shreyashsature/Coding/JAVA-DSA-practice/L_LinkedList.java/A_LinkedList.java. Using fallback presentation compiler.
2026.07.10 18:38:09 INFO  no build target found for /Users/shreyashsature/Coding/JAVA-DSA-practice/L_LinkedList.java/A_LinkedList.java. Using fallback presentation compiler.
2026.07.10 18:38:09 INFO  no build target found for /Users/shreyashsature/Coding/JAVA-DSA-practice/L_LinkedList.java/A_LinkedList.java. Using fallback presentation compiler.
2026.07.10 18:38:09 WARN  Running javac-semanticdb failed for file:///Users/shreyashsature/Coding/JAVA-DSA-practice/L_LinkedList.java/A_LinkedList.java. Output:

2026.07.10 18:38:09 INFO  no build target found for /Users/shreyashsature/Coding/JAVA-DSA-practice/L_LinkedList.java/A_LinkedList.java. Using fallback presentation compiler.
2026.07.10 18:38:09 INFO  no build target found for /Users/shreyashsature/Coding/JAVA-DSA-practice/L_LinkedList.java/A_LinkedList.java. Using fallback presentation compiler.
2026.07.10 18:38:10 INFO  no build target found for /Users/shreyashsature/Coding/JAVA-DSA-practice/L_LinkedList.java/A_LinkedList.java. Using fallback presentation compiler.
2026.07.10 18:38:10 INFO  no build target found for /Users/shreyashsature/Coding/JAVA-DSA-practice/L_LinkedList.java/A_LinkedList.java. Using fallback presentation compiler.
2026.07.10 18:38:10 INFO  no build target found for /Users/shreyashsature/Coding/JAVA-DSA-practice/L_LinkedList.java/A_LinkedList.java. Using fallback presentation compiler.
2026.07.10 18:38:10 INFO  no build target found for /Users/shreyashsature/Coding/JAVA-DSA-practice/L_LinkedList.java/A_LinkedList.java. Using fallback presentation compiler.
2026.07.10 18:38:10 INFO  no build target found for /Users/shreyashsature/Coding/JAVA-DSA-practice/L_LinkedList.java/A_LinkedList.java. Using fallback presentation compiler.
2026.07.10 18:38:10 INFO  no build target found for /Users/shreyashsature/Coding/JAVA-DSA-practice/L_LinkedList.java/A_LinkedList.java. Using fallback presentation compiler.
2026.07.10 18:38:10 INFO  no build target found for /Users/shreyashsature/Coding/JAVA-DSA-practice/L_LinkedList.java/A_LinkedList.java. Using fallback presentation compiler.
2026.07.10 18:38:11 WARN  Running javac-semanticdb failed for file:///Users/shreyashsature/Coding/JAVA-DSA-practice/L_LinkedList.java/A_LinkedList.java. Output:

2026.07.10 18:38:11 INFO  no build target found for /Users/shreyashsature/Coding/JAVA-DSA-practice/L_LinkedList.java/A_LinkedList.java. Using fallback presentation compiler.
2026.07.10 18:38:11 INFO  no build target found for /Users/shreyashsature/Coding/JAVA-DSA-practice/L_LinkedList.java/A_LinkedList.java. Using fallback presentation compiler.
2026.07.10 18:38:11 INFO  no build target found for /Users/shreyashsature/Coding/JAVA-DSA-practice/L_LinkedList.java/A_LinkedList.java. Using fallback presentation compiler.
2026.07.10 18:38:11 INFO  no build target found for /Users/shreyashsature/Coding/JAVA-DSA-practice/L_LinkedList.java/A_LinkedList.java. Using fallback presentation compiler.
2026.07.10 18:38:12 INFO  no build target found for /Users/shreyashsature/Coding/JAVA-DSA-practice/L_LinkedList.java/A_LinkedList.java. Using fallback presentation compiler.
2026.07.10 18:38:11 INFO  no build target found for /Users/shreyashsature/Coding/JAVA-DSA-practice/L_LinkedList.java/A_LinkedList.java. Using fallback presentation compiler.
2026.07.10 18:38:11 INFO  no build target found for /Users/shreyashsature/Coding/JAVA-DSA-practice/L_LinkedList.java/A_LinkedList.java. Using fallback presentation compiler.
2026.07.10 18:38:12 INFO  no build target found for /Users/shreyashsature/Coding/JAVA-DSA-practice/L_LinkedList.java/A_LinkedList.java. Using fallback presentation compiler.
2026.07.10 18:38:11 INFO  no build target found for /Users/shreyashsature/Coding/JAVA-DSA-practice/L_LinkedList.java/A_LinkedList.java. Using fallback presentation compiler.
2026.07.10 18:38:12 WARN  Running javac-semanticdb failed for file:///Users/shreyashsature/Coding/JAVA-DSA-practice/L_LinkedList.java/A_LinkedList.java. Output:

2026.07.10 18:38:13 INFO  no build target found for /Users/shreyashsature/Coding/JAVA-DSA-practice/L_LinkedList.java/A_LinkedList.java. Using fallback presentation compiler.
2026.07.10 18:38:13 INFO  no build target found for /Users/shreyashsature/Coding/JAVA-DSA-practice/L_LinkedList.java/A_LinkedList.java. Using fallback presentation compiler.
2026.07.10 18:38:14 INFO  no build target found for /Users/shreyashsature/Coding/JAVA-DSA-practice/L_LinkedList.java/A_LinkedList.java. Using fallback presentation compiler.
2026.07.10 18:38:14 INFO  no build target found for /Users/shreyashsature/Coding/JAVA-DSA-practice/L_LinkedList.java/A_LinkedList.java. Using fallback presentation compiler.
2026.07.10 18:38:14 INFO  no build target found for /Users/shreyashsature/Coding/JAVA-DSA-practice/L_LinkedList.java/A_LinkedList.java. Using fallback presentation compiler.
2026.07.10 18:38:14 INFO  no build target found for /Users/shreyashsature/Coding/JAVA-DSA-practice/L_LinkedList.java/A_LinkedList.java. Using fallback presentation compiler.
2026.07.10 18:38:14 WARN  Running javac-semanticdb failed for file:///Users/shreyashsature/Coding/JAVA-DSA-practice/L_LinkedList.java/A_LinkedList.java. Output:

2026.07.10 18:38:14 INFO  no build target found for /Users/shreyashsature/Coding/JAVA-DSA-practice/L_LinkedList.java/A_LinkedList.java. Using fallback presentation compiler.
2026.07.10 18:38:15 INFO  no build target found for /Users/shreyashsature/Coding/JAVA-DSA-practice/L_LinkedList.java/A_LinkedList.java. Using fallback presentation compiler.
2026.07.10 18:38:15 INFO  no build target found for /Users/shreyashsature/Coding/JAVA-DSA-practice/L_LinkedList.java/A_LinkedList.java. Using fallback presentation compiler.
2026.07.10 18:38:17 INFO  no build target found for /Users/shreyashsature/Coding/JAVA-DSA-practice/L_LinkedList.java/A_LinkedList.java. Using fallback presentation compiler.
2026.07.10 18:38:17 INFO  no build target found for /Users/shreyashsature/Coding/JAVA-DSA-practice/L_LinkedList.java/A_LinkedList.java. Using fallback presentation compiler.
2026.07.10 18:38:18 INFO  no build target found for /Users/shreyashsature/Coding/JAVA-DSA-practice/L_LinkedList.java/A_LinkedList.java. Using fallback presentation compiler.
2026.07.10 18:38:20 INFO  no build target found for /Users/shreyashsature/Coding/JAVA-DSA-practice/L_LinkedList.java/A_LinkedList.java. Using fallback presentation compiler.
2026.07.10 18:38:20 INFO  no build target found for /Users/shreyashsature/Coding/JAVA-DSA-practice/L_LinkedList.java/A_LinkedList.java. Using fallback presentation compiler.
2026.07.10 18:38:20 INFO  no build target found for /Users/shreyashsature/Coding/JAVA-DSA-practice/L_LinkedList.java/A_LinkedList.java. Using fallback presentation compiler.
2026.07.10 18:38:20 WARN  Running javac-semanticdb failed for file:///Users/shreyashsature/Coding/JAVA-DSA-practice/L_LinkedList.java/A_LinkedList.java. Output:

2026.07.10 18:38:20 INFO  no build target found for /Users/shreyashsature/Coding/JAVA-DSA-practice/L_LinkedList.java/A_LinkedList.java. Using fallback presentation compiler.
2026.07.10 18:38:20 INFO  no build target found for /Users/shreyashsature/Coding/JAVA-DSA-practice/L_LinkedList.java/A_LinkedList.java. Using fallback presentation compiler.
2026.07.10 18:38:20 INFO  no build target found for /Users/shreyashsature/Coding/JAVA-DSA-practice/L_LinkedList.java/A_LinkedList.java. Using fallback presentation compiler.
2026.07.10 18:38:21 INFO  no build target found for /Users/shreyashsature/Coding/JAVA-DSA-practice/L_LinkedList.java/A_LinkedList.java. Using fallback presentation compiler.
2026.07.10 18:38:21 INFO  no build target found for /Users/shreyashsature/Coding/JAVA-DSA-practice/L_LinkedList.java/A_LinkedList.java. Using fallback presentation compiler.
2026.07.10 18:38:22 INFO  no build target found for /Users/shreyashsature/Coding/JAVA-DSA-practice/L_LinkedList.java/A_LinkedList.java. Using fallback presentation compiler.
2026.07.10 18:38:27 INFO  no build target found for /Users/shreyashsature/Coding/JAVA-DSA-practice/L_LinkedList.java/A_LinkedList.java. Using fallback presentation compiler.
2026.07.10 18:38:27 INFO  no build target found for /Users/shreyashsature/Coding/JAVA-DSA-practice/L_LinkedList.java/A_LinkedList.java. Using fallback presentation compiler.
2026.07.10 18:38:27 INFO  no build target found for /Users/shreyashsature/Coding/JAVA-DSA-practice/L_LinkedList.java/A_LinkedList.java. Using fallback presentation compiler.
2026.07.10 18:38:27 INFO  no build target found for /Users/shreyashsature/Coding/JAVA-DSA-practice/L_LinkedList.java/A_LinkedList.java. Using fallback presentation compiler.
2026.07.10 18:38:27 INFO  no build target found for /Users/shreyashsature/Coding/JAVA-DSA-practice/L_LinkedList.java/A_LinkedList.java. Using fallback presentation compiler.
2026.07.10 18:38:28 INFO  no build target found for /Users/shreyashsature/Coding/JAVA-DSA-practice/L_LinkedList.java/A_LinkedList.java. Using fallback presentation compiler.
2026.07.10 18:38:28 INFO  no build target found for /Users/shreyashsature/Coding/JAVA-DSA-practice/L_LinkedList.java/A_LinkedList.java. Using fallback presentation compiler.
2026.07.10 18:38:29 INFO  no build target found for /Users/shreyashsature/Coding/JAVA-DSA-practice/L_LinkedList.java/A_LinkedList.java. Using fallback presentation compiler.
2026.07.10 18:38:28 INFO  no build target found for /Users/shreyashsature/Coding/JAVA-DSA-practice/L_LinkedList.java/A_LinkedList.java. Using fallback presentation compiler.
2026.07.10 18:38:28 INFO  no build target found for /Users/shreyashsature/Coding/JAVA-DSA-practice/L_LinkedList.java/A_LinkedList.java. Using fallback presentation compiler.
2026.07.10 18:38:29 WARN  Running javac-semanticdb failed for file:///Users/shreyashsature/Coding/JAVA-DSA-practice/L_LinkedList.java/A_LinkedList.java. Output:

2026.07.10 18:38:29 INFO  no build target found for /Users/shreyashsature/Coding/JAVA-DSA-practice/L_LinkedList.java/A_LinkedList.java. Using fallback presentation compiler.
2026.07.10 18:38:28 INFO  no build target found for /Users/shreyashsature/Coding/JAVA-DSA-practice/L_LinkedList.java/A_LinkedList.java. Using fallback presentation compiler.
2026.07.10 18:38:28 INFO  no build target found for /Users/shreyashsature/Coding/JAVA-DSA-practice/L_LinkedList.java/A_LinkedList.java. Using fallback presentation compiler.
2026.07.10 18:38:29 WARN  Running javac-semanticdb failed for file:///Users/shreyashsature/Coding/JAVA-DSA-practice/L_LinkedList.java/A_LinkedList.java. Output:

2026.07.10 18:38:29 INFO  no build target found for /Users/shreyashsature/Coding/JAVA-DSA-practice/L_LinkedList.java/A_LinkedList.java. Using fallback presentation compiler.
2026.07.10 18:38:28 INFO  no build target found for /Users/shreyashsature/Coding/JAVA-DSA-practice/L_LinkedList.java/A_LinkedList.java. Using fallback presentation compiler.
2026.07.10 18:38:30 INFO  no build target found for /Users/shreyashsature/Coding/JAVA-DSA-practice/L_LinkedList.java/A_LinkedList.java. Using fallback presentation compiler.
2026.07.10 18:38:30 WARN  Running javac-semanticdb failed for file:///Users/shreyashsature/Coding/JAVA-DSA-practice/L_LinkedList.java/A_LinkedList.java. Output:

2026.07.10 18:38:30 INFO  no build target found for /Users/shreyashsature/Coding/JAVA-DSA-practice/L_LinkedList.java/A_LinkedList.java. Using fallback presentation compiler.
2026.07.10 18:38:30 INFO  no build target found for /Users/shreyashsature/Coding/JAVA-DSA-practice/L_LinkedList.java/A_LinkedList.java. Using fallback presentation compiler.
2026.07.10 18:38:30 INFO  no build target found for /Users/shreyashsature/Coding/JAVA-DSA-practice/L_LinkedList.java/A_LinkedList.java. Using fallback presentation compiler.
2026.07.10 18:38:29 WARN  Running javac-semanticdb failed for file:///Users/shreyashsature/Coding/JAVA-DSA-practice/L_LinkedList.java/A_LinkedList.java. Output:

2026.07.10 18:38:30 INFO  no build target found for /Users/shreyashsature/Coding/JAVA-DSA-practice/L_LinkedList.java/A_LinkedList.java. Using fallback presentation compiler.
2026.07.10 18:38:30 INFO  no build target found for /Users/shreyashsature/Coding/JAVA-DSA-practice/L_LinkedList.java/A_LinkedList.java. Using fallback presentation compiler.
2026.07.10 18:38:31 INFO  no build target found for /Users/shreyashsature/Coding/JAVA-DSA-practice/L_LinkedList.java/A_LinkedList.java. Using fallback presentation compiler.
2026.07.10 18:38:31 INFO  no build target found for /Users/shreyashsature/Coding/JAVA-DSA-practice/L_LinkedList.java/A_LinkedList.java. Using fallback presentation compiler.
2026.07.10 18:38:31 WARN  Running javac-semanticdb failed for file:///Users/shreyashsature/Coding/JAVA-DSA-practice/L_LinkedList.java/A_LinkedList.java. Output:

2026.07.10 18:38:31 INFO  no build target found for /Users/shreyashsature/Coding/JAVA-DSA-practice/L_LinkedList.java/A_LinkedList.java. Using fallback presentation compiler.
2026.07.10 18:38:31 INFO  no build target found for /Users/shreyashsature/Coding/JAVA-DSA-practice/L_LinkedList.java/A_LinkedList.java. Using fallback presentation compiler.
2026.07.10 18:38:31 INFO  no build target found for /Users/shreyashsature/Coding/JAVA-DSA-practice/L_LinkedList.java/A_LinkedList.java. Using fallback presentation compiler.
2026.07.10 18:38:32 INFO  no build target found for /Users/shreyashsature/Coding/JAVA-DSA-practice/L_LinkedList.java/A_LinkedList.java. Using fallback presentation compiler.
2026.07.10 18:38:32 INFO  no build target found for /Users/shreyashsature/Coding/JAVA-DSA-practice/L_LinkedList.java/A_LinkedList.java. Using fallback presentation compiler.
2026.07.10 18:38:32 INFO  no build target found for /Users/shreyashsature/Coding/JAVA-DSA-practice/L_LinkedList.java/A_LinkedList.java. Using fallback presentation compiler.
2026.07.10 18:38:33 INFO  no build target found for /Users/shreyashsature/Coding/JAVA-DSA-practice/L_LinkedList.java/A_LinkedList.java. Using fallback presentation compiler.
2026.07.10 18:38:33 INFO  no build target found for /Users/shreyashsature/Coding/JAVA-DSA-practice/L_LinkedList.java/A_LinkedList.java. Using fallback presentation compiler.
2026.07.10 18:38:33 WARN  Running javac-semanticdb failed for file:///Users/shreyashsature/Coding/JAVA-DSA-practice/L_LinkedList.java/A_LinkedList.java. Output:

2026.07.10 18:38:33 INFO  no build target found for /Users/shreyashsature/Coding/JAVA-DSA-practice/L_LinkedList.java/A_LinkedList.java. Using fallback presentation compiler.
2026.07.10 18:38:33 INFO  no build target found for /Users/shreyashsature/Coding/JAVA-DSA-practice/L_LinkedList.java/A_LinkedList.java. Using fallback presentation compiler.
2026.07.10 18:38:33 INFO  no build target found for /Users/shreyashsature/Coding/JAVA-DSA-practice/L_LinkedList.java/A_LinkedList.java. Using fallback presentation compiler.
2026.07.10 18:38:34 INFO  no build target found for /Users/shreyashsature/Coding/JAVA-DSA-practice/L_LinkedList.java/A_LinkedList.java. Using fallback presentation compiler.
2026.07.10 18:38:33 INFO  no build target found for /Users/shreyashsature/Coding/JAVA-DSA-practice/L_LinkedList.java/A_LinkedList.java. Using fallback presentation compiler.
2026.07.10 18:38:34 WARN  Running javac-semanticdb failed for file:///Users/shreyashsature/Coding/JAVA-DSA-practice/L_LinkedList.java/A_LinkedList.java. Output:

2026.07.10 18:38:34 INFO  no build target found for /Users/shreyashsature/Coding/JAVA-DSA-practice/L_LinkedList.java/A_LinkedList.java. Using fallback presentation compiler.
2026.07.10 18:38:34 INFO  no build target found for /Users/shreyashsature/Coding/JAVA-DSA-practice/L_LinkedList.java/A_LinkedList.java. Using fallback presentation compiler.
2026.07.10 18:38:34 INFO  no build target found for /Users/shreyashsature/Coding/JAVA-DSA-practice/L_LinkedList.java/A_LinkedList.java. Using fallback presentation compiler.
2026.07.10 18:38:34 INFO  no build target found for /Users/shreyashsature/Coding/JAVA-DSA-practice/L_LinkedList.java/A_LinkedList.java. Using fallback presentation compiler.
2026.07.10 18:38:34 INFO  no build target found for /Users/shreyashsature/Coding/JAVA-DSA-practice/L_LinkedList.java/A_LinkedList.java. Using fallback presentation compiler.
Jul 10, 2026 6:38:35 PM org.eclipse.lsp4j.jsonrpc.RemoteEndpoint fallbackResponseError
SEVERE: Internal error: Range [-1, 279) out of bounds for length 312
java.lang.StringIndexOutOfBoundsException: Range [-1, 279) out of bounds for length 312
	at java.base/jdk.internal.util.Preconditions$1.apply(Preconditions.java:55)
	at java.base/jdk.internal.util.Preconditions$1.apply(Preconditions.java:52)
	at java.base/jdk.internal.util.Preconditions$4.apply(Preconditions.java:213)
	at java.base/jdk.internal.util.Preconditions$4.apply(Preconditions.java:210)
	at java.base/jdk.internal.util.Preconditions.outOfBounds(Preconditions.java:98)
	at java.base/jdk.internal.util.Preconditions.outOfBoundsCheckFromToIndex(Preconditions.java:112)
	at java.base/jdk.internal.util.Preconditions.checkFromToIndex(Preconditions.java:349)
	at java.base/java.lang.String.checkBoundsBeginEnd(String.java:4963)
	at java.base/java.lang.String.substring(String.java:2925)
	at scala.meta.internal.pc.JavaMetalsGlobal.findIndentifierStartAndEnd(JavaMetalsGlobal.scala:87)
	at scala.meta.internal.pc.JavaMetalsGlobal.isAtIdentifier(JavaMetalsGlobal.scala:137)
	at scala.meta.internal.pc.JavaDocumentHighlightProvider.atIdentifier$1(JavaDocumentHighlightProvider.scala:53)
	at scala.meta.internal.pc.JavaDocumentHighlightProvider.documentHighlight(JavaDocumentHighlightProvider.scala:55)
	at scala.meta.internal.pc.JavaDocumentHighlightProvider.documentHighlight(JavaDocumentHighlightProvider.scala:25)
	at scala.meta.internal.pc.JavaPresentationCompiler.documentHighlight(JavaPresentationCompiler.scala:112)
	at scala.meta.internal.metals.Compilers.$anonfun$documentHighlight$1(Compilers.scala:908)
	at scala.meta.internal.metals.Compilers.$anonfun$withPCAndAdjustLsp$4(Compilers.scala:1543)
	at scala.Option.map(Option.scala:242)
	at scala.meta.internal.metals.Compilers.$anonfun$withPCAndAdjustLsp$3(Compilers.scala:1543)
	at scala.Option.flatMap(Option.scala:283)
	at scala.meta.internal.metals.Compilers.withPCAndAdjustLsp(Compilers.scala:1535)
	at scala.meta.internal.metals.Compilers.documentHighlight(Compilers.scala:903)
	at scala.meta.internal.metals.MetalsLspService.$anonfun$documentHighlights$1(MetalsLspService.scala:1019)
	at scala.meta.internal.metals.CancelTokens$.future(CancelTokens.scala:38)
	at scala.meta.internal.metals.MetalsLspService.documentHighlights(MetalsLspService.scala:1018)
	at scala.meta.internal.metals.WorkspaceLspService.documentHighlights(WorkspaceLspService.scala:541)
	at scala.meta.metals.lsp.DelegatingScalaService.documentHighlights(DelegatingScalaService.scala:83)
	at java.base/jdk.internal.reflect.DirectMethodHandleAccessor.invoke(DirectMethodHandleAccessor.java:103)
	at java.base/java.lang.reflect.Method.invoke(Method.java:580)
	at org.eclipse.lsp4j.jsonrpc.services.GenericEndpoint.lambda$recursiveFindRpcMethods$0(GenericEndpoint.java:65)
	at org.eclipse.lsp4j.jsonrpc.services.GenericEndpoint.request(GenericEndpoint.java:128)
	at org.eclipse.lsp4j.jsonrpc.RemoteEndpoint.handleRequest(RemoteEndpoint.java:265)
	at org.eclipse.lsp4j.jsonrpc.RemoteEndpoint.consume(RemoteEndpoint.java:195)
	at org.eclipse.lsp4j.jsonrpc.json.StreamMessageProducer.handleMessage(StreamMessageProducer.java:189)
	at org.eclipse.lsp4j.jsonrpc.json.StreamMessageProducer.listen(StreamMessageProducer.java:97)
	at org.eclipse.lsp4j.jsonrpc.json.ConcurrentMessageProcessor.run(ConcurrentMessageProcessor.java:97)
	at java.base/java.util.concurrent.Executors$RunnableAdapter.call(Executors.java:572)
	at java.base/java.util.concurrent.FutureTask.run(FutureTask.java:317)
	at java.base/java.util.concurrent.ThreadPoolExecutor.runWorker(ThreadPoolExecutor.java:1144)
	at java.base/java.util.concurrent.ThreadPoolExecutor$Worker.run(ThreadPoolExecutor.java:642)
	at java.base/java.lang.Thread.run(Thread.java:1575)

2026.07.10 18:38:35 INFO  no build target found for /Users/shreyashsature/Coding/JAVA-DSA-practice/L_LinkedList.java/A_LinkedList.java. Using fallback presentation compiler.
2026.07.10 18:38:35 INFO  no build target found for /Users/shreyashsature/Coding/JAVA-DSA-practice/L_LinkedList.java/A_LinkedList.java. Using fallback presentation compiler.
2026.07.10 18:38:35 INFO  no build target found for /Users/shreyashsature/Coding/JAVA-DSA-practice/L_LinkedList.java/A_LinkedList.java. Using fallback presentation compiler.
2026.07.10 18:38:36 INFO  no build target found for /Users/shreyashsature/Coding/JAVA-DSA-practice/L_LinkedList.java/A_LinkedList.java. Using fallback presentation compiler.
2026.07.10 18:38:35 INFO  no build target found for /Users/shreyashsature/Coding/JAVA-DSA-practice/L_LinkedList.java/A_LinkedList.java. Using fallback presentation compiler.
2026.07.10 18:38:35 WARN  Running javac-semanticdb failed for file:///Users/shreyashsature/Coding/JAVA-DSA-practice/L_LinkedList.java/A_LinkedList.java. Output:

2026.07.10 18:38:35 INFO  no build target found for /Users/shreyashsature/Coding/JAVA-DSA-practice/L_LinkedList.java/A_LinkedList.java. Using fallback presentation compiler.
2026.07.10 18:38:35 INFO  no build target found for /Users/shreyashsature/Coding/JAVA-DSA-practice/L_LinkedList.java/A_LinkedList.java. Using fallback presentation compiler.
2026.07.10 18:38:37 INFO  no build target found for /Users/shreyashsature/Coding/JAVA-DSA-practice/L_LinkedList.java/A_LinkedList.java. Using fallback presentation compiler.
2026.07.10 18:38:37 INFO  no build target found for /Users/shreyashsature/Coding/JAVA-DSA-practice/L_LinkedList.java/A_LinkedList.java. Using fallback presentation compiler.
2026.07.10 18:38:37 INFO  no build target found for /Users/shreyashsature/Coding/JAVA-DSA-practice/L_LinkedList.java/A_LinkedList.java. Using fallback presentation compiler.
2026.07.10 18:38:37 INFO  no build target found for /Users/shreyashsature/Coding/JAVA-DSA-practice/L_LinkedList.java/A_LinkedList.java. Using fallback presentation compiler.
2026.07.10 18:38:37 INFO  no build target found for /Users/shreyashsature/Coding/JAVA-DSA-practice/L_LinkedList.java/A_LinkedList.java. Using fallback presentation compiler.
2026.07.10 18:38:38 INFO  no build target found for /Users/shreyashsature/Coding/JAVA-DSA-practice/L_LinkedList.java/A_LinkedList.java. Using fallback presentation compiler.
2026.07.10 18:38:38 INFO  no build target found for /Users/shreyashsature/Coding/JAVA-DSA-practice/L_LinkedList.java/A_LinkedList.java. Using fallback presentation compiler.
2026.07.10 18:38:38 INFO  no build target found for /Users/shreyashsature/Coding/JAVA-DSA-practice/L_LinkedList.java/A_LinkedList.java. Using fallback presentation compiler.
2026.07.10 18:38:38 INFO  no build target found for /Users/shreyashsature/Coding/JAVA-DSA-practice/L_LinkedList.java/A_LinkedList.java. Using fallback presentation compiler.
2026.07.10 18:38:38 INFO  no build target found for /Users/shreyashsature/Coding/JAVA-DSA-practice/L_LinkedList.java/A_LinkedList.java. Using fallback presentation compiler.
2026.07.10 18:38:38 WARN  Running javac-semanticdb failed for file:///Users/shreyashsature/Coding/JAVA-DSA-practice/L_LinkedList.java/A_LinkedList.java. Output:

2026.07.10 18:38:38 INFO  no build target found for /Users/shreyashsature/Coding/JAVA-DSA-practice/L_LinkedList.java/A_LinkedList.java. Using fallback presentation compiler.
2026.07.10 18:38:38 INFO  no build target found for /Users/shreyashsature/Coding/JAVA-DSA-practice/L_LinkedList.java/A_LinkedList.java. Using fallback presentation compiler.
2026.07.10 18:38:39 WARN  Running javac-semanticdb failed for file:///Users/shreyashsature/Coding/JAVA-DSA-practice/L_LinkedList.java/A_LinkedList.java. Output:

2026.07.10 18:38:39 INFO  no build target found for /Users/shreyashsature/Coding/JAVA-DSA-practice/L_LinkedList.java/A_LinkedList.java. Using fallback presentation compiler.
2026.07.10 18:38:39 INFO  no build target found for /Users/shreyashsature/Coding/JAVA-DSA-practice/L_LinkedList.java/A_LinkedList.java. Using fallback presentation compiler.
2026.07.10 18:38:39 INFO  no build target found for /Users/shreyashsature/Coding/JAVA-DSA-practice/L_LinkedList.java/A_LinkedList.java. Using fallback presentation compiler.
2026.07.10 18:38:39 INFO  no build target found for /Users/shreyashsature/Coding/JAVA-DSA-practice/L_LinkedList.java/A_LinkedList.java. Using fallback presentation compiler.
2026.07.10 18:38:39 WARN  Running javac-semanticdb failed for file:///Users/shreyashsature/Coding/JAVA-DSA-practice/L_LinkedList.java/A_LinkedList.java. Output:

2026.07.10 18:38:39 INFO  no build target found for /Users/shreyashsature/Coding/JAVA-DSA-practice/L_LinkedList.java/A_LinkedList.java. Using fallback presentation compiler.
2026.07.10 18:38:39 INFO  no build target found for /Users/shreyashsature/Coding/JAVA-DSA-practice/L_LinkedList.java/A_LinkedList.java. Using fallback presentation compiler.
2026.07.10 18:38:40 INFO  no build target found for /Users/shreyashsature/Coding/JAVA-DSA-practice/L_LinkedList.java/A_LinkedList.java. Using fallback presentation compiler.
2026.07.10 18:38:40 INFO  no build target found for /Users/shreyashsature/Coding/JAVA-DSA-practice/L_LinkedList.java/A_LinkedList.java. Using fallback presentation compiler.
2026.07.10 18:38:40 INFO  no build target found for /Users/shreyashsature/Coding/JAVA-DSA-practice/L_LinkedList.java/A_LinkedList.java. Using fallback presentation compiler.
2026.07.10 18:38:40 INFO  no build target found for /Users/shreyashsature/Coding/JAVA-DSA-practice/L_LinkedList.java/A_LinkedList.java. Using fallback presentation compiler.
2026.07.10 18:38:40 INFO  no build target found for /Users/shreyashsature/Coding/JAVA-DSA-practice/L_LinkedList.java/A_LinkedList.java. Using fallback presentation compiler.
2026.07.10 18:38:40 INFO  no build target found for /Users/shreyashsature/Coding/JAVA-DSA-practice/L_LinkedList.java/A_LinkedList.java. Using fallback presentation compiler.
2026.07.10 18:38:41 INFO  no build target found for /Users/shreyashsature/Coding/JAVA-DSA-practice/L_LinkedList.java/A_LinkedList.java. Using fallback presentation compiler.
2026.07.10 18:38:41 INFO  no build target found for /Users/shreyashsature/Coding/JAVA-DSA-practice/L_LinkedList.java/A_LinkedList.java. Using fallback presentation compiler.
2026.07.10 18:38:41 INFO  no build target found for /Users/shreyashsature/Coding/JAVA-DSA-practice/L_LinkedList.java/A_LinkedList.java. Using fallback presentation compiler.
2026.07.10 18:38:41 WARN  Running javac-semanticdb failed for file:///Users/shreyashsature/Coding/JAVA-DSA-practice/L_LinkedList.java/A_LinkedList.java. Output:

2026.07.10 18:38:41 INFO  no build target found for /Users/shreyashsature/Coding/JAVA-DSA-practice/L_LinkedList.java/A_LinkedList.java. Using fallback presentation compiler.
2026.07.10 18:38:41 INFO  no build target found for /Users/shreyashsature/Coding/JAVA-DSA-practice/L_LinkedList.java/A_LinkedList.java. Using fallback presentation compiler.
2026.07.10 18:38:41 INFO  no build target found for /Users/shreyashsature/Coding/JAVA-DSA-practice/L_LinkedList.java/A_LinkedList.java. Using fallback presentation compiler.
2026.07.10 18:38:42 WARN  Running javac-semanticdb failed for file:///Users/shreyashsature/Coding/JAVA-DSA-practice/L_LinkedList.java/A_LinkedList.java. Output:

2026.07.10 18:38:42 INFO  no build target found for /Users/shreyashsature/Coding/JAVA-DSA-practice/L_LinkedList.java/A_LinkedList.java. Using fallback presentation compiler.
2026.07.10 18:38:41 INFO  no build target found for /Users/shreyashsature/Coding/JAVA-DSA-practice/L_LinkedList.java/A_LinkedList.java. Using fallback presentation compiler.
2026.07.10 18:38:42 INFO  no build target found for /Users/shreyashsature/Coding/JAVA-DSA-practice/L_LinkedList.java/A_LinkedList.java. Using fallback presentation compiler.
2026.07.10 18:38:42 INFO  no build target found for /Users/shreyashsature/Coding/JAVA-DSA-practice/L_LinkedList.java/A_LinkedList.java. Using fallback presentation compiler.
2026.07.10 18:38:42 INFO  no build target found for /Users/shreyashsature/Coding/JAVA-DSA-practice/L_LinkedList.java/A_LinkedList.java. Using fallback presentation compiler.
2026.07.10 18:38:42 INFO  no build target found for /Users/shreyashsature/Coding/JAVA-DSA-practice/L_LinkedList.java/A_LinkedList.java. Using fallback presentation compiler.
2026.07.10 18:38:44 INFO  no build target found for /Users/shreyashsature/Coding/JAVA-DSA-practice/L_LinkedList.java/A_LinkedList.java. Using fallback presentation compiler.
2026.07.10 18:38:45 INFO  no build target found for /Users/shreyashsature/Coding/JAVA-DSA-practice/L_LinkedList.java/A_LinkedList.java. Using fallback presentation compiler.
2026.07.10 18:38:45 INFO  no build target found for /Users/shreyashsature/Coding/JAVA-DSA-practice/L_LinkedList.java/A_LinkedList.java. Using fallback presentation compiler.
2026.07.10 18:38:48 INFO  no build target found for /Users/shreyashsature/Coding/JAVA-DSA-practice/L_LinkedList.java/A_LinkedList.java. Using fallback presentation compiler.
2026.07.10 18:38:48 INFO  no build target found for /Users/shreyashsature/Coding/JAVA-DSA-practice/L_LinkedList.java/A_LinkedList.java. Using fallback presentation compiler.
2026.07.10 18:38:48 INFO  no build target found for /Users/shreyashsature/Coding/JAVA-DSA-practice/L_LinkedList.java/A_LinkedList.java. Using fallback presentation compiler.
2026.07.10 18:38:49 INFO  no build target found for /Users/shreyashsature/Coding/JAVA-DSA-practice/L_LinkedList.java/A_LinkedList.java. Using fallback presentation compiler.
2026.07.10 18:38:49 INFO  no build target found for /Users/shreyashsature/Coding/JAVA-DSA-practice/L_LinkedList.java/A_LinkedList.java. Using fallback presentation compiler.
2026.07.10 18:38:49 INFO  no build target found for /Users/shreyashsature/Coding/JAVA-DSA-practice/L_LinkedList.java/A_LinkedList.java. Using fallback presentation compiler.
2026.07.10 18:38:50 WARN  Running javac-semanticdb failed for file:///Users/shreyashsature/Coding/JAVA-DSA-practice/L_LinkedList.java/A_LinkedList.java. Output:

2026.07.10 18:38:50 INFO  no build target found for /Users/shreyashsature/Coding/JAVA-DSA-practice/L_LinkedList.java/A_LinkedList.java. Using fallback presentation compiler.
2026.07.10 18:38:51 INFO  no build target found for /Users/shreyashsature/Coding/JAVA-DSA-practice/L_LinkedList.java/A_LinkedList.java. Using fallback presentation compiler.
2026.07.10 18:38:51 INFO  no build target found for /Users/shreyashsature/Coding/JAVA-DSA-practice/L_LinkedList.java/A_LinkedList.java. Using fallback presentation compiler.
2026.07.10 18:38:50 WARN  Running javac-semanticdb failed for file:///Users/shreyashsature/Coding/JAVA-DSA-practice/L_LinkedList.java/A_LinkedList.java. Output:

2026.07.10 18:38:51 INFO  no build target found for /Users/shreyashsature/Coding/JAVA-DSA-practice/L_LinkedList.java/A_LinkedList.java. Using fallback presentation compiler.
2026.07.10 18:38:51 INFO  no build target found for /Users/shreyashsature/Coding/JAVA-DSA-practice/L_LinkedList.java/A_LinkedList.java. Using fallback presentation compiler.
2026.07.10 18:38:51 INFO  no build target found for /Users/shreyashsature/Coding/JAVA-DSA-practice/L_LinkedList.java/A_LinkedList.java. Using fallback presentation compiler.
2026.07.10 18:38:51 INFO  no build target found for /Users/shreyashsature/Coding/JAVA-DSA-practice/L_LinkedList.java/A_LinkedList.java. Using fallback presentation compiler.
2026.07.10 18:38:51 WARN  Running javac-semanticdb failed for file:///Users/shreyashsature/Coding/JAVA-DSA-practice/L_LinkedList.java/A_LinkedList.java. Output:

2026.07.10 18:38:51 INFO  no build target found for /Users/shreyashsature/Coding/JAVA-DSA-practice/L_LinkedList.java/A_LinkedList.java. Using fallback presentation compiler.
2026.07.10 18:38:52 INFO  no build target found for /Users/shreyashsature/Coding/JAVA-DSA-practice/L_LinkedList.java/A_LinkedList.java. Using fallback presentation compiler.
2026.07.10 18:38:52 INFO  no build target found for /Users/shreyashsature/Coding/JAVA-DSA-practice/L_LinkedList.java/A_LinkedList.java. Using fallback presentation compiler.
2026.07.10 18:38:58 INFO  no build target found for /Users/shreyashsature/Coding/JAVA-DSA-practice/L_LinkedList.java/A_LinkedList.java. Using fallback presentation compiler.
2026.07.10 18:39:01 INFO  no build target found for /Users/shreyashsature/Coding/JAVA-DSA-practice/L_LinkedList.java/A_LinkedList.java. Using fallback presentation compiler.
2026.07.10 18:39:01 INFO  no build target found for /Users/shreyashsature/Coding/JAVA-DSA-practice/L_LinkedList.java/A_LinkedList.java. Using fallback presentation compiler.
2026.07.10 18:39:01 INFO  no build target found for /Users/shreyashsature/Coding/JAVA-DSA-practice/L_LinkedList.java/A_LinkedList.java. Using fallback presentation compiler.
2026.07.10 18:39:01 WARN  Running javac-semanticdb failed for file:///Users/shreyashsature/Coding/JAVA-DSA-practice/L_LinkedList.java/A_LinkedList.java. Output:

2026.07.10 18:39:01 INFO  no build target found for /Users/shreyashsature/Coding/JAVA-DSA-practice/L_LinkedList.java/A_LinkedList.java. Using fallback presentation compiler.
2026.07.10 18:39:02 INFO  no build target found for /Users/shreyashsature/Coding/JAVA-DSA-practice/L_LinkedList.java/A_LinkedList.java. Using fallback presentation compiler.
2026.07.10 18:39:02 INFO  no build target found for /Users/shreyashsature/Coding/JAVA-DSA-practice/L_LinkedList.java/A_LinkedList.java. Using fallback presentation compiler.
2026.07.10 18:39:02 INFO  no build target found for /Users/shreyashsature/Coding/JAVA-DSA-practice/L_LinkedList.java/A_LinkedList.java. Using fallback presentation compiler.
2026.07.10 18:39:02 INFO  no build target found for /Users/shreyashsature/Coding/JAVA-DSA-practice/L_LinkedList.java/A_LinkedList.java. Using fallback presentation compiler.
2026.07.10 18:39:02 INFO  no build target found for /Users/shreyashsature/Coding/JAVA-DSA-practice/L_LinkedList.java/A_LinkedList.java. Using fallback presentation compiler.
2026.07.10 18:39:03 WARN  Running javac-semanticdb failed for file:///Users/shreyashsature/Coding/JAVA-DSA-practice/L_LinkedList.java/A_LinkedList.java. Output:

2026.07.10 18:39:03 INFO  no build target found for /Users/shreyashsature/Coding/JAVA-DSA-practice/L_LinkedList.java/A_LinkedList.java. Using fallback presentation compiler.
2026.07.10 18:39:03 INFO  no build target found for /Users/shreyashsature/Coding/JAVA-DSA-practice/L_LinkedList.java/A_LinkedList.java. Using fallback presentation compiler.
2026.07.10 18:39:03 INFO  no build target found for /Users/shreyashsature/Coding/JAVA-DSA-practice/L_LinkedList.java/A_LinkedList.java. Using fallback presentation compiler.
2026.07.10 18:39:02 WARN  Running javac-semanticdb failed for file:///Users/shreyashsature/Coding/JAVA-DSA-practice/L_LinkedList.java/A_LinkedList.java. Output:

2026.07.10 18:39:03 INFO  no build target found for /Users/shreyashsature/Coding/JAVA-DSA-practice/L_LinkedList.java/A_LinkedList.java. Using fallback presentation compiler.
2026.07.10 18:39:03 INFO  no build target found for /Users/shreyashsature/Coding/JAVA-DSA-practice/L_LinkedList.java/A_LinkedList.java. Using fallback presentation compiler.
2026.07.10 18:39:04 INFO  no build target found for /Users/shreyashsature/Coding/JAVA-DSA-practice/L_LinkedList.java/A_LinkedList.java. Using fallback presentation compiler.
2026.07.10 18:39:08 INFO  no build target found for /Users/shreyashsature/Coding/JAVA-DSA-practice/L_LinkedList.java/A_LinkedList.java. Using fallback presentation compiler.
2026.07.10 18:39:11 INFO  no build target found for /Users/shreyashsature/Coding/JAVA-DSA-practice/L_LinkedList.java/A_LinkedList.java. Using fallback presentation compiler.
2026.07.10 18:39:11 INFO  no build target found for /Users/shreyashsature/Coding/JAVA-DSA-practice/L_LinkedList.java/A_LinkedList.java. Using fallback presentation compiler.
2026.07.10 18:39:11 INFO  no build target found for /Users/shreyashsature/Coding/JAVA-DSA-practice/L_LinkedList.java/A_LinkedList.java. Using fallback presentation compiler.
2026.07.10 18:39:12 WARN  Running javac-semanticdb failed for file:///Users/shreyashsature/Coding/JAVA-DSA-practice/L_LinkedList.java/A_LinkedList.java. Output:

2026.07.10 18:39:12 INFO  no build target found for /Users/shreyashsature/Coding/JAVA-DSA-practice/L_LinkedList.java/A_LinkedList.java. Using fallback presentation compiler.
2026.07.10 18:39:12 INFO  no build target found for /Users/shreyashsature/Coding/JAVA-DSA-practice/L_LinkedList.java/A_LinkedList.java. Using fallback presentation compiler.
2026.07.10 18:39:12 INFO  no build target found for /Users/shreyashsature/Coding/JAVA-DSA-practice/L_LinkedList.java/A_LinkedList.java. Using fallback presentation compiler.
2026.07.10 18:39:12 INFO  no build target found for /Users/shreyashsature/Coding/JAVA-DSA-practice/L_LinkedList.java/A_LinkedList.java. Using fallback presentation compiler.
2026.07.10 18:39:13 WARN  Running javac-semanticdb failed for file:///Users/shreyashsature/Coding/JAVA-DSA-practice/L_LinkedList.java/A_LinkedList.java. Output:

2026.07.10 18:39:13 INFO  no build target found for /Users/shreyashsature/Coding/JAVA-DSA-practice/L_LinkedList.java/A_LinkedList.java. Using fallback presentation compiler.
2026.07.10 18:39:12 INFO  no build target found for /Users/shreyashsature/Coding/JAVA-DSA-practice/L_LinkedList.java/A_LinkedList.java. Using fallback presentation compiler.
2026.07.10 18:39:12 INFO  no build target found for /Users/shreyashsature/Coding/JAVA-DSA-practice/L_LinkedList.java/A_LinkedList.java. Using fallback presentation compiler.
2026.07.10 18:39:14 INFO  no build target found for /Users/shreyashsature/Coding/JAVA-DSA-practice/L_LinkedList.java/A_LinkedList.java. Using fallback presentation compiler.
2026.07.10 18:39:14 INFO  no build target found for /Users/shreyashsature/Coding/JAVA-DSA-practice/L_LinkedList.java/A_LinkedList.java. Using fallback presentation compiler.
2026.07.10 18:39:16 INFO  no build target found for /Users/shreyashsature/Coding/JAVA-DSA-practice/L_LinkedList.java/A_LinkedList.java. Using fallback presentation compiler.
2026.07.10 18:39:16 INFO  no build target found for /Users/shreyashsature/Coding/JAVA-DSA-practice/L_LinkedList.java/A_LinkedList.java. Using fallback presentation compiler.
2026.07.10 18:39:16 INFO  no build target found for /Users/shreyashsature/Coding/JAVA-DSA-practice/L_LinkedList.java/A_LinkedList.java. Using fallback presentation compiler.
2026.07.10 18:39:17 INFO  no build target found for /Users/shreyashsature/Coding/JAVA-DSA-practice/L_LinkedList.java/A_LinkedList.java. Using fallback presentation compiler.
2026.07.10 18:39:16 INFO  no build target found for /Users/shreyashsature/Coding/JAVA-DSA-practice/L_LinkedList.java/A_LinkedList.java. Using fallback presentation compiler.
2026.07.10 18:39:16 INFO  no build target found for /Users/shreyashsature/Coding/JAVA-DSA-practice/L_LinkedList.java/A_LinkedList.java. Using fallback presentation compiler.
2026.07.10 18:39:17 WARN  Running javac-semanticdb failed for file:///Users/shreyashsature/Coding/JAVA-DSA-practice/L_LinkedList.java/A_LinkedList.java. Output:

2026.07.10 18:39:17 INFO  no build target found for /Users/shreyashsature/Coding/JAVA-DSA-practice/L_LinkedList.java/A_LinkedList.java. Using fallback presentation compiler.
2026.07.10 18:39:17 INFO  no build target found for /Users/shreyashsature/Coding/JAVA-DSA-practice/L_LinkedList.java/A_LinkedList.java. Using fallback presentation compiler.
2026.07.10 18:39:17 INFO  no build target found for /Users/shreyashsature/Coding/JAVA-DSA-practice/L_LinkedList.java/A_LinkedList.java. Using fallback presentation compiler.
2026.07.10 18:39:17 WARN  Running javac-semanticdb failed for file:///Users/shreyashsature/Coding/JAVA-DSA-practice/L_LinkedList.java/A_LinkedList.java. Output:

2026.07.10 18:39:17 INFO  no build target found for /Users/shreyashsature/Coding/JAVA-DSA-practice/L_LinkedList.java/A_LinkedList.java. Using fallback presentation compiler.
2026.07.10 18:39:17 INFO  no build target found for /Users/shreyashsature/Coding/JAVA-DSA-practice/L_LinkedList.java/A_LinkedList.java. Using fallback presentation compiler.
2026.07.10 18:39:18 INFO  no build target found for /Users/shreyashsature/Coding/JAVA-DSA-practice/L_LinkedList.java/A_LinkedList.java. Using fallback presentation compiler.
2026.07.10 18:39:18 INFO  no build target found for /Users/shreyashsature/Coding/JAVA-DSA-practice/L_LinkedList.java/A_LinkedList.java. Using fallback presentation compiler.
2026.07.10 18:39:18 INFO  no build target found for /Users/shreyashsature/Coding/JAVA-DSA-practice/L_LinkedList.java/A_LinkedList.java. Using fallback presentation compiler.
2026.07.10 18:39:19 WARN  Running javac-semanticdb failed for file:///Users/shreyashsature/Coding/JAVA-DSA-practice/L_LinkedList.java/A_LinkedList.java. Output:

2026.07.10 18:39:19 INFO  no build target found for /Users/shreyashsature/Coding/JAVA-DSA-practice/L_LinkedList.java/A_LinkedList.java. Using fallback presentation compiler.
2026.07.10 18:39:20 INFO  no build target found for /Users/shreyashsature/Coding/JAVA-DSA-practice/L_LinkedList.java/A_LinkedList.java. Using fallback presentation compiler.
2026.07.10 18:39:20 INFO  no build target found for /Users/shreyashsature/Coding/JAVA-DSA-practice/L_LinkedList.java/A_LinkedList.java. Using fallback presentation compiler.
2026.07.10 18:39:22 INFO  no build target found for /Users/shreyashsature/Coding/JAVA-DSA-practice/L_LinkedList.java/A_LinkedList.java. Using fallback presentation compiler.
2026.07.10 18:39:22 INFO  no build target found for /Users/shreyashsature/Coding/JAVA-DSA-practice/L_LinkedList.java/A_LinkedList.java. Using fallback presentation compiler.
2026.07.10 18:39:22 INFO  no build target found for /Users/shreyashsature/Coding/JAVA-DSA-practice/L_LinkedList.java/A_LinkedList.java. Using fallback presentation compiler.
2026.07.10 18:39:22 WARN  Running javac-semanticdb failed for file:///Users/shreyashsature/Coding/JAVA-DSA-practice/L_LinkedList.java/A_LinkedList.java. Output:

2026.07.10 18:39:22 INFO  no build target found for /Users/shreyashsature/Coding/JAVA-DSA-practice/L_LinkedList.java/A_LinkedList.java. Using fallback presentation compiler.
2026.07.10 18:39:22 INFO  no build target found for /Users/shreyashsature/Coding/JAVA-DSA-practice/L_LinkedList.java/A_LinkedList.java. Using fallback presentation compiler.
2026.07.10 18:39:22 INFO  no build target found for /Users/shreyashsature/Coding/JAVA-DSA-practice/L_LinkedList.java/A_LinkedList.java. Using fallback presentation compiler.
2026.07.10 18:39:23 INFO  no build target found for /Users/shreyashsature/Coding/JAVA-DSA-practice/L_LinkedList.java/A_LinkedList.java. Using fallback presentation compiler.
2026.07.10 18:39:22 INFO  no build target found for /Users/shreyashsature/Coding/JAVA-DSA-practice/L_LinkedList.java/A_LinkedList.java. Using fallback presentation compiler.
2026.07.10 18:39:23 WARN  Running javac-semanticdb failed for file:///Users/shreyashsature/Coding/JAVA-DSA-practice/L_LinkedList.java/A_LinkedList.java. Output:

2026.07.10 18:39:23 INFO  no build target found for /Users/shreyashsature/Coding/JAVA-DSA-practice/L_LinkedList.java/A_LinkedList.java. Using fallback presentation compiler.
2026.07.10 18:39:23 INFO  no build target found for /Users/shreyashsature/Coding/JAVA-DSA-practice/L_LinkedList.java/A_LinkedList.java. Using fallback presentation compiler.
2026.07.10 18:39:23 INFO  no build target found for /Users/shreyashsature/Coding/JAVA-DSA-practice/L_LinkedList.java/A_LinkedList.java. Using fallback presentation compiler.
2026.07.10 18:39:23 INFO  no build target found for /Users/shreyashsature/Coding/JAVA-DSA-practice/L_LinkedList.java/A_LinkedList.java. Using fallback presentation compiler.
2026.07.10 18:39:23 INFO  no build target found for /Users/shreyashsature/Coding/JAVA-DSA-practice/L_LinkedList.java/A_LinkedList.java. Using fallback presentation compiler.
2026.07.10 18:39:23 WARN  Running javac-semanticdb failed for file:///Users/shreyashsature/Coding/JAVA-DSA-practice/L_LinkedList.java/A_LinkedList.java. Output:

2026.07.10 18:39:23 INFO  no build target found for /Users/shreyashsature/Coding/JAVA-DSA-practice/L_LinkedList.java/A_LinkedList.java. Using fallback presentation compiler.
2026.07.10 18:39:24 INFO  no build target found for /Users/shreyashsature/Coding/JAVA-DSA-practice/L_LinkedList.java/A_LinkedList.java. Using fallback presentation compiler.
2026.07.10 18:39:26 INFO  no build target found for /Users/shreyashsature/Coding/JAVA-DSA-practice/L_LinkedList.java/A_LinkedList.java. Using fallback presentation compiler.
2026.07.10 18:39:26 INFO  no build target found for /Users/shreyashsature/Coding/JAVA-DSA-practice/L_LinkedList.java/A_LinkedList.java. Using fallback presentation compiler.
2026.07.10 18:39:26 INFO  no build target found for /Users/shreyashsature/Coding/JAVA-DSA-practice/L_LinkedList.java/A_LinkedList.java. Using fallback presentation compiler.
2026.07.10 18:39:26 INFO  no build target found for /Users/shreyashsature/Coding/JAVA-DSA-practice/L_LinkedList.java/A_LinkedList.java. Using fallback presentation compiler.
2026.07.10 18:39:26 INFO  no build target found for /Users/shreyashsature/Coding/JAVA-DSA-practice/L_LinkedList.java/A_LinkedList.java. Using fallback presentation compiler.
2026.07.10 18:39:26 INFO  no build target found for /Users/shreyashsature/Coding/JAVA-DSA-practice/L_LinkedList.java/A_LinkedList.java. Using fallback presentation compiler.
2026.07.10 18:39:27 WARN  Running javac-semanticdb failed for file:///Users/shreyashsature/Coding/JAVA-DSA-practice/L_LinkedList.java/A_LinkedList.java. Output:

2026.07.10 18:39:27 INFO  no build target found for /Users/shreyashsature/Coding/JAVA-DSA-practice/L_LinkedList.java/A_LinkedList.java. Using fallback presentation compiler.
2026.07.10 18:39:27 INFO  no build target found for /Users/shreyashsature/Coding/JAVA-DSA-practice/L_LinkedList.java/A_LinkedList.java. Using fallback presentation compiler.
2026.07.10 18:39:27 INFO  no build target found for /Users/shreyashsature/Coding/JAVA-DSA-practice/L_LinkedList.java/A_LinkedList.java. Using fallback presentation compiler.
2026.07.10 18:39:27 INFO  no build target found for /Users/shreyashsature/Coding/JAVA-DSA-practice/L_LinkedList.java/A_LinkedList.java. Using fallback presentation compiler.
2026.07.10 18:39:27 INFO  no build target found for /Users/shreyashsature/Coding/JAVA-DSA-practice/L_LinkedList.java/A_LinkedList.java. Using fallback presentation compiler.
2026.07.10 18:39:27 INFO  no build target found for /Users/shreyashsature/Coding/JAVA-DSA-practice/L_LinkedList.java/A_LinkedList.java. Using fallback presentation compiler.
2026.07.10 18:39:28 WARN  Running javac-semanticdb failed for file:///Users/shreyashsature/Coding/JAVA-DSA-practice/L_LinkedList.java/A_LinkedList.java. Output:

2026.07.10 18:39:28 INFO  no build target found for /Users/shreyashsature/Coding/JAVA-DSA-practice/L_LinkedList.java/A_LinkedList.java. Using fallback presentation compiler.
2026.07.10 18:39:27 INFO  no build target found for /Users/shreyashsature/Coding/JAVA-DSA-practice/L_LinkedList.java/A_LinkedList.java. Using fallback presentation compiler.
2026.07.10 18:39:29 INFO  no build target found for /Users/shreyashsature/Coding/JAVA-DSA-practice/L_LinkedList.java/A_LinkedList.java. Using fallback presentation compiler.
2026.07.10 18:39:29 INFO  no build target found for /Users/shreyashsature/Coding/JAVA-DSA-practice/L_LinkedList.java/A_LinkedList.java. Using fallback presentation compiler.
2026.07.10 18:39:29 INFO  no build target found for /Users/shreyashsature/Coding/JAVA-DSA-practice/L_LinkedList.java/A_LinkedList.java. Using fallback presentation compiler.
2026.07.10 18:39:29 INFO  no build target found for /Users/shreyashsature/Coding/JAVA-DSA-practice/L_LinkedList.java/A_LinkedList.java. Using fallback presentation compiler.
2026.07.10 18:39:29 INFO  no build target found for /Users/shreyashsature/Coding/JAVA-DSA-practice/L_LinkedList.java/A_LinkedList.java. Using fallback presentation compiler.
2026.07.10 18:39:29 INFO  no build target found for /Users/shreyashsature/Coding/JAVA-DSA-practice/L_LinkedList.java/A_LinkedList.java. Using fallback presentation compiler.
2026.07.10 18:39:29 INFO  no build target found for /Users/shreyashsature/Coding/JAVA-DSA-practice/L_LinkedList.java/A_LinkedList.java. Using fallback presentation compiler.
2026.07.10 18:39:29 WARN  Running javac-semanticdb failed for file:///Users/shreyashsature/Coding/JAVA-DSA-practice/L_LinkedList.java/A_LinkedList.java. Output:

2026.07.10 18:39:29 INFO  no build target found for /Users/shreyashsature/Coding/JAVA-DSA-practice/L_LinkedList.java/A_LinkedList.java. Using fallback presentation compiler.
2026.07.10 18:39:30 INFO  no build target found for /Users/shreyashsature/Coding/JAVA-DSA-practice/L_LinkedList.java/A_LinkedList.java. Using fallback presentation compiler.
2026.07.10 18:39:30 INFO  no build target found for /Users/shreyashsature/Coding/JAVA-DSA-practice/L_LinkedList.java/A_LinkedList.java. Using fallback presentation compiler.
2026.07.10 18:39:33 INFO  no build target found for /Users/shreyashsature/Coding/JAVA-DSA-practice/L_LinkedList.java/A_LinkedList.java. Using fallback presentation compiler.
2026.07.10 18:39:33 INFO  no build target found for /Users/shreyashsature/Coding/JAVA-DSA-practice/L_LinkedList.java/A_LinkedList.java. Using fallback presentation compiler.
2026.07.10 18:39:33 INFO  no build target found for /Users/shreyashsature/Coding/JAVA-DSA-practice/L_LinkedList.java/A_LinkedList.java. Using fallback presentation compiler.
2026.07.10 18:39:33 INFO  no build target found for /Users/shreyashsature/Coding/JAVA-DSA-practice/L_LinkedList.java/A_LinkedList.java. Using fallback presentation compiler.
2026.07.10 18:39:33 WARN  Running javac-semanticdb failed for file:///Users/shreyashsature/Coding/JAVA-DSA-practice/L_LinkedList.java/A_LinkedList.java. Output:

2026.07.10 18:39:33 INFO  no build target found for /Users/shreyashsature/Coding/JAVA-DSA-practice/L_LinkedList.java/A_LinkedList.java. Using fallback presentation compiler.
2026.07.10 18:39:33 INFO  no build target found for /Users/shreyashsature/Coding/JAVA-DSA-practice/L_LinkedList.java/A_LinkedList.java. Using fallback presentation compiler.
2026.07.10 18:39:33 INFO  no build target found for /Users/shreyashsature/Coding/JAVA-DSA-practice/L_LinkedList.java/A_LinkedList.java. Using fallback presentation compiler.
2026.07.10 18:39:34 INFO  no build target found for /Users/shreyashsature/Coding/JAVA-DSA-practice/L_LinkedList.java/A_LinkedList.java. Using fallback presentation compiler.
2026.07.10 18:39:34 INFO  no build target found for /Users/shreyashsature/Coding/JAVA-DSA-practice/L_LinkedList.java/A_LinkedList.java. Using fallback presentation compiler.
2026.07.10 18:39:34 INFO  no build target found for /Users/shreyashsature/Coding/JAVA-DSA-practice/L_LinkedList.java/A_LinkedList.java. Using fallback presentation compiler.
2026.07.10 18:39:34 INFO  no build target found for /Users/shreyashsature/Coding/JAVA-DSA-practice/L_LinkedList.java/A_LinkedList.java. Using fallback presentation compiler.
2026.07.10 18:39:34 INFO  no build target found for /Users/shreyashsature/Coding/JAVA-DSA-practice/L_LinkedList.java/A_LinkedList.java. Using fallback presentation compiler.
2026.07.10 18:39:34 WARN  Running javac-semanticdb failed for file:///Users/shreyashsature/Coding/JAVA-DSA-practice/L_LinkedList.java/A_LinkedList.java. Output:

2026.07.10 18:39:35 INFO  no build target found for /Users/shreyashsature/Coding/JAVA-DSA-practice/L_LinkedList.java/A_LinkedList.java. Using fallback presentation compiler.
2026.07.10 18:39:35 INFO  no build target found for /Users/shreyashsature/Coding/JAVA-DSA-practice/L_LinkedList.java/A_LinkedList.java. Using fallback presentation compiler.
2026.07.10 18:39:35 INFO  no build target found for /Users/shreyashsature/Coding/JAVA-DSA-practice/L_LinkedList.java/A_LinkedList.java. Using fallback presentation compiler.
2026.07.10 18:39:35 INFO  no build target found for /Users/shreyashsature/Coding/JAVA-DSA-practice/L_LinkedList.java/A_LinkedList.java. Using fallback presentation compiler.
2026.07.10 18:39:35 WARN  Running javac-semanticdb failed for file:///Users/shreyashsature/Coding/JAVA-DSA-practice/L_LinkedList.java/A_LinkedList.java. Output:

2026.07.10 18:39:35 INFO  no build target found for /Users/shreyashsature/Coding/JAVA-DSA-practice/L_LinkedList.java/A_LinkedList.java. Using fallback presentation compiler.
2026.07.10 18:39:35 INFO  no build target found for /Users/shreyashsature/Coding/JAVA-DSA-practice/L_LinkedList.java/A_LinkedList.java. Using fallback presentation compiler.
2026.07.10 18:39:35 INFO  no build target found for /Users/shreyashsature/Coding/JAVA-DSA-practice/L_LinkedList.java/A_LinkedList.java. Using fallback presentation compiler.
2026.07.10 18:39:35 INFO  no build target found for /Users/shreyashsature/Coding/JAVA-DSA-practice/L_LinkedList.java/A_LinkedList.java. Using fallback presentation compiler.
2026.07.10 18:39:35 INFO  no build target found for /Users/shreyashsature/Coding/JAVA-DSA-practice/L_LinkedList.java/A_LinkedList.java. Using fallback presentation compiler.
2026.07.10 18:39:35 INFO  no build target found for /Users/shreyashsature/Coding/JAVA-DSA-practice/L_LinkedList.java/A_LinkedList.java. Using fallback presentation compiler.
2026.07.10 18:39:35 INFO  no build target found for /Users/shreyashsature/Coding/JAVA-DSA-practice/L_LinkedList.java/A_LinkedList.java. Using fallback presentation compiler.
2026.07.10 18:39:36 WARN  Running javac-semanticdb failed for file:///Users/shreyashsature/Coding/JAVA-DSA-practice/L_LinkedList.java/A_LinkedList.java. Output:

2026.07.10 18:39:35 INFO  no build target found for /Users/shreyashsature/Coding/JAVA-DSA-practice/L_LinkedList.java/A_LinkedList.java. Using fallback presentation compiler.
2026.07.10 18:39:36 INFO  no build target found for /Users/shreyashsature/Coding/JAVA-DSA-practice/L_LinkedList.java/A_LinkedList.java. Using fallback presentation compiler.
2026.07.10 18:39:36 INFO  no build target found for /Users/shreyashsature/Coding/JAVA-DSA-practice/L_LinkedList.java/A_LinkedList.java. Using fallback presentation compiler.
2026.07.10 18:39:41 INFO  no build target found for /Users/shreyashsature/Coding/JAVA-DSA-practice/L_LinkedList.java/A_LinkedList.java. Using fallback presentation compiler.
2026.07.10 18:39:41 INFO  no build target found for /Users/shreyashsature/Coding/JAVA-DSA-practice/L_LinkedList.java/A_LinkedList.java. Using fallback presentation compiler.
2026.07.10 18:39:41 WARN  Running javac-semanticdb failed for file:///Users/shreyashsature/Coding/JAVA-DSA-practice/L_LinkedList.java/A_LinkedList.java. Output:

2026.07.10 18:39:41 INFO  no build target found for /Users/shreyashsature/Coding/JAVA-DSA-practice/L_LinkedList.java/A_LinkedList.java. Using fallback presentation compiler.
2026.07.10 18:39:41 INFO  no build target found for /Users/shreyashsature/Coding/JAVA-DSA-practice/L_LinkedList.java/A_LinkedList.java. Using fallback presentation compiler.
2026.07.10 18:39:41 INFO  no build target found for /Users/shreyashsature/Coding/JAVA-DSA-practice/L_LinkedList.java/A_LinkedList.java. Using fallback presentation compiler.
2026.07.10 18:39:42 WARN  Running javac-semanticdb failed for file:///Users/shreyashsature/Coding/JAVA-DSA-practice/L_LinkedList.java/A_LinkedList.java. Output:

2026.07.10 18:39:41 INFO  no build target found for /Users/shreyashsature/Coding/JAVA-DSA-practice/L_LinkedList.java/A_LinkedList.java. Using fallback presentation compiler.
2026.07.10 18:39:43 INFO  no build target found for /Users/shreyashsature/Coding/JAVA-DSA-practice/L_LinkedList.java/A_LinkedList.java. Using fallback presentation compiler.
2026.07.10 18:39:43 INFO  no build target found for /Users/shreyashsature/Coding/JAVA-DSA-practice/L_LinkedList.java/A_LinkedList.java. Using fallback presentation compiler.
2026.07.10 18:39:43 INFO  no build target found for /Users/shreyashsature/Coding/JAVA-DSA-practice/L_LinkedList.java/A_LinkedList.java. Using fallback presentation compiler.
2026.07.10 18:39:43 INFO  no build target found for /Users/shreyashsature/Coding/JAVA-DSA-practice/L_LinkedList.java/A_LinkedList.java. Using fallback presentation compiler.
2026.07.10 18:39:43 WARN  Running javac-semanticdb failed for file:///Users/shreyashsature/Coding/JAVA-DSA-practice/L_LinkedList.java/A_LinkedList.java. Output:

2026.07.10 18:39:43 INFO  no build target found for /Users/shreyashsature/Coding/JAVA-DSA-practice/L_LinkedList.java/A_LinkedList.java. Using fallback presentation compiler.
2026.07.10 18:39:43 INFO  no build target found for /Users/shreyashsature/Coding/JAVA-DSA-practice/L_LinkedList.java/A_LinkedList.java. Using fallback presentation compiler.
2026.07.10 18:39:43 INFO  no build target found for /Users/shreyashsature/Coding/JAVA-DSA-practice/L_LinkedList.java/A_LinkedList.java. Using fallback presentation compiler.
2026.07.10 18:39:43 INFO  no build target found for /Users/shreyashsature/Coding/JAVA-DSA-practice/L_LinkedList.java/A_LinkedList.java. Using fallback presentation compiler.
2026.07.10 18:39:43 INFO  no build target found for /Users/shreyashsature/Coding/JAVA-DSA-practice/L_LinkedList.java/A_LinkedList.java. Using fallback presentation compiler.
2026.07.10 18:39:44 INFO  no build target found for /Users/shreyashsature/Coding/JAVA-DSA-practice/L_LinkedList.java/A_LinkedList.java. Using fallback presentation compiler.
2026.07.10 18:39:43 INFO  no build target found for /Users/shreyashsature/Coding/JAVA-DSA-practice/L_LinkedList.java/A_LinkedList.java. Using fallback presentation compiler.
2026.07.10 18:39:44 INFO  no build target found for /Users/shreyashsature/Coding/JAVA-DSA-practice/L_LinkedList.java/A_LinkedList.java. Using fallback presentation compiler.
2026.07.10 18:39:44 WARN  Running javac-semanticdb failed for file:///Users/shreyashsature/Coding/JAVA-DSA-practice/L_LinkedList.java/A_LinkedList.java. Output:

2026.07.10 18:39:44 INFO  no build target found for /Users/shreyashsature/Coding/JAVA-DSA-practice/L_LinkedList.java/A_LinkedList.java. Using fallback presentation compiler.
2026.07.10 18:39:45 INFO  no build target found for /Users/shreyashsature/Coding/JAVA-DSA-practice/L_LinkedList.java/A_LinkedList.java. Using fallback presentation compiler.
2026.07.10 18:39:45 INFO  no build target found for /Users/shreyashsature/Coding/JAVA-DSA-practice/L_LinkedList.java/A_LinkedList.java. Using fallback presentation compiler.
Jul 10, 2026 6:39:45 PM org.eclipse.lsp4j.jsonrpc.RemoteEndpoint handleCancellation
WARNING: Unmatched cancel notification for request id 1064
2026.07.10 18:39:45 WARN  Running javac-semanticdb failed for file:///Users/shreyashsature/Coding/JAVA-DSA-practice/L_LinkedList.java/A_LinkedList.java. Output:

2026.07.10 18:39:45 INFO  no build target found for /Users/shreyashsature/Coding/JAVA-DSA-practice/L_LinkedList.java/A_LinkedList.java. Using fallback presentation compiler.
2026.07.10 18:39:45 INFO  no build target found for /Users/shreyashsature/Coding/JAVA-DSA-practice/L_LinkedList.java/A_LinkedList.java. Using fallback presentation compiler.
2026.07.10 18:39:45 INFO  no build target found for /Users/shreyashsature/Coding/JAVA-DSA-practice/L_LinkedList.java/A_LinkedList.java. Using fallback presentation compiler.
2026.07.10 18:39:45 WARN  Running javac-semanticdb failed for file:///Users/shreyashsature/Coding/JAVA-DSA-practice/L_LinkedList.java/A_LinkedList.java. Output:

2026.07.10 18:39:45 INFO  no build target found for /Users/shreyashsature/Coding/JAVA-DSA-practice/L_LinkedList.java/A_LinkedList.java. Using fallback presentation compiler.
2026.07.10 18:39:45 INFO  no build target found for /Users/shreyashsature/Coding/JAVA-DSA-practice/L_LinkedList.java/A_LinkedList.java. Using fallback presentation compiler.
2026.07.10 18:39:45 INFO  no build target found for /Users/shreyashsature/Coding/JAVA-DSA-practice/L_LinkedList.java/A_LinkedList.java. Using fallback presentation compiler.
2026.07.10 18:39:45 INFO  no build target found for /Users/shreyashsature/Coding/JAVA-DSA-practice/L_LinkedList.java/A_LinkedList.java. Using fallback presentation compiler.
2026.07.10 18:39:46 INFO  no build target found for /Users/shreyashsature/Coding/JAVA-DSA-practice/L_LinkedList.java/A_LinkedList.java. Using fallback presentation compiler.
2026.07.10 18:39:46 INFO  no build target found for /Users/shreyashsature/Coding/JAVA-DSA-practice/L_LinkedList.java/A_LinkedList.java. Using fallback presentation compiler.
2026.07.10 18:39:46 WARN  Running javac-semanticdb failed for file:///Users/shreyashsature/Coding/JAVA-DSA-practice/L_LinkedList.java/A_LinkedList.java. Output:

2026.07.10 18:39:46 INFO  no build target found for /Users/shreyashsature/Coding/JAVA-DSA-practice/L_LinkedList.java/A_LinkedList.java. Using fallback presentation compiler.
2026.07.10 18:39:46 INFO  no build target found for /Users/shreyashsature/Coding/JAVA-DSA-practice/L_LinkedList.java/A_LinkedList.java. Using fallback presentation compiler.
2026.07.10 18:39:46 INFO  no build target found for /Users/shreyashsature/Coding/JAVA-DSA-practice/L_LinkedList.java/A_LinkedList.java. Using fallback presentation compiler.
2026.07.10 18:39:46 INFO  no build target found for /Users/shreyashsature/Coding/JAVA-DSA-practice/L_LinkedList.java/A_LinkedList.java. Using fallback presentation compiler.
2026.07.10 18:39:46 INFO  no build target found for /Users/shreyashsature/Coding/JAVA-DSA-practice/L_LinkedList.java/A_LinkedList.java. Using fallback presentation compiler.
2026.07.10 18:39:46 WARN  Running javac-semanticdb failed for file:///Users/shreyashsature/Coding/JAVA-DSA-practice/L_LinkedList.java/A_LinkedList.java. Output:

2026.07.10 18:39:47 INFO  no build target found for /Users/shreyashsature/Coding/JAVA-DSA-practice/L_LinkedList.java/A_LinkedList.java. Using fallback presentation compiler.
2026.07.10 18:39:47 INFO  no build target found for /Users/shreyashsature/Coding/JAVA-DSA-practice/L_LinkedList.java/A_LinkedList.java. Using fallback presentation compiler.
2026.07.10 18:39:47 INFO  no build target found for /Users/shreyashsature/Coding/JAVA-DSA-practice/L_LinkedList.java/A_LinkedList.java. Using fallback presentation compiler.
2026.07.10 18:39:47 WARN  Running javac-semanticdb failed for file:///Users/shreyashsature/Coding/JAVA-DSA-practice/L_LinkedList.java/A_LinkedList.java. Output:

2026.07.10 18:39:47 INFO  no build target found for /Users/shreyashsature/Coding/JAVA-DSA-practice/L_LinkedList.java/A_LinkedList.java. Using fallback presentation compiler.
2026.07.10 18:39:48 INFO  no build target found for /Users/shreyashsature/Coding/JAVA-DSA-practice/L_LinkedList.java/A_LinkedList.java. Using fallback presentation compiler.
2026.07.10 18:39:48 INFO  no build target found for /Users/shreyashsature/Coding/JAVA-DSA-practice/L_LinkedList.java/A_LinkedList.java. Using fallback presentation compiler.
2026.07.10 18:39:48 INFO  no build target found for /Users/shreyashsature/Coding/JAVA-DSA-practice/L_LinkedList.java/A_LinkedList.java. Using fallback presentation compiler.
2026.07.10 18:39:48 INFO  no build target found for /Users/shreyashsature/Coding/JAVA-DSA-practice/L_LinkedList.java/A_LinkedList.java. Using fallback presentation compiler.
2026.07.10 18:39:48 INFO  no build target found for /Users/shreyashsature/Coding/JAVA-DSA-practice/L_LinkedList.java/A_LinkedList.java. Using fallback presentation compiler.
2026.07.10 18:39:49 INFO  no build target found for /Users/shreyashsature/Coding/JAVA-DSA-practice/L_LinkedList.java/A_LinkedList.java. Using fallback presentation compiler.
2026.07.10 18:39:48 INFO  no build target found for /Users/shreyashsature/Coding/JAVA-DSA-practice/L_LinkedList.java/A_LinkedList.java. Using fallback presentation compiler.
2026.07.10 18:39:48 INFO  no build target found for /Users/shreyashsature/Coding/JAVA-DSA-practice/L_LinkedList.java/A_LinkedList.java. Using fallback presentation compiler.
2026.07.10 18:39:49 INFO  no build target found for /Users/shreyashsature/Coding/JAVA-DSA-practice/L_LinkedList.java/A_LinkedList.java. Using fallback presentation compiler.
2026.07.10 18:39:49 WARN  Running javac-semanticdb failed for file:///Users/shreyashsature/Coding/JAVA-DSA-practice/L_LinkedList.java/A_LinkedList.java. Output:

2026.07.10 18:39:49 INFO  no build target found for /Users/shreyashsature/Coding/JAVA-DSA-practice/L_LinkedList.java/A_LinkedList.java. Using fallback presentation compiler.
2026.07.10 18:39:49 INFO  no build target found for /Users/shreyashsature/Coding/JAVA-DSA-practice/L_LinkedList.java/A_LinkedList.java. Using fallback presentation compiler.
2026.07.10 18:39:49 INFO  no build target found for /Users/shreyashsature/Coding/JAVA-DSA-practice/L_LinkedList.java/A_LinkedList.java. Using fallback presentation compiler.
2026.07.10 18:39:50 WARN  Running javac-semanticdb failed for file:///Users/shreyashsature/Coding/JAVA-DSA-practice/L_LinkedList.java/A_LinkedList.java. Output:

2026.07.10 18:39:50 INFO  no build target found for /Users/shreyashsature/Coding/JAVA-DSA-practice/L_LinkedList.java/A_LinkedList.java. Using fallback presentation compiler.
2026.07.10 18:39:51 INFO  no build target found for /Users/shreyashsature/Coding/JAVA-DSA-practice/L_LinkedList.java/A_LinkedList.java. Using fallback presentation compiler.
2026.07.10 18:39:51 INFO  no build target found for /Users/shreyashsature/Coding/JAVA-DSA-practice/L_LinkedList.java/A_LinkedList.java. Using fallback presentation compiler.
2026.07.10 18:39:55 INFO  no build target found for /Users/shreyashsature/Coding/JAVA-DSA-practice/L_LinkedList.java/A_LinkedList.java. Using fallback presentation compiler.
2026.07.10 18:39:55 INFO  no build target found for /Users/shreyashsature/Coding/JAVA-DSA-practice/L_LinkedList.java/A_LinkedList.java. Using fallback presentation compiler.
2026.07.10 18:39:55 INFO  no build target found for /Users/shreyashsature/Coding/JAVA-DSA-practice/L_LinkedList.java/A_LinkedList.java. Using fallback presentation compiler.
2026.07.10 18:39:56 INFO  no build target found for /Users/shreyashsature/Coding/JAVA-DSA-practice/L_LinkedList.java/A_LinkedList.java. Using fallback presentation compiler.
2026.07.10 18:39:56 INFO  no build target found for /Users/shreyashsature/Coding/JAVA-DSA-practice/L_LinkedList.java/A_LinkedList.java. Using fallback presentation compiler.
2026.07.10 18:39:56 INFO  no build target found for /Users/shreyashsature/Coding/JAVA-DSA-practice/L_LinkedList.java/A_LinkedList.java. Using fallback presentation compiler.
2026.07.10 18:39:56 WARN  Running javac-semanticdb failed for file:///Users/shreyashsature/Coding/JAVA-DSA-practice/L_LinkedList.java/A_LinkedList.java. Output:

2026.07.10 18:39:56 INFO  no build target found for /Users/shreyashsature/Coding/JAVA-DSA-practice/L_LinkedList.java/A_LinkedList.java. Using fallback presentation compiler.
2026.07.10 18:39:56 INFO  no build target found for /Users/shreyashsature/Coding/JAVA-DSA-practice/L_LinkedList.java/A_LinkedList.java. Using fallback presentation compiler.
2026.07.10 18:39:56 INFO  no build target found for /Users/shreyashsature/Coding/JAVA-DSA-practice/L_LinkedList.java/A_LinkedList.java. Using fallback presentation compiler.
2026.07.10 18:39:57 WARN  Running javac-semanticdb failed for file:///Users/shreyashsature/Coding/JAVA-DSA-practice/L_LinkedList.java/A_LinkedList.java. Output:

2026.07.10 18:39:57 INFO  no build target found for /Users/shreyashsature/Coding/JAVA-DSA-practice/L_LinkedList.java/A_LinkedList.java. Using fallback presentation compiler.
2026.07.10 18:39:57 INFO  no build target found for /Users/shreyashsature/Coding/JAVA-DSA-practice/L_LinkedList.java/A_LinkedList.java. Using fallback presentation compiler.
2026.07.10 18:39:57 INFO  no build target found for /Users/shreyashsature/Coding/JAVA-DSA-practice/L_LinkedList.java/A_LinkedList.java. Using fallback presentation compiler.
2026.07.10 18:39:59 INFO  no build target found for /Users/shreyashsature/Coding/JAVA-DSA-practice/L_LinkedList.java/A_LinkedList.java. Using fallback presentation compiler.
2026.07.10 18:40:52 INFO  no build target found for /Users/shreyashsature/Coding/JAVA-DSA-practice/L_LinkedList.java/A_LinkedList.java. Using fallback presentation compiler.
2026.07.10 18:40:52 INFO  no build target found for /Users/shreyashsature/Coding/JAVA-DSA-practice/L_LinkedList.java/A_LinkedList.java. Using fallback presentation compiler.
2026.07.10 18:40:52 INFO  no build target found for /Users/shreyashsature/Coding/JAVA-DSA-practice/L_LinkedList.java/A_LinkedList.java. Using fallback presentation compiler.
2026.07.10 18:40:53 WARN  Running javac-semanticdb failed for file:///Users/shreyashsature/Coding/JAVA-DSA-practice/L_LinkedList.java/A_LinkedList.java. Output:

2026.07.10 18:40:53 INFO  no build target found for /Users/shreyashsature/Coding/JAVA-DSA-practice/L_LinkedList.java/A_LinkedList.java. Using fallback presentation compiler.
2026.07.10 18:40:52 INFO  no build target found for /Users/shreyashsature/Coding/JAVA-DSA-practice/L_LinkedList.java/A_LinkedList.java. Using fallback presentation compiler.
2026.07.10 18:40:52 INFO  no build target found for /Users/shreyashsature/Coding/JAVA-DSA-practice/L_LinkedList.java/A_LinkedList.java. Using fallback presentation compiler.
2026.07.10 18:40:53 INFO  no build target found for /Users/shreyashsature/Coding/JAVA-DSA-practice/L_LinkedList.java/A_LinkedList.java. Using fallback presentation compiler.
2026.07.10 18:40:53 INFO  no build target found for /Users/shreyashsature/Coding/JAVA-DSA-practice/L_LinkedList.java/A_LinkedList.java. Using fallback presentation compiler.
2026.07.10 18:40:53 INFO  no build target found for /Users/shreyashsature/Coding/JAVA-DSA-practice/L_LinkedList.java/A_LinkedList.java. Using fallback presentation compiler.
2026.07.10 18:40:53 INFO  no build target found for /Users/shreyashsature/Coding/JAVA-DSA-practice/L_LinkedList.java/A_LinkedList.java. Using fallback presentation compiler.
2026.07.10 18:40:54 INFO  no build target found for /Users/shreyashsature/Coding/JAVA-DSA-practice/L_LinkedList.java/A_LinkedList.java. Using fallback presentation compiler.
2026.07.10 18:40:53 INFO  no build target found for /Users/shreyashsature/Coding/JAVA-DSA-practice/L_LinkedList.java/A_LinkedList.java. Using fallback presentation compiler.
2026.07.10 18:40:53 INFO  no build target found for /Users/shreyashsature/Coding/JAVA-DSA-practice/L_LinkedList.java/A_LinkedList.java. Using fallback presentation compiler.
2026.07.10 18:40:53 INFO  no build target found for /Users/shreyashsature/Coding/JAVA-DSA-practice/L_LinkedList.java/A_LinkedList.java. Using fallback presentation compiler.
2026.07.10 18:40:54 WARN  Running javac-semanticdb failed for file:///Users/shreyashsature/Coding/JAVA-DSA-practice/L_LinkedList.java/A_LinkedList.java. Output:

2026.07.10 18:40:54 INFO  no build target found for /Users/shreyashsature/Coding/JAVA-DSA-practice/L_LinkedList.java/A_LinkedList.java. Using fallback presentation compiler.
2026.07.10 18:40:55 INFO  no build target found for /Users/shreyashsature/Coding/JAVA-DSA-practice/L_LinkedList.java/A_LinkedList.java. Using fallback presentation compiler.
2026.07.10 18:40:55 INFO  no build target found for /Users/shreyashsature/Coding/JAVA-DSA-practice/L_LinkedList.java/A_LinkedList.java. Using fallback presentation compiler.
2026.07.10 18:40:55 INFO  no build target found for /Users/shreyashsature/Coding/JAVA-DSA-practice/L_LinkedList.java/A_LinkedList.java. Using fallback presentation compiler.
2026.07.10 18:40:55 WARN  Running javac-semanticdb failed for file:///Users/shreyashsature/Coding/JAVA-DSA-practice/L_LinkedList.java/A_LinkedList.java. Output:

2026.07.10 18:40:55 INFO  no build target found for /Users/shreyashsature/Coding/JAVA-DSA-practice/L_LinkedList.java/A_LinkedList.java. Using fallback presentation compiler.
2026.07.10 18:40:55 INFO  no build target found for /Users/shreyashsature/Coding/JAVA-DSA-practice/L_LinkedList.java/A_LinkedList.java. Using fallback presentation compiler.
2026.07.10 18:40:55 INFO  no build target found for /Users/shreyashsature/Coding/JAVA-DSA-practice/L_LinkedList.java/A_LinkedList.java. Using fallback presentation compiler.
2026.07.10 18:40:55 INFO  no build target found for /Users/shreyashsature/Coding/JAVA-DSA-practice/L_LinkedList.java/A_LinkedList.java. Using fallback presentation compiler.
2026.07.10 18:40:55 INFO  no build target found for /Users/shreyashsature/Coding/JAVA-DSA-practice/L_LinkedList.java/A_LinkedList.java. Using fallback presentation compiler.
2026.07.10 18:40:55 INFO  no build target found for /Users/shreyashsature/Coding/JAVA-DSA-practice/L_LinkedList.java/A_LinkedList.java. Using fallback presentation compiler.
2026.07.10 18:40:55 WARN  Running javac-semanticdb failed for file:///Users/shreyashsature/Coding/JAVA-DSA-practice/L_LinkedList.java/A_LinkedList.java. Output:

2026.07.10 18:40:56 INFO  no build target found for /Users/shreyashsature/Coding/JAVA-DSA-practice/L_LinkedList.java/A_LinkedList.java. Using fallback presentation compiler.
2026.07.10 18:40:56 INFO  no build target found for /Users/shreyashsature/Coding/JAVA-DSA-practice/L_LinkedList.java/A_LinkedList.java. Using fallback presentation compiler.
2026.07.10 18:40:56 INFO  no build target found for /Users/shreyashsature/Coding/JAVA-DSA-practice/L_LinkedList.java/A_LinkedList.java. Using fallback presentation compiler.
2026.07.10 18:40:56 WARN  Running javac-semanticdb failed for file:///Users/shreyashsature/Coding/JAVA-DSA-practice/L_LinkedList.java/A_LinkedList.java. Output:

2026.07.10 18:40:56 INFO  no build target found for /Users/shreyashsature/Coding/JAVA-DSA-practice/L_LinkedList.java/A_LinkedList.java. Using fallback presentation compiler.
2026.07.10 18:40:56 INFO  no build target found for /Users/shreyashsature/Coding/JAVA-DSA-practice/L_LinkedList.java/A_LinkedList.java. Using fallback presentation compiler.
2026.07.10 18:40:57 INFO  no build target found for /Users/shreyashsature/Coding/JAVA-DSA-practice/L_LinkedList.java/A_LinkedList.java. Using fallback presentation compiler.
2026.07.10 18:40:56 INFO  no build target found for /Users/shreyashsature/Coding/JAVA-DSA-practice/L_LinkedList.java/A_LinkedList.java. Using fallback presentation compiler.
2026.07.10 18:40:57 WARN  Running javac-semanticdb failed for file:///Users/shreyashsature/Coding/JAVA-DSA-practice/L_LinkedList.java/A_LinkedList.java. Output:

2026.07.10 18:40:58 INFO  no build target found for /Users/shreyashsature/Coding/JAVA-DSA-practice/L_LinkedList.java/A_LinkedList.java. Using fallback presentation compiler.
2026.07.10 18:40:58 INFO  no build target found for /Users/shreyashsature/Coding/JAVA-DSA-practice/L_LinkedList.java/A_LinkedList.java. Using fallback presentation compiler.
2026.07.10 18:40:58 INFO  no build target found for /Users/shreyashsature/Coding/JAVA-DSA-practice/L_LinkedList.java/A_LinkedList.java. Using fallback presentation compiler.
2026.07.10 18:40:57 WARN  Running javac-semanticdb failed for file:///Users/shreyashsature/Coding/JAVA-DSA-practice/L_LinkedList.java/A_LinkedList.java. Output:

2026.07.10 18:40:58 INFO  no build target found for /Users/shreyashsature/Coding/JAVA-DSA-practice/L_LinkedList.java/A_LinkedList.java. Using fallback presentation compiler.
2026.07.10 18:40:59 INFO  no build target found for /Users/shreyashsature/Coding/JAVA-DSA-practice/L_LinkedList.java/A_LinkedList.java. Using fallback presentation compiler.
2026.07.10 18:40:59 INFO  no build target found for /Users/shreyashsature/Coding/JAVA-DSA-practice/L_LinkedList.java/A_LinkedList.java. Using fallback presentation compiler.
2026.07.10 18:40:59 WARN  Running javac-semanticdb failed for file:///Users/shreyashsature/Coding/JAVA-DSA-practice/L_LinkedList.java/A_LinkedList.java. Output:

2026.07.10 18:40:59 INFO  no build target found for /Users/shreyashsature/Coding/JAVA-DSA-practice/L_LinkedList.java/A_LinkedList.java. Using fallback presentation compiler.
2026.07.10 18:40:59 INFO  no build target found for /Users/shreyashsature/Coding/JAVA-DSA-practice/L_LinkedList.java/A_LinkedList.java. Using fallback presentation compiler.
2026.07.10 18:40:59 INFO  no build target found for /Users/shreyashsature/Coding/JAVA-DSA-practice/L_LinkedList.java/A_LinkedList.java. Using fallback presentation compiler.
2026.07.10 18:40:59 INFO  no build target found for /Users/shreyashsature/Coding/JAVA-DSA-practice/L_LinkedList.java/A_LinkedList.java. Using fallback presentation compiler.
2026.07.10 18:40:59 INFO  no build target found for /Users/shreyashsature/Coding/JAVA-DSA-practice/L_LinkedList.java/A_LinkedList.java. Using fallback presentation compiler.
2026.07.10 18:40:59 INFO  no build target found for /Users/shreyashsature/Coding/JAVA-DSA-practice/L_LinkedList.java/A_LinkedList.java. Using fallback presentation compiler.
2026.07.10 18:41:00 INFO  no build target found for /Users/shreyashsature/Coding/JAVA-DSA-practice/L_LinkedList.java/A_LinkedList.java. Using fallback presentation compiler.
2026.07.10 18:41:00 INFO  no build target found for /Users/shreyashsature/Coding/JAVA-DSA-practice/L_LinkedList.java/A_LinkedList.java. Using fallback presentation compiler.
2026.07.10 18:41:00 WARN  Running javac-semanticdb failed for file:///Users/shreyashsature/Coding/JAVA-DSA-practice/L_LinkedList.java/A_LinkedList.java. Output:

2026.07.10 18:41:00 INFO  no build target found for /Users/shreyashsature/Coding/JAVA-DSA-practice/L_LinkedList.java/A_LinkedList.java. Using fallback presentation compiler.
2026.07.10 18:41:00 INFO  no build target found for /Users/shreyashsature/Coding/JAVA-DSA-practice/L_LinkedList.java/A_LinkedList.java. Using fallback presentation compiler.
2026.07.10 18:41:00 INFO  no build target found for /Users/shreyashsature/Coding/JAVA-DSA-practice/L_LinkedList.java/A_LinkedList.java. Using fallback presentation compiler.
2026.07.10 18:41:00 WARN  Running javac-semanticdb failed for file:///Users/shreyashsature/Coding/JAVA-DSA-practice/L_LinkedList.java/A_LinkedList.java. Output:

2026.07.10 18:41:01 INFO  no build target found for /Users/shreyashsature/Coding/JAVA-DSA-practice/L_LinkedList.java/A_LinkedList.java. Using fallback presentation compiler.
2026.07.10 18:41:01 INFO  no build target found for /Users/shreyashsature/Coding/JAVA-DSA-practice/L_LinkedList.java/A_LinkedList.java. Using fallback presentation compiler.
2026.07.10 18:41:01 INFO  no build target found for /Users/shreyashsature/Coding/JAVA-DSA-practice/L_LinkedList.java/A_LinkedList.java. Using fallback presentation compiler.
2026.07.10 18:41:01 INFO  no build target found for /Users/shreyashsature/Coding/JAVA-DSA-practice/L_LinkedList.java/A_LinkedList.java. Using fallback presentation compiler.
2026.07.10 18:41:01 INFO  no build target found for /Users/shreyashsature/Coding/JAVA-DSA-practice/L_LinkedList.java/A_LinkedList.java. Using fallback presentation compiler.
2026.07.10 18:41:01 INFO  no build target found for /Users/shreyashsature/Coding/JAVA-DSA-practice/L_LinkedList.java/A_LinkedList.java. Using fallback presentation compiler.
2026.07.10 18:41:01 WARN  Running javac-semanticdb failed for file:///Users/shreyashsature/Coding/JAVA-DSA-practice/L_LinkedList.java/A_LinkedList.java. Output:

2026.07.10 18:41:01 INFO  no build target found for /Users/shreyashsature/Coding/JAVA-DSA-practice/L_LinkedList.java/A_LinkedList.java. Using fallback presentation compiler.
2026.07.10 18:41:02 INFO  no build target found for /Users/shreyashsature/Coding/JAVA-DSA-practice/L_LinkedList.java/A_LinkedList.java. Using fallback presentation compiler.
2026.07.10 18:41:02 INFO  no build target found for /Users/shreyashsature/Coding/JAVA-DSA-practice/L_LinkedList.java/A_LinkedList.java. Using fallback presentation compiler.
2026.07.10 18:41:02 INFO  no build target found for /Users/shreyashsature/Coding/JAVA-DSA-practice/L_LinkedList.java/A_LinkedList.java. Using fallback presentation compiler.
2026.07.10 18:41:02 WARN  Running javac-semanticdb failed for file:///Users/shreyashsature/Coding/JAVA-DSA-practice/L_LinkedList.java/A_LinkedList.java. Output:

2026.07.10 18:41:02 INFO  no build target found for /Users/shreyashsature/Coding/JAVA-DSA-practice/L_LinkedList.java/A_LinkedList.java. Using fallback presentation compiler.
2026.07.10 18:41:02 INFO  no build target found for /Users/shreyashsature/Coding/JAVA-DSA-practice/L_LinkedList.java/A_LinkedList.java. Using fallback presentation compiler.
2026.07.10 18:41:02 WARN  Running javac-semanticdb failed for file:///Users/shreyashsature/Coding/JAVA-DSA-practice/L_LinkedList.java/A_LinkedList.java. Output:

2026.07.10 18:41:03 INFO  no build target found for /Users/shreyashsature/Coding/JAVA-DSA-practice/L_LinkedList.java/A_LinkedList.java. Using fallback presentation compiler.
2026.07.10 18:41:02 INFO  no build target found for /Users/shreyashsature/Coding/JAVA-DSA-practice/L_LinkedList.java/A_LinkedList.java. Using fallback presentation compiler.
2026.07.10 18:41:04 INFO  no build target found for /Users/shreyashsature/Coding/JAVA-DSA-practice/L_LinkedList.java/A_LinkedList.java. Using fallback presentation compiler.
2026.07.10 18:41:04 INFO  no build target found for /Users/shreyashsature/Coding/JAVA-DSA-practice/L_LinkedList.java/A_LinkedList.java. Using fallback presentation compiler.
2026.07.10 18:41:04 INFO  no build target found for /Users/shreyashsature/Coding/JAVA-DSA-practice/L_LinkedList.java/A_LinkedList.java. Using fallback presentation compiler.
2026.07.10 18:41:04 WARN  Running javac-semanticdb failed for file:///Users/shreyashsature/Coding/JAVA-DSA-practice/L_LinkedList.java/A_LinkedList.java. Output:

2026.07.10 18:41:04 INFO  no build target found for /Users/shreyashsature/Coding/JAVA-DSA-practice/L_LinkedList.java/A_LinkedList.java. Using fallback presentation compiler.
2026.07.10 18:41:05 INFO  no build target found for /Users/shreyashsature/Coding/JAVA-DSA-practice/L_LinkedList.java/A_LinkedList.java. Using fallback presentation compiler.
2026.07.10 18:41:05 INFO  no build target found for /Users/shreyashsature/Coding/JAVA-DSA-practice/L_LinkedList.java/A_LinkedList.java. Using fallback presentation compiler.
2026.07.10 18:41:05 INFO  no build target found for /Users/shreyashsature/Coding/JAVA-DSA-practice/L_LinkedList.java/A_LinkedList.java. Using fallback presentation compiler.
2026.07.10 18:41:05 WARN  Running javac-semanticdb failed for file:///Users/shreyashsature/Coding/JAVA-DSA-practice/L_LinkedList.java/A_LinkedList.java. Output:

2026.07.10 18:41:05 INFO  no build target found for /Users/shreyashsature/Coding/JAVA-DSA-practice/L_LinkedList.java/A_LinkedList.java. Using fallback presentation compiler.
2026.07.10 18:41:05 INFO  no build target found for /Users/shreyashsature/Coding/JAVA-DSA-practice/L_LinkedList.java/A_LinkedList.java. Using fallback presentation compiler.
2026.07.10 18:41:05 WARN  Running javac-semanticdb failed for file:///Users/shreyashsature/Coding/JAVA-DSA-practice/L_LinkedList.java/A_LinkedList.java. Output:

2026.07.10 18:41:05 INFO  no build target found for /Users/shreyashsature/Coding/JAVA-DSA-practice/L_LinkedList.java/A_LinkedList.java. Using fallback presentation compiler.
2026.07.10 18:41:06 INFO  no build target found for /Users/shreyashsature/Coding/JAVA-DSA-practice/L_LinkedList.java/A_LinkedList.java. Using fallback presentation compiler.
2026.07.10 18:41:06 INFO  no build target found for /Users/shreyashsature/Coding/JAVA-DSA-practice/L_LinkedList.java/A_LinkedList.java. Using fallback presentation compiler.
2026.07.10 18:41:09 INFO  no build target found for /Users/shreyashsature/Coding/JAVA-DSA-practice/L_LinkedList.java/A_LinkedList.java. Using fallback presentation compiler.
2026.07.10 18:41:09 INFO  no build target found for /Users/shreyashsature/Coding/JAVA-DSA-practice/L_LinkedList.java/A_LinkedList.java. Using fallback presentation compiler.
2026.07.10 18:41:09 INFO  no build target found for /Users/shreyashsature/Coding/JAVA-DSA-practice/L_LinkedList.java/A_LinkedList.java. Using fallback presentation compiler.
2026.07.10 18:41:09 WARN  Running javac-semanticdb failed for file:///Users/shreyashsature/Coding/JAVA-DSA-practice/L_LinkedList.java/A_LinkedList.java. Output:

2026.07.10 18:41:09 INFO  no build target found for /Users/shreyashsature/Coding/JAVA-DSA-practice/L_LinkedList.java/A_LinkedList.java. Using fallback presentation compiler.
2026.07.10 18:41:10 INFO  no build target found for /Users/shreyashsature/Coding/JAVA-DSA-practice/L_LinkedList.java/A_LinkedList.java. Using fallback presentation compiler.
2026.07.10 18:41:10 INFO  no build target found for /Users/shreyashsature/Coding/JAVA-DSA-practice/L_LinkedList.java/A_LinkedList.java. Using fallback presentation compiler.
2026.07.10 18:41:11 INFO  no build target found for /Users/shreyashsature/Coding/JAVA-DSA-practice/L_LinkedList.java/A_LinkedList.java. Using fallback presentation compiler.
2026.07.10 18:41:11 INFO  no build target found for /Users/shreyashsature/Coding/JAVA-DSA-practice/L_LinkedList.java/A_LinkedList.java. Using fallback presentation compiler.
2026.07.10 18:41:11 INFO  no build target found for /Users/shreyashsature/Coding/JAVA-DSA-practice/L_LinkedList.java/A_LinkedList.java. Using fallback presentation compiler.
2026.07.10 18:41:11 INFO  no build target found for /Users/shreyashsature/Coding/JAVA-DSA-practice/L_LinkedList.java/A_LinkedList.java. Using fallback presentation compiler.
2026.07.10 18:41:11 INFO  no build target found for /Users/shreyashsature/Coding/JAVA-DSA-practice/L_LinkedList.java/A_LinkedList.java. Using fallback presentation compiler.
2026.07.10 18:41:12 INFO  no build target found for /Users/shreyashsature/Coding/JAVA-DSA-practice/L_LinkedList.java/A_LinkedList.java. Using fallback presentation compiler.
2026.07.10 18:41:12 INFO  no build target found for /Users/shreyashsature/Coding/JAVA-DSA-practice/L_LinkedList.java/A_LinkedList.java. Using fallback presentation compiler.
2026.07.10 18:41:12 INFO  no build target found for /Users/shreyashsature/Coding/JAVA-DSA-practice/L_LinkedList.java/A_LinkedList.java. Using fallback presentation compiler.
2026.07.10 18:41:12 WARN  Running javac-semanticdb failed for file:///Users/shreyashsature/Coding/JAVA-DSA-practice/L_LinkedList.java/A_LinkedList.java. Output:

2026.07.10 18:41:12 INFO  no build target found for /Users/shreyashsature/Coding/JAVA-DSA-practice/L_LinkedList.java/A_LinkedList.java. Using fallback presentation compiler.
2026.07.10 18:41:12 INFO  no build target found for /Users/shreyashsature/Coding/JAVA-DSA-practice/L_LinkedList.java/A_LinkedList.java. Using fallback presentation compiler.
2026.07.10 18:41:13 INFO  no build target found for /Users/shreyashsature/Coding/JAVA-DSA-practice/L_LinkedList.java/A_LinkedList.java. Using fallback presentation compiler.
2026.07.10 18:41:13 INFO  no build target found for /Users/shreyashsature/Coding/JAVA-DSA-practice/L_LinkedList.java/A_LinkedList.java. Using fallback presentation compiler.
2026.07.10 18:41:13 INFO  no build target found for /Users/shreyashsature/Coding/JAVA-DSA-practice/L_LinkedList.java/A_LinkedList.java. Using fallback presentation compiler.
2026.07.10 18:41:13 WARN  Running javac-semanticdb failed for file:///Users/shreyashsature/Coding/JAVA-DSA-practice/L_LinkedList.java/A_LinkedList.java. Output:

2026.07.10 18:41:13 INFO  no build target found for /Users/shreyashsature/Coding/JAVA-DSA-practice/L_LinkedList.java/A_LinkedList.java. Using fallback presentation compiler.
2026.07.10 18:41:13 INFO  no build target found for /Users/shreyashsature/Coding/JAVA-DSA-practice/L_LinkedList.java/A_LinkedList.java. Using fallback presentation compiler.
2026.07.10 18:41:13 INFO  no build target found for /Users/shreyashsature/Coding/JAVA-DSA-practice/L_LinkedList.java/A_LinkedList.java. Using fallback presentation compiler.
2026.07.10 18:41:14 INFO  no build target found for /Users/shreyashsature/Coding/JAVA-DSA-practice/L_LinkedList.java/A_LinkedList.java. Using fallback presentation compiler.
2026.07.10 18:41:14 WARN  Running javac-semanticdb failed for file:///Users/shreyashsature/Coding/JAVA-DSA-practice/L_LinkedList.java/A_LinkedList.java. Output:

2026.07.10 18:41:14 INFO  no build target found for /Users/shreyashsature/Coding/JAVA-DSA-practice/L_LinkedList.java/A_LinkedList.java. Using fallback presentation compiler.
2026.07.10 18:41:14 INFO  no build target found for /Users/shreyashsature/Coding/JAVA-DSA-practice/L_LinkedList.java/A_LinkedList.java. Using fallback presentation compiler.
2026.07.10 18:41:14 INFO  no build target found for /Users/shreyashsature/Coding/JAVA-DSA-practice/L_LinkedList.java/A_LinkedList.java. Using fallback presentation compiler.
2026.07.10 18:41:14 INFO  no build target found for /Users/shreyashsature/Coding/JAVA-DSA-practice/L_LinkedList.java/A_LinkedList.java. Using fallback presentation compiler.
2026.07.10 18:41:14 INFO  no build target found for /Users/shreyashsature/Coding/JAVA-DSA-practice/L_LinkedList.java/A_LinkedList.java. Using fallback presentation compiler.
2026.07.10 18:41:14 INFO  no build target found for /Users/shreyashsature/Coding/JAVA-DSA-practice/L_LinkedList.java/A_LinkedList.java. Using fallback presentation compiler.
2026.07.10 18:41:15 WARN  Running javac-semanticdb failed for file:///Users/shreyashsature/Coding/JAVA-DSA-practice/L_LinkedList.java/A_LinkedList.java. Output:

2026.07.10 18:41:15 INFO  no build target found for /Users/shreyashsature/Coding/JAVA-DSA-practice/L_LinkedList.java/A_LinkedList.java. Using fallback presentation compiler.
2026.07.10 18:41:15 INFO  no build target found for /Users/shreyashsature/Coding/JAVA-DSA-practice/L_LinkedList.java/A_LinkedList.java. Using fallback presentation compiler.
2026.07.10 18:41:15 INFO  no build target found for /Users/shreyashsature/Coding/JAVA-DSA-practice/L_LinkedList.java/A_LinkedList.java. Using fallback presentation compiler.
2026.07.10 18:41:15 INFO  no build target found for /Users/shreyashsature/Coding/JAVA-DSA-practice/L_LinkedList.java/A_LinkedList.java. Using fallback presentation compiler.
2026.07.10 18:41:15 INFO  no build target found for /Users/shreyashsature/Coding/JAVA-DSA-practice/L_LinkedList.java/A_LinkedList.java. Using fallback presentation compiler.
2026.07.10 18:41:15 INFO  no build target found for /Users/shreyashsature/Coding/JAVA-DSA-practice/L_LinkedList.java/A_LinkedList.java. Using fallback presentation compiler.
2026.07.10 18:41:16 INFO  no build target found for /Users/shreyashsature/Coding/JAVA-DSA-practice/L_LinkedList.java/A_LinkedList.java. Using fallback presentation compiler.
2026.07.10 18:41:15 INFO  no build target found for /Users/shreyashsature/Coding/JAVA-DSA-practice/L_LinkedList.java/A_LinkedList.java. Using fallback presentation compiler.
2026.07.10 18:41:15 INFO  no build target found for /Users/shreyashsature/Coding/JAVA-DSA-practice/L_LinkedList.java/A_LinkedList.java. Using fallback presentation compiler.
2026.07.10 18:41:16 INFO  no build target found for /Users/shreyashsature/Coding/JAVA-DSA-practice/L_LinkedList.java/A_LinkedList.java. Using fallback presentation compiler.
2026.07.10 18:41:16 INFO  no build target found for /Users/shreyashsature/Coding/JAVA-DSA-practice/L_LinkedList.java/A_LinkedList.java. Using fallback presentation compiler.
2026.07.10 18:41:16 WARN  Running javac-semanticdb failed for file:///Users/shreyashsature/Coding/JAVA-DSA-practice/L_LinkedList.java/A_LinkedList.java. Output:

2026.07.10 18:41:16 INFO  no build target found for /Users/shreyashsature/Coding/JAVA-DSA-practice/L_LinkedList.java/A_LinkedList.java. Using fallback presentation compiler.
2026.07.10 18:41:16 INFO  no build target found for /Users/shreyashsature/Coding/JAVA-DSA-practice/L_LinkedList.java/A_LinkedList.java. Using fallback presentation compiler.
2026.07.10 18:41:17 INFO  no build target found for /Users/shreyashsature/Coding/JAVA-DSA-practice/L_LinkedList.java/A_LinkedList.java. Using fallback presentation compiler.
2026.07.10 18:41:17 INFO  no build target found for /Users/shreyashsature/Coding/JAVA-DSA-practice/L_LinkedList.java/A_LinkedList.java. Using fallback presentation compiler.
2026.07.10 18:41:17 INFO  no build target found for /Users/shreyashsature/Coding/JAVA-DSA-practice/L_LinkedList.java/A_LinkedList.java. Using fallback presentation compiler.
2026.07.10 18:41:17 INFO  no build target found for /Users/shreyashsature/Coding/JAVA-DSA-practice/L_LinkedList.java/A_LinkedList.java. Using fallback presentation compiler.
2026.07.10 18:41:18 WARN  Running javac-semanticdb failed for file:///Users/shreyashsature/Coding/JAVA-DSA-practice/L_LinkedList.java/A_LinkedList.java. Output:

2026.07.10 18:41:17 INFO  no build target found for /Users/shreyashsature/Coding/JAVA-DSA-practice/L_LinkedList.java/A_LinkedList.java. Using fallback presentation compiler.
2026.07.10 18:41:18 INFO  no build target found for /Users/shreyashsature/Coding/JAVA-DSA-practice/L_LinkedList.java/A_LinkedList.java. Using fallback presentation compiler.
2026.07.10 18:41:19 INFO  no build target found for /Users/shreyashsature/Coding/JAVA-DSA-practice/L_LinkedList.java/A_LinkedList.java. Using fallback presentation compiler.
2026.07.10 18:41:19 INFO  no build target found for /Users/shreyashsature/Coding/JAVA-DSA-practice/L_LinkedList.java/A_LinkedList.java. Using fallback presentation compiler.
2026.07.10 18:41:18 WARN  Running javac-semanticdb failed for file:///Users/shreyashsature/Coding/JAVA-DSA-practice/L_LinkedList.java/A_LinkedList.java. Output:

2026.07.10 18:41:19 INFO  no build target found for /Users/shreyashsature/Coding/JAVA-DSA-practice/L_LinkedList.java/A_LinkedList.java. Using fallback presentation compiler.
2026.07.10 18:41:19 INFO  no build target found for /Users/shreyashsature/Coding/JAVA-DSA-practice/L_LinkedList.java/A_LinkedList.java. Using fallback presentation compiler.
2026.07.10 18:41:19 INFO  no build target found for /Users/shreyashsature/Coding/JAVA-DSA-practice/L_LinkedList.java/A_LinkedList.java. Using fallback presentation compiler.
2026.07.10 18:41:19 WARN  Running javac-semanticdb failed for file:///Users/shreyashsature/Coding/JAVA-DSA-practice/L_LinkedList.java/A_LinkedList.java. Output:

2026.07.10 18:41:19 INFO  no build target found for /Users/shreyashsature/Coding/JAVA-DSA-practice/L_LinkedList.java/A_LinkedList.java. Using fallback presentation compiler.
2026.07.10 18:41:20 INFO  no build target found for /Users/shreyashsature/Coding/JAVA-DSA-practice/L_LinkedList.java/A_LinkedList.java. Using fallback presentation compiler.
2026.07.10 18:41:20 INFO  no build target found for /Users/shreyashsature/Coding/JAVA-DSA-practice/L_LinkedList.java/A_LinkedList.java. Using fallback presentation compiler.
2026.07.10 18:41:20 INFO  no build target found for /Users/shreyashsature/Coding/JAVA-DSA-practice/L_LinkedList.java/A_LinkedList.java. Using fallback presentation compiler.
2026.07.10 18:41:20 INFO  no build target found for /Users/shreyashsature/Coding/JAVA-DSA-practice/L_LinkedList.java/A_LinkedList.java. Using fallback presentation compiler.
2026.07.10 18:41:21 WARN  Running javac-semanticdb failed for file:///Users/shreyashsature/Coding/JAVA-DSA-practice/L_LinkedList.java/A_LinkedList.java. Output:

2026.07.10 18:41:21 INFO  no build target found for /Users/shreyashsature/Coding/JAVA-DSA-practice/L_LinkedList.java/A_LinkedList.java. Using fallback presentation compiler.
2026.07.10 18:41:20 INFO  no build target found for /Users/shreyashsature/Coding/JAVA-DSA-practice/L_LinkedList.java/A_LinkedList.java. Using fallback presentation compiler.
2026.07.10 18:41:21 INFO  no build target found for /Users/shreyashsature/Coding/JAVA-DSA-practice/L_LinkedList.java/A_LinkedList.java. Using fallback presentation compiler.
2026.07.10 18:41:21 WARN  Running javac-semanticdb failed for file:///Users/shreyashsature/Coding/JAVA-DSA-practice/L_LinkedList.java/A_LinkedList.java. Output:

2026.07.10 18:41:21 INFO  no build target found for /Users/shreyashsature/Coding/JAVA-DSA-practice/L_LinkedList.java/A_LinkedList.java. Using fallback presentation compiler.
2026.07.10 18:41:21 INFO  no build target found for /Users/shreyashsature/Coding/JAVA-DSA-practice/L_LinkedList.java/A_LinkedList.java. Using fallback presentation compiler.
2026.07.10 18:41:22 INFO  no build target found for /Users/shreyashsature/Coding/JAVA-DSA-practice/L_LinkedList.java/A_LinkedList.java. Using fallback presentation compiler.
2026.07.10 18:41:27 INFO  no build target found for /Users/shreyashsature/Coding/JAVA-DSA-practice/L_LinkedList.java/A_LinkedList.java. Using fallback presentation compiler.
2026.07.10 18:41:27 INFO  no build target found for /Users/shreyashsature/Coding/JAVA-DSA-practice/L_LinkedList.java/A_LinkedList.java. Using fallback presentation compiler.
2026.07.10 18:41:27 INFO  no build target found for /Users/shreyashsature/Coding/JAVA-DSA-practice/L_LinkedList.java/A_LinkedList.java. Using fallback presentation compiler.
2026.07.10 18:41:28 INFO  no build target found for /Users/shreyashsature/Coding/JAVA-DSA-practice/L_LinkedList.java/A_LinkedList.java. Using fallback presentation compiler.
2026.07.10 18:41:28 INFO  no build target found for /Users/shreyashsature/Coding/JAVA-DSA-practice/L_LinkedList.java/A_LinkedList.java. Using fallback presentation compiler.
2026.07.10 18:41:28 INFO  no build target found for /Users/shreyashsature/Coding/JAVA-DSA-practice/L_LinkedList.java/A_LinkedList.java. Using fallback presentation compiler.
2026.07.10 18:41:28 INFO  no build target found for /Users/shreyashsature/Coding/JAVA-DSA-practice/L_LinkedList.java/A_LinkedList.java. Using fallback presentation compiler.
2026.07.10 18:41:42 INFO  no build target found for /Users/shreyashsature/Coding/JAVA-DSA-practice/L_LinkedList.java/A_LinkedList.java. Using fallback presentation compiler.
2026.07.10 18:41:42 INFO  no build target found for /Users/shreyashsature/Coding/JAVA-DSA-practice/L_LinkedList.java/A_LinkedList.java. Using fallback presentation compiler.
2026.07.10 18:41:42 INFO  no build target found for /Users/shreyashsature/Coding/JAVA-DSA-practice/L_LinkedList.java/A_LinkedList.java. Using fallback presentation compiler.
2026.07.10 18:41:50 INFO  no build target found for /Users/shreyashsature/Coding/JAVA-DSA-practice/L_LinkedList.java/A_LinkedList.java. Using fallback presentation compiler.
2026.07.10 18:41:53 INFO  no build target found for /Users/shreyashsature/Coding/JAVA-DSA-practice/L_LinkedList.java/A_LinkedList.java. Using fallback presentation compiler.
2026.07.10 18:41:53 INFO  no build target found for /Users/shreyashsature/Coding/JAVA-DSA-practice/L_LinkedList.java/A_LinkedList.java. Using fallback presentation compiler.
2026.07.10 18:41:54 INFO  no build target found for /Users/shreyashsature/Coding/JAVA-DSA-practice/L_LinkedList.java/A_LinkedList.java. Using fallback presentation compiler.
2026.07.10 18:41:54 INFO  no build target found for /Users/shreyashsature/Coding/JAVA-DSA-practice/L_LinkedList.java/A_LinkedList.java. Using fallback presentation compiler.
2026.07.10 18:41:57 INFO  no build target found for /Users/shreyashsature/Coding/JAVA-DSA-practice/L_LinkedList.java/A_LinkedList.java. Using fallback presentation compiler.
2026.07.10 18:41:57 INFO  no build target found for /Users/shreyashsature/Coding/JAVA-DSA-practice/L_LinkedList.java/A_LinkedList.java. Using fallback presentation compiler.
2026.07.10 18:41:57 INFO  no build target found for /Users/shreyashsature/Coding/JAVA-DSA-practice/L_LinkedList.java/A_LinkedList.java. Using fallback presentation compiler.
2026.07.10 18:41:57 WARN  Running javac-semanticdb failed for file:///Users/shreyashsature/Coding/JAVA-DSA-practice/L_LinkedList.java/A_LinkedList.java. Output:

2026.07.10 18:41:57 INFO  no build target found for /Users/shreyashsature/Coding/JAVA-DSA-practice/L_LinkedList.java/A_LinkedList.java. Using fallback presentation compiler.
2026.07.10 18:41:57 INFO  no build target found for /Users/shreyashsature/Coding/JAVA-DSA-practice/L_LinkedList.java/A_LinkedList.java. Using fallback presentation compiler.
2026.07.10 18:41:57 INFO  no build target found for /Users/shreyashsature/Coding/JAVA-DSA-practice/L_LinkedList.java/A_LinkedList.java. Using fallback presentation compiler.
2026.07.10 18:41:58 INFO  no build target found for /Users/shreyashsature/Coding/JAVA-DSA-practice/L_LinkedList.java/A_LinkedList.java. Using fallback presentation compiler.
2026.07.10 18:41:58 INFO  no build target found for /Users/shreyashsature/Coding/JAVA-DSA-practice/L_LinkedList.java/A_LinkedList.java. Using fallback presentation compiler.
2026.07.10 18:41:58 INFO  no build target found for /Users/shreyashsature/Coding/JAVA-DSA-practice/L_LinkedList.java/A_LinkedList.java. Using fallback presentation compiler.
2026.07.10 18:41:58 INFO  no build target found for /Users/shreyashsature/Coding/JAVA-DSA-practice/L_LinkedList.java/A_LinkedList.java. Using fallback presentation compiler.
2026.07.10 18:41:59 WARN  Running javac-semanticdb failed for file:///Users/shreyashsature/Coding/JAVA-DSA-practice/L_LinkedList.java/A_LinkedList.java. Output:

2026.07.10 18:41:59 INFO  no build target found for /Users/shreyashsature/Coding/JAVA-DSA-practice/L_LinkedList.java/A_LinkedList.java. Using fallback presentation compiler.
2026.07.10 18:41:59 INFO  no build target found for /Users/shreyashsature/Coding/JAVA-DSA-practice/L_LinkedList.java/A_LinkedList.java. Using fallback presentation compiler.
2026.07.10 18:41:59 INFO  no build target found for /Users/shreyashsature/Coding/JAVA-DSA-practice/L_LinkedList.java/A_LinkedList.java. Using fallback presentation compiler.
2026.07.10 18:41:59 WARN  Running javac-semanticdb failed for file:///Users/shreyashsature/Coding/JAVA-DSA-practice/L_LinkedList.java/A_LinkedList.java. Output:

2026.07.10 18:41:59 INFO  no build target found for /Users/shreyashsature/Coding/JAVA-DSA-practice/L_LinkedList.java/A_LinkedList.java. Using fallback presentation compiler.
2026.07.10 18:41:59 INFO  no build target found for /Users/shreyashsature/Coding/JAVA-DSA-practice/L_LinkedList.java/A_LinkedList.java. Using fallback presentation compiler.
2026.07.10 18:42:00 INFO  no build target found for /Users/shreyashsature/Coding/JAVA-DSA-practice/L_LinkedList.java/A_LinkedList.java. Using fallback presentation compiler.
2026.07.10 18:42:01 INFO  no build target found for /Users/shreyashsature/Coding/JAVA-DSA-practice/L_LinkedList.java/A_LinkedList.java. Using fallback presentation compiler.
2026.07.10 18:42:01 INFO  no build target found for /Users/shreyashsature/Coding/JAVA-DSA-practice/L_LinkedList.java/A_LinkedList.java. Using fallback presentation compiler.
2026.07.10 18:42:19 INFO  no build target found for /Users/shreyashsature/Coding/JAVA-DSA-practice/L_LinkedList.java/A_LinkedList.java. Using fallback presentation compiler.
2026.07.10 18:42:19 INFO  no build target found for /Users/shreyashsature/Coding/JAVA-DSA-practice/L_LinkedList.java/A_LinkedList.java. Using fallback presentation compiler.
2026.07.10 18:42:19 WARN  Running javac-semanticdb failed for file:///Users/shreyashsature/Coding/JAVA-DSA-practice/L_LinkedList.java/A_LinkedList.java. Output:

2026.07.10 18:42:19 INFO  no build target found for /Users/shreyashsature/Coding/JAVA-DSA-practice/L_LinkedList.java/A_LinkedList.java. Using fallback presentation compiler.
2026.07.10 18:42:19 INFO  no build target found for /Users/shreyashsature/Coding/JAVA-DSA-practice/L_LinkedList.java/A_LinkedList.java. Using fallback presentation compiler.
2026.07.10 18:42:19 INFO  no build target found for /Users/shreyashsature/Coding/JAVA-DSA-practice/L_LinkedList.java/A_LinkedList.java. Using fallback presentation compiler.
2026.07.10 18:42:19 WARN  Running javac-semanticdb failed for file:///Users/shreyashsature/Coding/JAVA-DSA-practice/L_LinkedList.java/A_LinkedList.java. Output:

2026.07.10 18:42:19 INFO  no build target found for /Users/shreyashsature/Coding/JAVA-DSA-practice/L_LinkedList.java/A_LinkedList.java. Using fallback presentation compiler.
2026.07.10 18:42:20 INFO  no build target found for /Users/shreyashsature/Coding/JAVA-DSA-practice/L_LinkedList.java/A_LinkedList.java. Using fallback presentation compiler.
2026.07.10 18:42:20 INFO  no build target found for /Users/shreyashsature/Coding/JAVA-DSA-practice/L_LinkedList.java/A_LinkedList.java. Using fallback presentation compiler.
2026.07.10 18:42:20 INFO  no build target found for /Users/shreyashsature/Coding/JAVA-DSA-practice/L_LinkedList.java/A_LinkedList.java. Using fallback presentation compiler.
2026.07.10 18:42:20 WARN  Running javac-semanticdb failed for file:///Users/shreyashsature/Coding/JAVA-DSA-practice/L_LinkedList.java/A_LinkedList.java. Output:

2026.07.10 18:42:20 INFO  no build target found for /Users/shreyashsature/Coding/JAVA-DSA-practice/L_LinkedList.java/A_LinkedList.java. Using fallback presentation compiler.
2026.07.10 18:42:20 INFO  no build target found for /Users/shreyashsature/Coding/JAVA-DSA-practice/L_LinkedList.java/A_LinkedList.java. Using fallback presentation compiler.
2026.07.10 18:42:21 INFO  no build target found for /Users/shreyashsature/Coding/JAVA-DSA-practice/L_LinkedList.java/A_LinkedList.java. Using fallback presentation compiler.
2026.07.10 18:42:21 INFO  no build target found for /Users/shreyashsature/Coding/JAVA-DSA-practice/L_LinkedList.java/A_LinkedList.java. Using fallback presentation compiler.
2026.07.10 18:42:22 INFO  no build target found for /Users/shreyashsature/Coding/JAVA-DSA-practice/L_LinkedList.java/A_LinkedList.java. Using fallback presentation compiler.
2026.07.10 18:42:22 INFO  no build target found for /Users/shreyashsature/Coding/JAVA-DSA-practice/L_LinkedList.java/A_LinkedList.java. Using fallback presentation compiler.
2026.07.10 18:42:25 INFO  no build target found for /Users/shreyashsature/Coding/JAVA-DSA-practice/L_LinkedList.java/A_LinkedList.java. Using fallback presentation compiler.
2026.07.10 18:42:48 INFO  no build target found for /Users/shreyashsature/Coding/JAVA-DSA-practice/L_LinkedList.java/A_LinkedList.java. Using fallback presentation compiler.
2026.07.10 18:42:49 INFO  no build target found for /Users/shreyashsature/Coding/JAVA-DSA-practice/L_LinkedList.java/A_LinkedList.java. Using fallback presentation compiler.
2026.07.10 18:42:52 INFO  no build target found for /Users/shreyashsature/Coding/JAVA-DSA-practice/L_LinkedList.java/A_LinkedList.java. Using fallback presentation compiler.
2026.07.10 18:42:52 INFO  no build target found for /Users/shreyashsature/Coding/JAVA-DSA-practice/L_LinkedList.java/A_LinkedList.java. Using fallback presentation compiler.
2026.07.10 18:42:52 INFO  no build target found for /Users/shreyashsature/Coding/JAVA-DSA-practice/L_LinkedList.java/A_LinkedList.java. Using fallback presentation compiler.
2026.07.10 18:42:53 INFO  no build target found for /Users/shreyashsature/Coding/JAVA-DSA-practice/L_LinkedList.java/A_LinkedList.java. Using fallback presentation compiler.
2026.07.10 18:42:55 INFO  no build target found for /Users/shreyashsature/Coding/JAVA-DSA-practice/L_LinkedList.java/A_LinkedList.java. Using fallback presentation compiler.
2026.07.10 18:42:55 INFO  no build target found for /Users/shreyashsature/Coding/JAVA-DSA-practice/L_LinkedList.java/A_LinkedList.java. Using fallback presentation compiler.
2026.07.10 18:42:55 INFO  no build target found for /Users/shreyashsature/Coding/JAVA-DSA-practice/L_LinkedList.java/A_LinkedList.java. Using fallback presentation compiler.
2026.07.10 18:42:55 WARN  Running javac-semanticdb failed for file:///Users/shreyashsature/Coding/JAVA-DSA-practice/L_LinkedList.java/A_LinkedList.java. Output:

2026.07.10 18:42:55 INFO  no build target found for /Users/shreyashsature/Coding/JAVA-DSA-practice/L_LinkedList.java/A_LinkedList.java. Using fallback presentation compiler.
2026.07.10 18:42:55 INFO  no build target found for /Users/shreyashsature/Coding/JAVA-DSA-practice/L_LinkedList.java/A_LinkedList.java. Using fallback presentation compiler.
2026.07.10 18:42:56 INFO  no build target found for /Users/shreyashsature/Coding/JAVA-DSA-practice/L_LinkedList.java/A_LinkedList.java. Using fallback presentation compiler.
2026.07.10 18:42:56 INFO  no build target found for /Users/shreyashsature/Coding/JAVA-DSA-practice/L_LinkedList.java/A_LinkedList.java. Using fallback presentation compiler.
2026.07.10 18:42:56 INFO  no build target found for /Users/shreyashsature/Coding/JAVA-DSA-practice/L_LinkedList.java/A_LinkedList.java. Using fallback presentation compiler.
2026.07.10 18:42:57 INFO  no build target found for /Users/shreyashsature/Coding/JAVA-DSA-practice/L_LinkedList.java/A_LinkedList.java. Using fallback presentation compiler.
2026.07.10 18:42:57 INFO  no build target found for /Users/shreyashsature/Coding/JAVA-DSA-practice/L_LinkedList.java/A_LinkedList.java. Using fallback presentation compiler.
2026.07.10 18:42:57 WARN  Running javac-semanticdb failed for file:///Users/shreyashsature/Coding/JAVA-DSA-practice/L_LinkedList.java/A_LinkedList.java. Output:

2026.07.10 18:42:57 INFO  no build target found for /Users/shreyashsature/Coding/JAVA-DSA-practice/L_LinkedList.java/A_LinkedList.java. Using fallback presentation compiler.
2026.07.10 18:42:57 INFO  no build target found for /Users/shreyashsature/Coding/JAVA-DSA-practice/L_LinkedList.java/A_LinkedList.java. Using fallback presentation compiler.
2026.07.10 18:42:58 INFO  no build target found for /Users/shreyashsature/Coding/JAVA-DSA-practice/L_LinkedList.java/A_LinkedList.java. Using fallback presentation compiler.
2026.07.10 18:42:58 INFO  no build target found for /Users/shreyashsature/Coding/JAVA-DSA-practice/L_LinkedList.java/A_LinkedList.java. Using fallback presentation compiler.
2026.07.10 18:42:58 INFO  no build target found for /Users/shreyashsature/Coding/JAVA-DSA-practice/L_LinkedList.java/A_LinkedList.java. Using fallback presentation compiler.
2026.07.10 18:42:59 INFO  no build target found for /Users/shreyashsature/Coding/JAVA-DSA-practice/L_LinkedList.java/A_LinkedList.java. Using fallback presentation compiler.
2026.07.10 18:42:59 INFO  no build target found for /Users/shreyashsature/Coding/JAVA-DSA-practice/L_LinkedList.java/A_LinkedList.java. Using fallback presentation compiler.
2026.07.10 18:43:00 INFO  no build target found for /Users/shreyashsature/Coding/JAVA-DSA-practice/L_LinkedList.java/A_LinkedList.java. Using fallback presentation compiler.
2026.07.10 18:43:02 INFO  no build target found for /Users/shreyashsature/Coding/JAVA-DSA-practice/L_LinkedList.java/A_LinkedList.java. Using fallback presentation compiler.
2026.07.10 18:43:02 INFO  no build target found for /Users/shreyashsature/Coding/JAVA-DSA-practice/L_LinkedList.java/A_LinkedList.java. Using fallback presentation compiler.
2026.07.10 18:43:02 INFO  no build target found for /Users/shreyashsature/Coding/JAVA-DSA-practice/L_LinkedList.java/A_LinkedList.java. Using fallback presentation compiler.
2026.07.10 18:43:02 INFO  no build target found for /Users/shreyashsature/Coding/JAVA-DSA-practice/L_LinkedList.java/A_LinkedList.java. Using fallback presentation compiler.
2026.07.10 18:43:02 WARN  Running javac-semanticdb failed for file:///Users/shreyashsature/Coding/JAVA-DSA-practice/L_LinkedList.java/A_LinkedList.java. Output:

2026.07.10 18:43:02 INFO  no build target found for /Users/shreyashsature/Coding/JAVA-DSA-practice/L_LinkedList.java/A_LinkedList.java. Using fallback presentation compiler.
2026.07.10 18:43:02 INFO  no build target found for /Users/shreyashsature/Coding/JAVA-DSA-practice/L_LinkedList.java/A_LinkedList.java. Using fallback presentation compiler.
2026.07.10 18:43:03 INFO  no build target found for /Users/shreyashsature/Coding/JAVA-DSA-practice/L_LinkedList.java/A_LinkedList.java. Using fallback presentation compiler.
2026.07.10 18:43:03 INFO  no build target found for /Users/shreyashsature/Coding/JAVA-DSA-practice/L_LinkedList.java/A_LinkedList.java. Using fallback presentation compiler.
2026.07.10 18:43:03 WARN  Running javac-semanticdb failed for file:///Users/shreyashsature/Coding/JAVA-DSA-practice/L_LinkedList.java/A_LinkedList.java. Output:

2026.07.10 18:43:03 INFO  no build target found for /Users/shreyashsature/Coding/JAVA-DSA-practice/L_LinkedList.java/A_LinkedList.java. Using fallback presentation compiler.
2026.07.10 18:43:03 INFO  no build target found for /Users/shreyashsature/Coding/JAVA-DSA-practice/L_LinkedList.java/A_LinkedList.java. Using fallback presentation compiler.
2026.07.10 18:43:03 WARN  Running javac-semanticdb failed for file:///Users/shreyashsature/Coding/JAVA-DSA-practice/L_LinkedList.java/A_LinkedList.java. Output:

2026.07.10 18:43:03 INFO  no build target found for /Users/shreyashsature/Coding/JAVA-DSA-practice/L_LinkedList.java/A_LinkedList.java. Using fallback presentation compiler.
2026.07.10 18:43:03 INFO  no build target found for /Users/shreyashsature/Coding/JAVA-DSA-practice/L_LinkedList.java/A_LinkedList.java. Using fallback presentation compiler.
2026.07.10 18:43:03 INFO  no build target found for /Users/shreyashsature/Coding/JAVA-DSA-practice/L_LinkedList.java/A_LinkedList.java. Using fallback presentation compiler.
2026.07.10 18:43:04 WARN  Running javac-semanticdb failed for file:///Users/shreyashsature/Coding/JAVA-DSA-practice/L_LinkedList.java/A_LinkedList.java. Output:

2026.07.10 18:43:04 INFO  no build target found for /Users/shreyashsature/Coding/JAVA-DSA-practice/L_LinkedList.java/A_LinkedList.java. Using fallback presentation compiler.
2026.07.10 18:43:04 INFO  no build target found for /Users/shreyashsature/Coding/JAVA-DSA-practice/L_LinkedList.java/A_LinkedList.java. Using fallback presentation compiler.
2026.07.10 18:43:04 INFO  no build target found for /Users/shreyashsature/Coding/JAVA-DSA-practice/L_LinkedList.java/A_LinkedList.java. Using fallback presentation compiler.
2026.07.10 18:43:04 INFO  no build target found for /Users/shreyashsature/Coding/JAVA-DSA-practice/L_LinkedList.java/A_LinkedList.java. Using fallback presentation compiler.
2026.07.10 18:43:04 WARN  Running javac-semanticdb failed for file:///Users/shreyashsature/Coding/JAVA-DSA-practice/L_LinkedList.java/A_LinkedList.java. Output:

2026.07.10 18:43:04 INFO  no build target found for /Users/shreyashsature/Coding/JAVA-DSA-practice/L_LinkedList.java/A_LinkedList.java. Using fallback presentation compiler.
2026.07.10 18:43:04 INFO  no build target found for /Users/shreyashsature/Coding/JAVA-DSA-practice/L_LinkedList.java/A_LinkedList.java. Using fallback presentation compiler.
2026.07.10 18:43:05 INFO  no build target found for /Users/shreyashsature/Coding/JAVA-DSA-practice/L_LinkedList.java/A_LinkedList.java. Using fallback presentation compiler.
2026.07.10 18:43:05 INFO  no build target found for /Users/shreyashsature/Coding/JAVA-DSA-practice/L_LinkedList.java/A_LinkedList.java. Using fallback presentation compiler.
2026.07.10 18:43:13 INFO  no build target found for /Users/shreyashsature/Coding/JAVA-DSA-practice/L_LinkedList.java/A_LinkedList.java. Using fallback presentation compiler.
2026.07.10 18:43:17 INFO  no build target found for /Users/shreyashsature/Coding/JAVA-DSA-practice/L_LinkedList.java/A_LinkedList.java. Using fallback presentation compiler.
2026.07.10 18:43:20 INFO  no build target found for /Users/shreyashsature/Coding/JAVA-DSA-practice/L_LinkedList.java/A_LinkedList.java. Using fallback presentation compiler.
2026.07.10 18:43:20 INFO  no build target found for /Users/shreyashsature/Coding/JAVA-DSA-practice/L_LinkedList.java/A_LinkedList.java. Using fallback presentation compiler.
2026.07.10 18:43:20 WARN  Running javac-semanticdb failed for file:///Users/shreyashsature/Coding/JAVA-DSA-practice/L_LinkedList.java/A_LinkedList.java. Output:

2026.07.10 18:43:20 INFO  no build target found for /Users/shreyashsature/Coding/JAVA-DSA-practice/L_LinkedList.java/A_LinkedList.java. Using fallback presentation compiler.
2026.07.10 18:43:20 INFO  no build target found for /Users/shreyashsature/Coding/JAVA-DSA-practice/L_LinkedList.java/A_LinkedList.java. Using fallback presentation compiler.
2026.07.10 18:43:21 INFO  no build target found for /Users/shreyashsature/Coding/JAVA-DSA-practice/L_LinkedList.java/A_LinkedList.java. Using fallback presentation compiler.
2026.07.10 18:43:23 INFO  no build target found for /Users/shreyashsature/Coding/JAVA-DSA-practice/L_LinkedList.java/A_LinkedList.java. Using fallback presentation compiler.
2026.07.10 18:43:23 INFO  no build target found for /Users/shreyashsature/Coding/JAVA-DSA-practice/L_LinkedList.java/A_LinkedList.java. Using fallback presentation compiler.
2026.07.10 18:43:23 WARN  Running javac-semanticdb failed for file:///Users/shreyashsature/Coding/JAVA-DSA-practice/L_LinkedList.java/A_LinkedList.java. Output:

2026.07.10 18:43:23 INFO  no build target found for /Users/shreyashsature/Coding/JAVA-DSA-practice/L_LinkedList.java/A_LinkedList.java. Using fallback presentation compiler.
2026.07.10 18:43:23 INFO  no build target found for /Users/shreyashsature/Coding/JAVA-DSA-practice/L_LinkedList.java/A_LinkedList.java. Using fallback presentation compiler.
2026.07.10 18:43:23 INFO  no build target found for /Users/shreyashsature/Coding/JAVA-DSA-practice/L_LinkedList.java/A_LinkedList.java. Using fallback presentation compiler.
2026.07.10 18:43:23 WARN  Running javac-semanticdb failed for file:///Users/shreyashsature/Coding/JAVA-DSA-practice/L_LinkedList.java/A_LinkedList.java. Output:

2026.07.10 18:43:23 INFO  no build target found for /Users/shreyashsature/Coding/JAVA-DSA-practice/L_LinkedList.java/A_LinkedList.java. Using fallback presentation compiler.
2026.07.10 18:43:23 INFO  no build target found for /Users/shreyashsature/Coding/JAVA-DSA-practice/L_LinkedList.java/A_LinkedList.java. Using fallback presentation compiler.
2026.07.10 18:43:23 INFO  no build target found for /Users/shreyashsature/Coding/JAVA-DSA-practice/L_LinkedList.java/A_LinkedList.java. Using fallback presentation compiler.
2026.07.10 18:43:23 WARN  Running javac-semanticdb failed for file:///Users/shreyashsature/Coding/JAVA-DSA-practice/L_LinkedList.java/A_LinkedList.java. Output:

2026.07.10 18:43:24 INFO  no build target found for /Users/shreyashsature/Coding/JAVA-DSA-practice/L_LinkedList.java/A_LinkedList.java. Using fallback presentation compiler.
2026.07.10 18:43:24 INFO  no build target found for /Users/shreyashsature/Coding/JAVA-DSA-practice/L_LinkedList.java/A_LinkedList.java. Using fallback presentation compiler.
2026.07.10 18:43:24 WARN  Running javac-semanticdb failed for file:///Users/shreyashsature/Coding/JAVA-DSA-practice/L_LinkedList.java/A_LinkedList.java. Output:

2026.07.10 18:43:24 INFO  no build target found for /Users/shreyashsature/Coding/JAVA-DSA-practice/L_LinkedList.java/A_LinkedList.java. Using fallback presentation compiler.
2026.07.10 18:43:24 INFO  no build target found for /Users/shreyashsature/Coding/JAVA-DSA-practice/L_LinkedList.java/A_LinkedList.java. Using fallback presentation compiler.
2026.07.10 18:43:24 INFO  no build target found for /Users/shreyashsature/Coding/JAVA-DSA-practice/L_LinkedList.java/A_LinkedList.java. Using fallback presentation compiler.
2026.07.10 18:43:24 INFO  no build target found for /Users/shreyashsature/Coding/JAVA-DSA-practice/L_LinkedList.java/A_LinkedList.java. Using fallback presentation compiler.
2026.07.10 18:43:25 WARN  Running javac-semanticdb failed for file:///Users/shreyashsature/Coding/JAVA-DSA-practice/L_LinkedList.java/A_LinkedList.java. Output:

2026.07.10 18:43:25 INFO  no build target found for /Users/shreyashsature/Coding/JAVA-DSA-practice/L_LinkedList.java/A_LinkedList.java. Using fallback presentation compiler.
2026.07.10 18:43:25 INFO  no build target found for /Users/shreyashsature/Coding/JAVA-DSA-practice/L_LinkedList.java/A_LinkedList.java. Using fallback presentation compiler.
2026.07.10 18:43:25 INFO  no build target found for /Users/shreyashsature/Coding/JAVA-DSA-practice/L_LinkedList.java/A_LinkedList.java. Using fallback presentation compiler.
2026.07.10 18:43:28 INFO  no build target found for /Users/shreyashsature/Coding/JAVA-DSA-practice/L_LinkedList.java/A_LinkedList.java. Using fallback presentation compiler.
2026.07.10 18:43:41 INFO  no build target found for /Users/shreyashsature/Coding/JAVA-DSA-practice/L_LinkedList.java/A_LinkedList.java. Using fallback presentation compiler.
2026.07.10 18:43:41 WARN  no build target for: /Users/shreyashsature/Coding/JAVA-DSA-practice/L_LinkedList.java/LinkedList.java
2026.07.10 18:43:41 INFO  no build target found for /Users/shreyashsature/Coding/JAVA-DSA-practice/L_LinkedList.java/LinkedList.java. Using fallback presentation compiler.
2026.07.10 18:43:41 INFO  no build target found for /Users/shreyashsature/Coding/JAVA-DSA-practice/L_LinkedList.java/LinkedList.java. Using fallback presentation compiler.
2026.07.10 18:43:41 WARN  Running javac-semanticdb failed for file:///Users/shreyashsature/Coding/JAVA-DSA-practice/L_LinkedList.java/LinkedList.java. Output:

2026.07.10 18:43:41 INFO  no build target found for /Users/shreyashsature/Coding/JAVA-DSA-practice/L_LinkedList.java/LinkedList.java. Using fallback presentation compiler.
2026.07.10 18:43:41 INFO  no build target found for /Users/shreyashsature/Coding/JAVA-DSA-practice/L_LinkedList.java/LinkedList.java. Using fallback presentation compiler.
2026.07.10 18:43:41 INFO  no build target found for /Users/shreyashsature/Coding/JAVA-DSA-practice/L_LinkedList.java/LinkedList.java. Using fallback presentation compiler.
2026.07.10 18:43:42 INFO  no build target found for /Users/shreyashsature/Coding/JAVA-DSA-practice/L_LinkedList.java/LinkedList.java. Using fallback presentation compiler.
2026.07.10 18:43:42 INFO  no build target found for /Users/shreyashsature/Coding/JAVA-DSA-practice/L_LinkedList.java/LinkedList.java. Using fallback presentation compiler.
2026.07.10 18:43:42 INFO  no build target found for /Users/shreyashsature/Coding/JAVA-DSA-practice/L_LinkedList.java/LinkedList.java. Using fallback presentation compiler.
2026.07.10 18:43:44 INFO  no build target found for /Users/shreyashsature/Coding/JAVA-DSA-practice/L_LinkedList.java/LinkedList.java. Using fallback presentation compiler.
2026.07.10 18:43:44 INFO  no build target found for /Users/shreyashsature/Coding/JAVA-DSA-practice/L_LinkedList.java/LinkedList.java. Using fallback presentation compiler.
2026.07.10 18:43:44 INFO  no build target found for /Users/shreyashsature/Coding/JAVA-DSA-practice/L_LinkedList.java/LinkedList.java. Using fallback presentation compiler.
2026.07.10 18:43:44 INFO  no build target found for /Users/shreyashsature/Coding/JAVA-DSA-practice/L_LinkedList.java/LinkedList.java. Using fallback presentation compiler.
2026.07.10 18:43:45 INFO  no build target found for /Users/shreyashsature/Coding/JAVA-DSA-practice/L_LinkedList.java/LinkedList.java. Using fallback presentation compiler.
2026.07.10 18:43:45 WARN  Running javac-semanticdb failed for file:///Users/shreyashsature/Coding/JAVA-DSA-practice/L_LinkedList.java/LinkedList.java. Output:

2026.07.10 18:43:47 INFO  no build target found for /Users/shreyashsature/Coding/JAVA-DSA-practice/L_LinkedList.java/LinkedList.java. Using fallback presentation compiler.
2026.07.10 18:43:47 INFO  no build target found for /Users/shreyashsature/Coding/JAVA-DSA-practice/L_LinkedList.java/LinkedList.java. Using fallback presentation compiler.
2026.07.10 18:43:47 INFO  no build target found for /Users/shreyashsature/Coding/JAVA-DSA-practice/L_LinkedList.java/LinkedList.java. Using fallback presentation compiler.
2026.07.10 18:43:47 WARN  Running javac-semanticdb failed for file:///Users/shreyashsature/Coding/JAVA-DSA-practice/L_LinkedList.java/LinkedList.java. Output:

2026.07.10 18:43:47 INFO  no build target found for /Users/shreyashsature/Coding/JAVA-DSA-practice/L_LinkedList.java/LinkedList.java. Using fallback presentation compiler.
2026.07.10 18:43:47 INFO  no build target found for /Users/shreyashsature/Coding/JAVA-DSA-practice/L_LinkedList.java/LinkedList.java. Using fallback presentation compiler.
2026.07.10 18:43:47 INFO  no build target found for /Users/shreyashsature/Coding/JAVA-DSA-practice/L_LinkedList.java/LinkedList.java. Using fallback presentation compiler.
2026.07.10 18:43:47 INFO  no build target found for /Users/shreyashsature/Coding/JAVA-DSA-practice/L_LinkedList.java/LinkedList.java. Using fallback presentation compiler.
2026.07.10 18:43:47 INFO  no build target found for /Users/shreyashsature/Coding/JAVA-DSA-practice/L_LinkedList.java/LinkedList.java. Using fallback presentation compiler.
2026.07.10 18:43:48 WARN  Running javac-semanticdb failed for file:///Users/shreyashsature/Coding/JAVA-DSA-practice/L_LinkedList.java/LinkedList.java. Output:

2026.07.10 18:43:47 INFO  no build target found for /Users/shreyashsature/Coding/JAVA-DSA-practice/L_LinkedList.java/LinkedList.java. Using fallback presentation compiler.
2026.07.10 18:43:48 INFO  no build target found for /Users/shreyashsature/Coding/JAVA-DSA-practice/L_LinkedList.java/LinkedList.java. Using fallback presentation compiler.
2026.07.10 18:43:47 WARN  Running javac-semanticdb failed for file:///Users/shreyashsature/Coding/JAVA-DSA-practice/L_LinkedList.java/LinkedList.java. Output:

2026.07.10 18:43:48 INFO  no build target found for /Users/shreyashsature/Coding/JAVA-DSA-practice/L_LinkedList.java/LinkedList.java. Using fallback presentation compiler.
2026.07.10 18:43:48 INFO  no build target found for /Users/shreyashsature/Coding/JAVA-DSA-practice/L_LinkedList.java/LinkedList.java. Using fallback presentation compiler.
2026.07.10 18:43:48 INFO  no build target found for /Users/shreyashsature/Coding/JAVA-DSA-practice/L_LinkedList.java/LinkedList.java. Using fallback presentation compiler.
2026.07.10 18:43:48 INFO  no build target found for /Users/shreyashsature/Coding/JAVA-DSA-practice/L_LinkedList.java/LinkedList.java. Using fallback presentation compiler.
2026.07.10 18:43:48 WARN  Running javac-semanticdb failed for file:///Users/shreyashsature/Coding/JAVA-DSA-practice/L_LinkedList.java/LinkedList.java. Output:

2026.07.10 18:43:48 INFO  no build target found for /Users/shreyashsature/Coding/JAVA-DSA-practice/L_LinkedList.java/LinkedList.java. Using fallback presentation compiler.
2026.07.10 18:43:48 INFO  no build target found for /Users/shreyashsature/Coding/JAVA-DSA-practice/L_LinkedList.java/LinkedList.java. Using fallback presentation compiler.
2026.07.10 18:43:48 INFO  no build target found for /Users/shreyashsature/Coding/JAVA-DSA-practice/L_LinkedList.java/LinkedList.java. Using fallback presentation compiler.
2026.07.10 18:43:48 INFO  no build target found for /Users/shreyashsature/Coding/JAVA-DSA-practice/L_LinkedList.java/LinkedList.java. Using fallback presentation compiler.
2026.07.10 18:43:49 INFO  no build target found for /Users/shreyashsature/Coding/JAVA-DSA-practice/L_LinkedList.java/LinkedList.java. Using fallback presentation compiler.
2026.07.10 18:43:49 INFO  no build target found for /Users/shreyashsature/Coding/JAVA-DSA-practice/L_LinkedList.java/LinkedList.java. Using fallback presentation compiler.
2026.07.10 18:43:49 INFO  no build target found for /Users/shreyashsature/Coding/JAVA-DSA-practice/L_LinkedList.java/LinkedList.java. Using fallback presentation compiler.
2026.07.10 18:43:49 INFO  no build target found for /Users/shreyashsature/Coding/JAVA-DSA-practice/L_LinkedList.java/LinkedList.java. Using fallback presentation compiler.
2026.07.10 18:43:50 WARN  Running javac-semanticdb failed for file:///Users/shreyashsature/Coding/JAVA-DSA-practice/L_LinkedList.java/LinkedList.java. Output:

2026.07.10 18:43:49 INFO  no build target found for /Users/shreyashsature/Coding/JAVA-DSA-practice/L_LinkedList.java/LinkedList.java. Using fallback presentation compiler.
2026.07.10 18:43:49 INFO  no build target found for /Users/shreyashsature/Coding/JAVA-DSA-practice/L_LinkedList.java/LinkedList.java. Using fallback presentation compiler.
2026.07.10 18:43:49 INFO  no build target found for /Users/shreyashsature/Coding/JAVA-DSA-practice/L_LinkedList.java/LinkedList.java. Using fallback presentation compiler.
2026.07.10 18:43:49 INFO  no build target found for /Users/shreyashsature/Coding/JAVA-DSA-practice/L_LinkedList.java/LinkedList.java. Using fallback presentation compiler.
2026.07.10 18:43:50 INFO  no build target found for /Users/shreyashsature/Coding/JAVA-DSA-practice/L_LinkedList.java/LinkedList.java. Using fallback presentation compiler.
2026.07.10 18:43:49 INFO  no build target found for /Users/shreyashsature/Coding/JAVA-DSA-practice/L_LinkedList.java/LinkedList.java. Using fallback presentation compiler.
2026.07.10 18:43:49 INFO  no build target found for /Users/shreyashsature/Coding/JAVA-DSA-practice/L_LinkedList.java/LinkedList.java. Using fallback presentation compiler.
2026.07.10 18:43:49 INFO  no build target found for /Users/shreyashsature/Coding/JAVA-DSA-practice/L_LinkedList.java/LinkedList.java. Using fallback presentation compiler.
2026.07.10 18:43:49 INFO  no build target found for /Users/shreyashsature/Coding/JAVA-DSA-practice/L_LinkedList.java/LinkedList.java. Using fallback presentation compiler.
2026.07.10 18:43:49 INFO  no build target found for /Users/shreyashsature/Coding/JAVA-DSA-practice/L_LinkedList.java/LinkedList.java. Using fallback presentation compiler.
2026.07.10 18:43:49 INFO  no build target found for /Users/shreyashsature/Coding/JAVA-DSA-practice/L_LinkedList.java/LinkedList.java. Using fallback presentation compiler.
2026.07.10 18:43:49 INFO  no build target found for /Users/shreyashsature/Coding/JAVA-DSA-practice/L_LinkedList.java/LinkedList.java. Using fallback presentation compiler.
2026.07.10 18:43:50 INFO  no build target found for /Users/shreyashsature/Coding/JAVA-DSA-practice/L_LinkedList.java/LinkedList.java. Using fallback presentation compiler.
2026.07.10 18:43:50 INFO  no build target found for /Users/shreyashsature/Coding/JAVA-DSA-practice/L_LinkedList.java/LinkedList.java. Using fallback presentation compiler.
2026.07.10 18:43:50 INFO  no build target found for /Users/shreyashsature/Coding/JAVA-DSA-practice/L_LinkedList.java/LinkedList.java. Using fallback presentation compiler.
2026.07.10 18:43:51 WARN  Running javac-semanticdb failed for file:///Users/shreyashsature/Coding/JAVA-DSA-practice/L_LinkedList.java/LinkedList.java. Output:

2026.07.10 18:43:51 INFO  no build target found for /Users/shreyashsature/Coding/JAVA-DSA-practice/L_LinkedList.java/LinkedList.java. Using fallback presentation compiler.
2026.07.10 18:43:50 INFO  no build target found for /Users/shreyashsature/Coding/JAVA-DSA-practice/L_LinkedList.java/LinkedList.java. Using fallback presentation compiler.
2026.07.10 18:43:50 INFO  no build target found for /Users/shreyashsature/Coding/JAVA-DSA-practice/L_LinkedList.java/LinkedList.java. Using fallback presentation compiler.
2026.07.10 18:43:50 INFO  no build target found for /Users/shreyashsature/Coding/JAVA-DSA-practice/L_LinkedList.java/LinkedList.java. Using fallback presentation compiler.
2026.07.10 18:43:50 INFO  no build target found for /Users/shreyashsature/Coding/JAVA-DSA-practice/L_LinkedList.java/LinkedList.java. Using fallback presentation compiler.
2026.07.10 18:43:51 INFO  no build target found for /Users/shreyashsature/Coding/JAVA-DSA-practice/L_LinkedList.java/LinkedList.java. Using fallback presentation compiler.
2026.07.10 18:43:50 INFO  no build target found for /Users/shreyashsature/Coding/JAVA-DSA-practice/L_LinkedList.java/LinkedList.java. Using fallback presentation compiler.
2026.07.10 18:43:50 INFO  no build target found for /Users/shreyashsature/Coding/JAVA-DSA-practice/L_LinkedList.java/LinkedList.java. Using fallback presentation compiler.
2026.07.10 18:43:50 INFO  no build target found for /Users/shreyashsature/Coding/JAVA-DSA-practice/L_LinkedList.java/LinkedList.java. Using fallback presentation compiler.
2026.07.10 18:43:50 INFO  no build target found for /Users/shreyashsature/Coding/JAVA-DSA-practice/L_LinkedList.java/LinkedList.java. Using fallback presentation compiler.
2026.07.10 18:43:51 INFO  no build target found for /Users/shreyashsature/Coding/JAVA-DSA-practice/L_LinkedList.java/LinkedList.java. Using fallback presentation compiler.
2026.07.10 18:43:51 INFO  no build target found for /Users/shreyashsature/Coding/JAVA-DSA-practice/L_LinkedList.java/LinkedList.java. Using fallback presentation compiler.
2026.07.10 18:43:51 WARN  Running javac-semanticdb failed for file:///Users/shreyashsature/Coding/JAVA-DSA-practice/L_LinkedList.java/LinkedList.java. Output:

2026.07.10 18:43:51 INFO  no build target found for /Users/shreyashsature/Coding/JAVA-DSA-practice/L_LinkedList.java/LinkedList.java. Using fallback presentation compiler.
2026.07.10 18:43:52 INFO  no build target found for /Users/shreyashsature/Coding/JAVA-DSA-practice/L_LinkedList.java/LinkedList.java. Using fallback presentation compiler.
2026.07.10 18:43:52 INFO  no build target found for /Users/shreyashsature/Coding/JAVA-DSA-practice/L_LinkedList.java/LinkedList.java. Using fallback presentation compiler.
2026.07.10 18:43:54 INFO  no build target found for /Users/shreyashsature/Coding/JAVA-DSA-practice/L_LinkedList.java/LinkedList.java. Using fallback presentation compiler.
2026.07.10 18:43:54 INFO  no build target found for /Users/shreyashsature/Coding/JAVA-DSA-practice/L_LinkedList.java/LinkedList.java. Using fallback presentation compiler.
2026.07.10 18:43:54 WARN  Running javac-semanticdb failed for file:///Users/shreyashsature/Coding/JAVA-DSA-practice/L_LinkedList.java/LinkedList.java. Output:

2026.07.10 18:43:54 INFO  no build target found for /Users/shreyashsature/Coding/JAVA-DSA-practice/L_LinkedList.java/LinkedList.java. Using fallback presentation compiler.
2026.07.10 18:43:54 INFO  no build target found for /Users/shreyashsature/Coding/JAVA-DSA-practice/L_LinkedList.java/LinkedList.java. Using fallback presentation compiler.
2026.07.10 18:43:55 INFO  no build target found for /Users/shreyashsature/Coding/JAVA-DSA-practice/L_LinkedList.java/LinkedList.java. Using fallback presentation compiler.
2026.07.10 18:43:55 INFO  no build target found for /Users/shreyashsature/Coding/JAVA-DSA-practice/L_LinkedList.java/LinkedList.java. Using fallback presentation compiler.
2026.07.10 18:43:55 INFO  no build target found for /Users/shreyashsature/Coding/JAVA-DSA-practice/L_LinkedList.java/LinkedList.java. Using fallback presentation compiler.
2026.07.10 18:43:55 INFO  no build target found for /Users/shreyashsature/Coding/JAVA-DSA-practice/L_LinkedList.java/LinkedList.java. Using fallback presentation compiler.
2026.07.10 18:43:56 WARN  Running javac-semanticdb failed for file:///Users/shreyashsature/Coding/JAVA-DSA-practice/L_LinkedList.java/LinkedList.java. Output:

2026.07.10 18:43:56 INFO  no build target found for /Users/shreyashsature/Coding/JAVA-DSA-practice/L_LinkedList.java/LinkedList.java. Using fallback presentation compiler.
2026.07.10 18:43:56 INFO  no build target found for /Users/shreyashsature/Coding/JAVA-DSA-practice/L_LinkedList.java/LinkedList.java. Using fallback presentation compiler.
2026.07.10 18:43:56 INFO  no build target found for /Users/shreyashsature/Coding/JAVA-DSA-practice/L_LinkedList.java/LinkedList.java. Using fallback presentation compiler.
2026.07.10 18:43:56 WARN  Running javac-semanticdb failed for file:///Users/shreyashsature/Coding/JAVA-DSA-practice/L_LinkedList.java/LinkedList.java. Output:

2026.07.10 18:43:56 INFO  no build target found for /Users/shreyashsature/Coding/JAVA-DSA-practice/L_LinkedList.java/LinkedList.java. Using fallback presentation compiler.
2026.07.10 18:43:56 INFO  no build target found for /Users/shreyashsature/Coding/JAVA-DSA-practice/L_LinkedList.java/LinkedList.java. Using fallback presentation compiler.
2026.07.10 18:43:56 INFO  no build target found for /Users/shreyashsature/Coding/JAVA-DSA-practice/L_LinkedList.java/LinkedList.java. Using fallback presentation compiler.
2026.07.10 18:43:56 WARN  Running javac-semanticdb failed for file:///Users/shreyashsature/Coding/JAVA-DSA-practice/L_LinkedList.java/LinkedList.java. Output:

2026.07.10 18:43:57 INFO  no build target found for /Users/shreyashsature/Coding/JAVA-DSA-practice/L_LinkedList.java/LinkedList.java. Using fallback presentation compiler.
2026.07.10 18:43:56 INFO  no build target found for /Users/shreyashsature/Coding/JAVA-DSA-practice/L_LinkedList.java/LinkedList.java. Using fallback presentation compiler.
2026.07.10 18:43:58 INFO  no build target found for /Users/shreyashsature/Coding/JAVA-DSA-practice/L_LinkedList.java/LinkedList.java. Using fallback presentation compiler.
2026.07.10 18:43:58 INFO  no build target found for /Users/shreyashsature/Coding/JAVA-DSA-practice/L_LinkedList.java/LinkedList.java. Using fallback presentation compiler.
2026.07.10 18:43:58 INFO  no build target found for /Users/shreyashsature/Coding/JAVA-DSA-practice/L_LinkedList.java/LinkedList.java. Using fallback presentation compiler.
2026.07.10 18:43:58 WARN  Running javac-semanticdb failed for file:///Users/shreyashsature/Coding/JAVA-DSA-practice/L_LinkedList.java/LinkedList.java. Output:

2026.07.10 18:43:58 INFO  no build target found for /Users/shreyashsature/Coding/JAVA-DSA-practice/L_LinkedList.java/LinkedList.java. Using fallback presentation compiler.
2026.07.10 18:44:00 INFO  no build target found for /Users/shreyashsature/Coding/JAVA-DSA-practice/L_LinkedList.java/LinkedList.java. Using fallback presentation compiler.
2026.07.10 18:44:00 INFO  no build target found for /Users/shreyashsature/Coding/JAVA-DSA-practice/L_LinkedList.java/LinkedList.java. Using fallback presentation compiler.
2026.07.10 18:44:00 INFO  no build target found for /Users/shreyashsature/Coding/JAVA-DSA-practice/L_LinkedList.java/LinkedList.java. Using fallback presentation compiler.
2026.07.10 18:44:01 INFO  no build target found for /Users/shreyashsature/Coding/JAVA-DSA-practice/L_LinkedList.java/LinkedList.java. Using fallback presentation compiler.
2026.07.10 18:44:00 INFO  no build target found for /Users/shreyashsature/Coding/JAVA-DSA-practice/L_LinkedList.java/LinkedList.java. Using fallback presentation compiler.
2026.07.10 18:44:01 INFO  no build target found for /Users/shreyashsature/Coding/JAVA-DSA-practice/L_LinkedList.java/LinkedList.java. Using fallback presentation compiler.
2026.07.10 18:44:00 INFO  no build target found for /Users/shreyashsature/Coding/JAVA-DSA-practice/L_LinkedList.java/LinkedList.java. Using fallback presentation compiler.
2026.07.10 18:44:01 WARN  Running javac-semanticdb failed for file:///Users/shreyashsature/Coding/JAVA-DSA-practice/L_LinkedList.java/LinkedList.java. Output:

2026.07.10 18:44:00 INFO  no build target found for /Users/shreyashsature/Coding/JAVA-DSA-practice/L_LinkedList.java/LinkedList.java. Using fallback presentation compiler.
2026.07.10 18:44:01 INFO  no build target found for /Users/shreyashsature/Coding/JAVA-DSA-practice/L_LinkedList.java/LinkedList.java. Using fallback presentation compiler.
2026.07.10 18:44:01 WARN  Running javac-semanticdb failed for file:///Users/shreyashsature/Coding/JAVA-DSA-practice/L_LinkedList.java/LinkedList.java. Output:

2026.07.10 18:44:01 INFO  no build target found for /Users/shreyashsature/Coding/JAVA-DSA-practice/L_LinkedList.java/LinkedList.java. Using fallback presentation compiler.
2026.07.10 18:44:01 INFO  no build target found for /Users/shreyashsature/Coding/JAVA-DSA-practice/L_LinkedList.java/LinkedList.java. Using fallback presentation compiler.
2026.07.10 18:44:01 INFO  no build target found for /Users/shreyashsature/Coding/JAVA-DSA-practice/L_LinkedList.java/LinkedList.java. Using fallback presentation compiler.
2026.07.10 18:44:01 WARN  Running javac-semanticdb failed for file:///Users/shreyashsature/Coding/JAVA-DSA-practice/L_LinkedList.java/LinkedList.java. Output:

2026.07.10 18:44:01 INFO  no build target found for /Users/shreyashsature/Coding/JAVA-DSA-practice/L_LinkedList.java/LinkedList.java. Using fallback presentation compiler.
2026.07.10 18:44:01 INFO  no build target found for /Users/shreyashsature/Coding/JAVA-DSA-practice/L_LinkedList.java/LinkedList.java. Using fallback presentation compiler.
2026.07.10 18:44:02 INFO  no build target found for /Users/shreyashsature/Coding/JAVA-DSA-practice/L_LinkedList.java/LinkedList.java. Using fallback presentation compiler.
2026.07.10 18:44:01 INFO  no build target found for /Users/shreyashsature/Coding/JAVA-DSA-practice/L_LinkedList.java/LinkedList.java. Using fallback presentation compiler.
2026.07.10 18:44:02 WARN  Running javac-semanticdb failed for file:///Users/shreyashsature/Coding/JAVA-DSA-practice/L_LinkedList.java/LinkedList.java. Output:

2026.07.10 18:44:02 INFO  no build target found for /Users/shreyashsature/Coding/JAVA-DSA-practice/L_LinkedList.java/LinkedList.java. Using fallback presentation compiler.
2026.07.10 18:44:02 INFO  no build target found for /Users/shreyashsature/Coding/JAVA-DSA-practice/L_LinkedList.java/LinkedList.java. Using fallback presentation compiler.
2026.07.10 18:44:03 WARN  Running javac-semanticdb failed for file:///Users/shreyashsature/Coding/JAVA-DSA-practice/L_LinkedList.java/LinkedList.java. Output:

2026.07.10 18:44:03 INFO  no build target found for /Users/shreyashsature/Coding/JAVA-DSA-practice/L_LinkedList.java/LinkedList.java. Using fallback presentation compiler.
2026.07.10 18:44:02 INFO  no build target found for /Users/shreyashsature/Coding/JAVA-DSA-practice/L_LinkedList.java/LinkedList.java. Using fallback presentation compiler.
2026.07.10 18:44:03 INFO  no build target found for /Users/shreyashsature/Coding/JAVA-DSA-practice/L_LinkedList.java/LinkedList.java. Using fallback presentation compiler.
2026.07.10 18:44:03 INFO  no build target found for /Users/shreyashsature/Coding/JAVA-DSA-practice/L_LinkedList.java/LinkedList.java. Using fallback presentation compiler.
2026.07.10 18:44:03 INFO  no build target found for /Users/shreyashsature/Coding/JAVA-DSA-practice/L_LinkedList.java/LinkedList.java. Using fallback presentation compiler.
2026.07.10 18:44:04 INFO  no build target found for /Users/shreyashsature/Coding/JAVA-DSA-practice/L_LinkedList.java/LinkedList.java. Using fallback presentation compiler.
2026.07.10 18:44:03 INFO  no build target found for /Users/shreyashsature/Coding/JAVA-DSA-practice/L_LinkedList.java/LinkedList.java. Using fallback presentation compiler.
2026.07.10 18:44:03 INFO  no build target found for /Users/shreyashsature/Coding/JAVA-DSA-practice/L_LinkedList.java/LinkedList.java. Using fallback presentation compiler.
2026.07.10 18:44:04 WARN  Running javac-semanticdb failed for file:///Users/shreyashsature/Coding/JAVA-DSA-practice/L_LinkedList.java/LinkedList.java. Output:

2026.07.10 18:44:04 INFO  no build target found for /Users/shreyashsature/Coding/JAVA-DSA-practice/L_LinkedList.java/LinkedList.java. Using fallback presentation compiler.
2026.07.10 18:44:03 INFO  no build target found for /Users/shreyashsature/Coding/JAVA-DSA-practice/L_LinkedList.java/LinkedList.java. Using fallback presentation compiler.
2026.07.10 18:44:05 INFO  no build target found for /Users/shreyashsature/Coding/JAVA-DSA-practice/L_LinkedList.java/LinkedList.java. Using fallback presentation compiler.
2026.07.10 18:44:08 INFO  no build target found for /Users/shreyashsature/Coding/JAVA-DSA-practice/L_LinkedList.java/LinkedList.java. Using fallback presentation compiler.
2026.07.10 18:44:08 INFO  no build target found for /Users/shreyashsature/Coding/JAVA-DSA-practice/L_LinkedList.java/LinkedList.java. Using fallback presentation compiler.
2026.07.10 18:44:08 INFO  no build target found for /Users/shreyashsature/Coding/JAVA-DSA-practice/L_LinkedList.java/LinkedList.java. Using fallback presentation compiler.
2026.07.10 18:44:08 INFO  no build target found for /Users/shreyashsature/Coding/JAVA-DSA-practice/L_LinkedList.java/LinkedList.java. Using fallback presentation compiler.
2026.07.10 18:44:08 INFO  no build target found for /Users/shreyashsature/Coding/JAVA-DSA-practice/L_LinkedList.java/LinkedList.java. Using fallback presentation compiler.
2026.07.10 18:44:08 INFO  no build target found for /Users/shreyashsature/Coding/JAVA-DSA-practice/L_LinkedList.java/LinkedList.java. Using fallback presentation compiler.
2026.07.10 18:44:08 INFO  no build target found for /Users/shreyashsature/Coding/JAVA-DSA-practice/L_LinkedList.java/LinkedList.java. Using fallback presentation compiler.
2026.07.10 18:44:09 WARN  Running javac-semanticdb failed for file:///Users/shreyashsature/Coding/JAVA-DSA-practice/L_LinkedList.java/LinkedList.java. Output:

2026.07.10 18:44:09 INFO  no build target found for /Users/shreyashsature/Coding/JAVA-DSA-practice/L_LinkedList.java/LinkedList.java. Using fallback presentation compiler.
2026.07.10 18:44:09 INFO  no build target found for /Users/shreyashsature/Coding/JAVA-DSA-practice/L_LinkedList.java/LinkedList.java. Using fallback presentation compiler.
2026.07.10 18:44:11 INFO  no build target found for /Users/shreyashsature/Coding/JAVA-DSA-practice/L_LinkedList.java/LinkedList.java. Using fallback presentation compiler.
2026.07.10 18:44:11 INFO  no build target found for /Users/shreyashsature/Coding/JAVA-DSA-practice/L_LinkedList.java/LinkedList.java. Using fallback presentation compiler.
2026.07.10 18:44:11 INFO  no build target found for /Users/shreyashsature/Coding/JAVA-DSA-practice/L_LinkedList.java/LinkedList.java. Using fallback presentation compiler.
2026.07.10 18:44:11 INFO  no build target found for /Users/shreyashsature/Coding/JAVA-DSA-practice/L_LinkedList.java/LinkedList.java. Using fallback presentation compiler.
2026.07.10 18:44:11 INFO  no build target found for /Users/shreyashsature/Coding/JAVA-DSA-practice/L_LinkedList.java/LinkedList.java. Using fallback presentation compiler.
2026.07.10 18:44:11 INFO  no build target found for /Users/shreyashsature/Coding/JAVA-DSA-practice/L_LinkedList.java/LinkedList.java. Using fallback presentation compiler.
2026.07.10 18:44:12 INFO  no build target found for /Users/shreyashsature/Coding/JAVA-DSA-practice/L_LinkedList.java/LinkedList.java. Using fallback presentation compiler.
2026.07.10 18:44:11 INFO  no build target found for /Users/shreyashsature/Coding/JAVA-DSA-practice/L_LinkedList.java/LinkedList.java. Using fallback presentation compiler.
2026.07.10 18:44:11 INFO  no build target found for /Users/shreyashsature/Coding/JAVA-DSA-practice/L_LinkedList.java/LinkedList.java. Using fallback presentation compiler.
2026.07.10 18:44:11 INFO  no build target found for /Users/shreyashsature/Coding/JAVA-DSA-practice/L_LinkedList.java/LinkedList.java. Using fallback presentation compiler.
2026.07.10 18:44:12 WARN  Running javac-semanticdb failed for file:///Users/shreyashsature/Coding/JAVA-DSA-practice/L_LinkedList.java/LinkedList.java. Output:

2026.07.10 18:44:12 INFO  no build target found for /Users/shreyashsature/Coding/JAVA-DSA-practice/L_LinkedList.java/LinkedList.java. Using fallback presentation compiler.
2026.07.10 18:44:13 INFO  no build target found for /Users/shreyashsature/Coding/JAVA-DSA-practice/L_LinkedList.java/LinkedList.java. Using fallback presentation compiler.
2026.07.10 18:44:13 INFO  no build target found for /Users/shreyashsature/Coding/JAVA-DSA-practice/L_LinkedList.java/LinkedList.java. Using fallback presentation compiler.
2026.07.10 18:44:13 INFO  no build target found for /Users/shreyashsature/Coding/JAVA-DSA-practice/L_LinkedList.java/LinkedList.java. Using fallback presentation compiler.
2026.07.10 18:44:13 INFO  no build target found for /Users/shreyashsature/Coding/JAVA-DSA-practice/L_LinkedList.java/LinkedList.java. Using fallback presentation compiler.
2026.07.10 18:44:13 WARN  Running javac-semanticdb failed for file:///Users/shreyashsature/Coding/JAVA-DSA-practice/L_LinkedList.java/LinkedList.java. Output:

2026.07.10 18:44:14 INFO  no build target found for /Users/shreyashsature/Coding/JAVA-DSA-practice/L_LinkedList.java/LinkedList.java. Using fallback presentation compiler.
2026.07.10 18:44:14 INFO  no build target found for /Users/shreyashsature/Coding/JAVA-DSA-practice/L_LinkedList.java/LinkedList.java. Using fallback presentation compiler.
2026.07.10 18:44:14 INFO  no build target found for /Users/shreyashsature/Coding/JAVA-DSA-practice/L_LinkedList.java/LinkedList.java. Using fallback presentation compiler.
2026.07.10 18:44:14 INFO  no build target found for /Users/shreyashsature/Coding/JAVA-DSA-practice/L_LinkedList.java/LinkedList.java. Using fallback presentation compiler.
2026.07.10 18:44:14 INFO  no build target found for /Users/shreyashsature/Coding/JAVA-DSA-practice/L_LinkedList.java/LinkedList.java. Using fallback presentation compiler.
2026.07.10 18:44:14 INFO  no build target found for /Users/shreyashsature/Coding/JAVA-DSA-practice/L_LinkedList.java/LinkedList.java. Using fallback presentation compiler.
2026.07.10 18:44:15 INFO  no build target found for /Users/shreyashsature/Coding/JAVA-DSA-practice/L_LinkedList.java/LinkedList.java. Using fallback presentation compiler.
2026.07.10 18:44:15 INFO  no build target found for /Users/shreyashsature/Coding/JAVA-DSA-practice/L_LinkedList.java/LinkedList.java. Using fallback presentation compiler.
2026.07.10 18:44:15 INFO  no build target found for /Users/shreyashsature/Coding/JAVA-DSA-practice/L_LinkedList.java/LinkedList.java. Using fallback presentation compiler.
2026.07.10 18:44:15 INFO  no build target found for /Users/shreyashsature/Coding/JAVA-DSA-practice/L_LinkedList.java/LinkedList.java. Using fallback presentation compiler.
2026.07.10 18:44:15 INFO  no build target found for /Users/shreyashsature/Coding/JAVA-DSA-practice/L_LinkedList.java/LinkedList.java. Using fallback presentation compiler.
2026.07.10 18:44:14 INFO  no build target found for /Users/shreyashsature/Coding/JAVA-DSA-practice/L_LinkedList.java/LinkedList.java. Using fallback presentation compiler.
2026.07.10 18:44:15 INFO  no build target found for /Users/shreyashsature/Coding/JAVA-DSA-practice/L_LinkedList.java/LinkedList.java. Using fallback presentation compiler.
2026.07.10 18:44:15 WARN  Running javac-semanticdb failed for file:///Users/shreyashsature/Coding/JAVA-DSA-practice/L_LinkedList.java/LinkedList.java. Output:

2026.07.10 18:44:16 INFO  no build target found for /Users/shreyashsature/Coding/JAVA-DSA-practice/L_LinkedList.java/LinkedList.java. Using fallback presentation compiler.
2026.07.10 18:44:16 INFO  no build target found for /Users/shreyashsature/Coding/JAVA-DSA-practice/L_LinkedList.java/LinkedList.java. Using fallback presentation compiler.
2026.07.10 18:44:16 INFO  no build target found for /Users/shreyashsature/Coding/JAVA-DSA-practice/L_LinkedList.java/LinkedList.java. Using fallback presentation compiler.
2026.07.10 18:44:16 INFO  no build target found for /Users/shreyashsature/Coding/JAVA-DSA-practice/L_LinkedList.java/LinkedList.java. Using fallback presentation compiler.
2026.07.10 18:44:16 INFO  no build target found for /Users/shreyashsature/Coding/JAVA-DSA-practice/L_LinkedList.java/LinkedList.java. Using fallback presentation compiler.
2026.07.10 18:44:16 WARN  Running javac-semanticdb failed for file:///Users/shreyashsature/Coding/JAVA-DSA-practice/L_LinkedList.java/LinkedList.java. Output:

2026.07.10 18:44:17 INFO  no build target found for /Users/shreyashsature/Coding/JAVA-DSA-practice/L_LinkedList.java/LinkedList.java. Using fallback presentation compiler.
2026.07.10 18:44:17 INFO  no build target found for /Users/shreyashsature/Coding/JAVA-DSA-practice/L_LinkedList.java/LinkedList.java. Using fallback presentation compiler.
2026.07.10 18:44:17 INFO  no build target found for /Users/shreyashsature/Coding/JAVA-DSA-practice/L_LinkedList.java/LinkedList.java. Using fallback presentation compiler.
2026.07.10 18:44:17 INFO  no build target found for /Users/shreyashsature/Coding/JAVA-DSA-practice/L_LinkedList.java/LinkedList.java. Using fallback presentation compiler.
2026.07.10 18:44:17 INFO  no build target found for /Users/shreyashsature/Coding/JAVA-DSA-practice/L_LinkedList.java/LinkedList.java. Using fallback presentation compiler.
2026.07.10 18:44:17 INFO  no build target found for /Users/shreyashsature/Coding/JAVA-DSA-practice/L_LinkedList.java/LinkedList.java. Using fallback presentation compiler.
2026.07.10 18:44:17 INFO  no build target found for /Users/shreyashsature/Coding/JAVA-DSA-practice/L_LinkedList.java/LinkedList.java. Using fallback presentation compiler.
2026.07.10 18:44:17 WARN  Running javac-semanticdb failed for file:///Users/shreyashsature/Coding/JAVA-DSA-practice/L_LinkedList.java/LinkedList.java. Output:

2026.07.10 18:44:17 INFO  no build target found for /Users/shreyashsature/Coding/JAVA-DSA-practice/L_LinkedList.java/LinkedList.java. Using fallback presentation compiler.
2026.07.10 18:44:18 INFO  no build target found for /Users/shreyashsature/Coding/JAVA-DSA-practice/L_LinkedList.java/LinkedList.java. Using fallback presentation compiler.
2026.07.10 18:44:18 INFO  no build target found for /Users/shreyashsature/Coding/JAVA-DSA-practice/L_LinkedList.java/LinkedList.java. Using fallback presentation compiler.
2026.07.10 18:44:17 WARN  Running javac-semanticdb failed for file:///Users/shreyashsature/Coding/JAVA-DSA-practice/L_LinkedList.java/LinkedList.java. Output:

2026.07.10 18:44:18 INFO  no build target found for /Users/shreyashsature/Coding/JAVA-DSA-practice/L_LinkedList.java/LinkedList.java. Using fallback presentation compiler.
2026.07.10 18:44:18 INFO  no build target found for /Users/shreyashsature/Coding/JAVA-DSA-practice/L_LinkedList.java/LinkedList.java. Using fallback presentation compiler.
2026.07.10 18:44:19 INFO  no build target found for /Users/shreyashsature/Coding/JAVA-DSA-practice/L_LinkedList.java/LinkedList.java. Using fallback presentation compiler.
2026.07.10 18:44:19 INFO  no build target found for /Users/shreyashsature/Coding/JAVA-DSA-practice/L_LinkedList.java/LinkedList.java. Using fallback presentation compiler.
2026.07.10 18:44:19 INFO  no build target found for /Users/shreyashsature/Coding/JAVA-DSA-practice/L_LinkedList.java/LinkedList.java. Using fallback presentation compiler.
2026.07.10 18:44:19 INFO  no build target found for /Users/shreyashsature/Coding/JAVA-DSA-practice/L_LinkedList.java/LinkedList.java. Using fallback presentation compiler.
2026.07.10 18:44:19 INFO  no build target found for /Users/shreyashsature/Coding/JAVA-DSA-practice/L_LinkedList.java/LinkedList.java. Using fallback presentation compiler.
2026.07.10 18:44:20 INFO  no build target found for /Users/shreyashsature/Coding/JAVA-DSA-practice/L_LinkedList.java/LinkedList.java. Using fallback presentation compiler.
2026.07.10 18:44:19 INFO  no build target found for /Users/shreyashsature/Coding/JAVA-DSA-practice/L_LinkedList.java/LinkedList.java. Using fallback presentation compiler.
2026.07.10 18:44:19 INFO  no build target found for /Users/shreyashsature/Coding/JAVA-DSA-practice/L_LinkedList.java/LinkedList.java. Using fallback presentation compiler.
2026.07.10 18:44:19 INFO  no build target found for /Users/shreyashsature/Coding/JAVA-DSA-practice/L_LinkedList.java/LinkedList.java. Using fallback presentation compiler.
2026.07.10 18:44:20 WARN  Running javac-semanticdb failed for file:///Users/shreyashsature/Coding/JAVA-DSA-practice/L_LinkedList.java/LinkedList.java. Output:

2026.07.10 18:44:20 INFO  no build target found for /Users/shreyashsature/Coding/JAVA-DSA-practice/L_LinkedList.java/LinkedList.java. Using fallback presentation compiler.
2026.07.10 18:44:21 INFO  no build target found for /Users/shreyashsature/Coding/JAVA-DSA-practice/L_LinkedList.java/LinkedList.java. Using fallback presentation compiler.
2026.07.10 18:44:21 INFO  no build target found for /Users/shreyashsature/Coding/JAVA-DSA-practice/L_LinkedList.java/LinkedList.java. Using fallback presentation compiler.
2026.07.10 18:44:21 INFO  no build target found for /Users/shreyashsature/Coding/JAVA-DSA-practice/L_LinkedList.java/LinkedList.java. Using fallback presentation compiler.
2026.07.10 18:44:21 INFO  no build target found for /Users/shreyashsature/Coding/JAVA-DSA-practice/L_LinkedList.java/LinkedList.java. Using fallback presentation compiler.
2026.07.10 18:44:21 WARN  Running javac-semanticdb failed for file:///Users/shreyashsature/Coding/JAVA-DSA-practice/L_LinkedList.java/LinkedList.java. Output:

2026.07.10 18:44:21 INFO  no build target found for /Users/shreyashsature/Coding/JAVA-DSA-practice/L_LinkedList.java/LinkedList.java. Using fallback presentation compiler.
2026.07.10 18:44:22 INFO  no build target found for /Users/shreyashsature/Coding/JAVA-DSA-practice/L_LinkedList.java/LinkedList.java. Using fallback presentation compiler.
2026.07.10 18:44:22 INFO  no build target found for /Users/shreyashsature/Coding/JAVA-DSA-practice/L_LinkedList.java/LinkedList.java. Using fallback presentation compiler.
2026.07.10 18:44:22 INFO  no build target found for /Users/shreyashsature/Coding/JAVA-DSA-practice/L_LinkedList.java/LinkedList.java. Using fallback presentation compiler.
2026.07.10 18:44:23 WARN  Running javac-semanticdb failed for file:///Users/shreyashsature/Coding/JAVA-DSA-practice/L_LinkedList.java/LinkedList.java. Output:

2026.07.10 18:44:23 INFO  no build target found for /Users/shreyashsature/Coding/JAVA-DSA-practice/L_LinkedList.java/LinkedList.java. Using fallback presentation compiler.
2026.07.10 18:44:23 INFO  no build target found for /Users/shreyashsature/Coding/JAVA-DSA-practice/L_LinkedList.java/LinkedList.java. Using fallback presentation compiler.
2026.07.10 18:44:23 INFO  no build target found for /Users/shreyashsature/Coding/JAVA-DSA-practice/L_LinkedList.java/LinkedList.java. Using fallback presentation compiler.
2026.07.10 18:44:26 INFO  no build target found for /Users/shreyashsature/Coding/JAVA-DSA-practice/L_LinkedList.java/LinkedList.java. Using fallback presentation compiler.
2026.07.10 18:44:26 INFO  no build target found for /Users/shreyashsature/Coding/JAVA-DSA-practice/L_LinkedList.java/LinkedList.java. Using fallback presentation compiler.
2026.07.10 18:44:26 INFO  no build target found for /Users/shreyashsature/Coding/JAVA-DSA-practice/L_LinkedList.java/LinkedList.java. Using fallback presentation compiler.
2026.07.10 18:44:27 INFO  no build target found for /Users/shreyashsature/Coding/JAVA-DSA-practice/L_LinkedList.java/LinkedList.java. Using fallback presentation compiler.
2026.07.10 18:44:26 INFO  no build target found for /Users/shreyashsature/Coding/JAVA-DSA-practice/L_LinkedList.java/LinkedList.java. Using fallback presentation compiler.
2026.07.10 18:44:27 WARN  Running javac-semanticdb failed for file:///Users/shreyashsature/Coding/JAVA-DSA-practice/L_LinkedList.java/LinkedList.java. Output:

2026.07.10 18:44:26 INFO  no build target found for /Users/shreyashsature/Coding/JAVA-DSA-practice/L_LinkedList.java/LinkedList.java. Using fallback presentation compiler.
2026.07.10 18:44:26 INFO  no build target found for /Users/shreyashsature/Coding/JAVA-DSA-practice/L_LinkedList.java/LinkedList.java. Using fallback presentation compiler.
2026.07.10 18:44:27 WARN  Running javac-semanticdb failed for file:///Users/shreyashsature/Coding/JAVA-DSA-practice/L_LinkedList.java/LinkedList.java. Output:

2026.07.10 18:44:27 INFO  no build target found for /Users/shreyashsature/Coding/JAVA-DSA-practice/L_LinkedList.java/LinkedList.java. Using fallback presentation compiler.
2026.07.10 18:44:28 INFO  no build target found for /Users/shreyashsature/Coding/JAVA-DSA-practice/L_LinkedList.java/LinkedList.java. Using fallback presentation compiler.
2026.07.10 18:44:27 INFO  no build target found for /Users/shreyashsature/Coding/JAVA-DSA-practice/L_LinkedList.java/LinkedList.java. Using fallback presentation compiler.
2026.07.10 18:44:28 INFO  no build target found for /Users/shreyashsature/Coding/JAVA-DSA-practice/L_LinkedList.java/LinkedList.java. Using fallback presentation compiler.
2026.07.10 18:44:28 INFO  no build target found for /Users/shreyashsature/Coding/JAVA-DSA-practice/L_LinkedList.java/LinkedList.java. Using fallback presentation compiler.
2026.07.10 18:44:28 INFO  no build target found for /Users/shreyashsature/Coding/JAVA-DSA-practice/L_LinkedList.java/LinkedList.java. Using fallback presentation compiler.
2026.07.10 18:44:28 INFO  no build target found for /Users/shreyashsature/Coding/JAVA-DSA-practice/L_LinkedList.java/LinkedList.java. Using fallback presentation compiler.
2026.07.10 18:44:28 INFO  no build target found for /Users/shreyashsature/Coding/JAVA-DSA-practice/L_LinkedList.java/LinkedList.java. Using fallback presentation compiler.
2026.07.10 18:44:29 WARN  Running javac-semanticdb failed for file:///Users/shreyashsature/Coding/JAVA-DSA-practice/L_LinkedList.java/LinkedList.java. Output:

2026.07.10 18:44:29 INFO  no build target found for /Users/shreyashsature/Coding/JAVA-DSA-practice/L_LinkedList.java/LinkedList.java. Using fallback presentation compiler.
2026.07.10 18:44:29 INFO  no build target found for /Users/shreyashsature/Coding/JAVA-DSA-practice/L_LinkedList.java/LinkedList.java. Using fallback presentation compiler.
2026.07.10 18:44:29 INFO  no build target found for /Users/shreyashsature/Coding/JAVA-DSA-practice/L_LinkedList.java/LinkedList.java. Using fallback presentation compiler.
2026.07.10 18:44:29 INFO  no build target found for /Users/shreyashsature/Coding/JAVA-DSA-practice/L_LinkedList.java/LinkedList.java. Using fallback presentation compiler.
2026.07.10 18:44:29 INFO  no build target found for /Users/shreyashsature/Coding/JAVA-DSA-practice/L_LinkedList.java/LinkedList.java. Using fallback presentation compiler.
2026.07.10 18:44:29 WARN  Running javac-semanticdb failed for file:///Users/shreyashsature/Coding/JAVA-DSA-practice/L_LinkedList.java/LinkedList.java. Output:

2026.07.10 18:44:29 INFO  no build target found for /Users/shreyashsature/Coding/JAVA-DSA-practice/L_LinkedList.java/LinkedList.java. Using fallback presentation compiler.
2026.07.10 18:44:29 INFO  no build target found for /Users/shreyashsature/Coding/JAVA-DSA-practice/L_LinkedList.java/LinkedList.java. Using fallback presentation compiler.
2026.07.10 18:44:30 WARN  Running javac-semanticdb failed for file:///Users/shreyashsature/Coding/JAVA-DSA-practice/L_LinkedList.java/LinkedList.java. Output:

2026.07.10 18:44:30 INFO  no build target found for /Users/shreyashsature/Coding/JAVA-DSA-practice/L_LinkedList.java/LinkedList.java. Using fallback presentation compiler.
2026.07.10 18:44:30 INFO  no build target found for /Users/shreyashsature/Coding/JAVA-DSA-practice/L_LinkedList.java/LinkedList.java. Using fallback presentation compiler.
2026.07.10 18:44:30 INFO  no build target found for /Users/shreyashsature/Coding/JAVA-DSA-practice/L_LinkedList.java/LinkedList.java. Using fallback presentation compiler.
2026.07.10 18:44:30 INFO  no build target found for /Users/shreyashsature/Coding/JAVA-DSA-practice/L_LinkedList.java/LinkedList.java. Using fallback presentation compiler.
2026.07.10 18:44:30 WARN  Running javac-semanticdb failed for file:///Users/shreyashsature/Coding/JAVA-DSA-practice/L_LinkedList.java/LinkedList.java. Output:

2026.07.10 18:44:30 INFO  no build target found for /Users/shreyashsature/Coding/JAVA-DSA-practice/L_LinkedList.java/LinkedList.java. Using fallback presentation compiler.
2026.07.10 18:44:30 INFO  no build target found for /Users/shreyashsature/Coding/JAVA-DSA-practice/L_LinkedList.java/LinkedList.java. Using fallback presentation compiler.
2026.07.10 18:44:31 INFO  no build target found for /Users/shreyashsature/Coding/JAVA-DSA-practice/L_LinkedList.java/LinkedList.java. Using fallback presentation compiler.
2026.07.10 18:44:31 WARN  Running javac-semanticdb failed for file:///Users/shreyashsature/Coding/JAVA-DSA-practice/L_LinkedList.java/LinkedList.java. Output:

2026.07.10 18:44:31 INFO  no build target found for /Users/shreyashsature/Coding/JAVA-DSA-practice/L_LinkedList.java/LinkedList.java. Using fallback presentation compiler.
2026.07.10 18:44:31 INFO  no build target found for /Users/shreyashsature/Coding/JAVA-DSA-practice/L_LinkedList.java/LinkedList.java. Using fallback presentation compiler.
2026.07.10 18:44:31 INFO  no build target found for /Users/shreyashsature/Coding/JAVA-DSA-practice/L_LinkedList.java/LinkedList.java. Using fallback presentation compiler.
2026.07.10 18:44:31 INFO  no build target found for /Users/shreyashsature/Coding/JAVA-DSA-practice/L_LinkedList.java/LinkedList.java. Using fallback presentation compiler.
2026.07.10 18:44:32 INFO  no build target found for /Users/shreyashsature/Coding/JAVA-DSA-practice/L_LinkedList.java/LinkedList.java. Using fallback presentation compiler.
2026.07.10 18:44:31 INFO  no build target found for /Users/shreyashsature/Coding/JAVA-DSA-practice/L_LinkedList.java/LinkedList.java. Using fallback presentation compiler.
2026.07.10 18:44:31 INFO  no build target found for /Users/shreyashsature/Coding/JAVA-DSA-practice/L_LinkedList.java/LinkedList.java. Using fallback presentation compiler.
2026.07.10 18:44:32 WARN  Running javac-semanticdb failed for file:///Users/shreyashsature/Coding/JAVA-DSA-practice/L_LinkedList.java/LinkedList.java. Output:

2026.07.10 18:44:32 INFO  no build target found for /Users/shreyashsature/Coding/JAVA-DSA-practice/L_LinkedList.java/LinkedList.java. Using fallback presentation compiler.
2026.07.10 18:44:33 INFO  no build target found for /Users/shreyashsature/Coding/JAVA-DSA-practice/L_LinkedList.java/LinkedList.java. Using fallback presentation compiler.
2026.07.10 18:44:33 INFO  no build target found for /Users/shreyashsature/Coding/JAVA-DSA-practice/L_LinkedList.java/LinkedList.java. Using fallback presentation compiler.
2026.07.10 18:44:33 INFO  no build target found for /Users/shreyashsature/Coding/JAVA-DSA-practice/L_LinkedList.java/LinkedList.java. Using fallback presentation compiler.
2026.07.10 18:44:33 INFO  no build target found for /Users/shreyashsature/Coding/JAVA-DSA-practice/L_LinkedList.java/LinkedList.java. Using fallback presentation compiler.
2026.07.10 18:44:33 INFO  no build target found for /Users/shreyashsature/Coding/JAVA-DSA-practice/L_LinkedList.java/LinkedList.java. Using fallback presentation compiler.
2026.07.10 18:44:33 INFO  no build target found for /Users/shreyashsature/Coding/JAVA-DSA-practice/L_LinkedList.java/LinkedList.java. Using fallback presentation compiler.
2026.07.10 18:44:33 INFO  no build target found for /Users/shreyashsature/Coding/JAVA-DSA-practice/L_LinkedList.java/LinkedList.java. Using fallback presentation compiler.
2026.07.10 18:44:33 WARN  Running javac-semanticdb failed for file:///Users/shreyashsature/Coding/JAVA-DSA-practice/L_LinkedList.java/LinkedList.java. Output:

2026.07.10 18:44:33 INFO  no build target found for /Users/shreyashsature/Coding/JAVA-DSA-practice/L_LinkedList.java/LinkedList.java. Using fallback presentation compiler.
2026.07.10 18:44:34 INFO  no build target found for /Users/shreyashsature/Coding/JAVA-DSA-practice/L_LinkedList.java/LinkedList.java. Using fallback presentation compiler.
2026.07.10 18:44:34 INFO  no build target found for /Users/shreyashsature/Coding/JAVA-DSA-practice/L_LinkedList.java/LinkedList.java. Using fallback presentation compiler.
2026.07.10 18:44:34 INFO  no build target found for /Users/shreyashsature/Coding/JAVA-DSA-practice/L_LinkedList.java/LinkedList.java. Using fallback presentation compiler.
2026.07.10 18:44:34 INFO  no build target found for /Users/shreyashsature/Coding/JAVA-DSA-practice/L_LinkedList.java/LinkedList.java. Using fallback presentation compiler.
2026.07.10 18:44:34 WARN  Running javac-semanticdb failed for file:///Users/shreyashsature/Coding/JAVA-DSA-practice/L_LinkedList.java/LinkedList.java. Output:

2026.07.10 18:44:35 INFO  no build target found for /Users/shreyashsature/Coding/JAVA-DSA-practice/L_LinkedList.java/LinkedList.java. Using fallback presentation compiler.
2026.07.10 18:44:35 INFO  no build target found for /Users/shreyashsature/Coding/JAVA-DSA-practice/L_LinkedList.java/LinkedList.java. Using fallback presentation compiler.
2026.07.10 18:44:35 INFO  no build target found for /Users/shreyashsature/Coding/JAVA-DSA-practice/L_LinkedList.java/LinkedList.java. Using fallback presentation compiler.
2026.07.10 18:44:35 INFO  no build target found for /Users/shreyashsature/Coding/JAVA-DSA-practice/L_LinkedList.java/LinkedList.java. Using fallback presentation compiler.
2026.07.10 18:44:36 WARN  Running javac-semanticdb failed for file:///Users/shreyashsature/Coding/JAVA-DSA-practice/L_LinkedList.java/LinkedList.java. Output:

2026.07.10 18:44:36 INFO  no build target found for /Users/shreyashsature/Coding/JAVA-DSA-practice/L_LinkedList.java/LinkedList.java. Using fallback presentation compiler.
2026.07.10 18:44:36 INFO  no build target found for /Users/shreyashsature/Coding/JAVA-DSA-practice/L_LinkedList.java/LinkedList.java. Using fallback presentation compiler.
2026.07.10 18:44:36 INFO  no build target found for /Users/shreyashsature/Coding/JAVA-DSA-practice/L_LinkedList.java/LinkedList.java. Using fallback presentation compiler.
2026.07.10 18:44:36 WARN  Running javac-semanticdb failed for file:///Users/shreyashsature/Coding/JAVA-DSA-practice/L_LinkedList.java/LinkedList.java. Output:

2026.07.10 18:44:36 INFO  no build target found for /Users/shreyashsature/Coding/JAVA-DSA-practice/L_LinkedList.java/LinkedList.java. Using fallback presentation compiler.
2026.07.10 18:44:36 INFO  no build target found for /Users/shreyashsature/Coding/JAVA-DSA-practice/L_LinkedList.java/LinkedList.java. Using fallback presentation compiler.
2026.07.10 18:44:36 INFO  no build target found for /Users/shreyashsature/Coding/JAVA-DSA-practice/L_LinkedList.java/LinkedList.java. Using fallback presentation compiler.
2026.07.10 18:44:36 INFO  no build target found for /Users/shreyashsature/Coding/JAVA-DSA-practice/L_LinkedList.java/LinkedList.java. Using fallback presentation compiler.
2026.07.10 18:44:36 INFO  no build target found for /Users/shreyashsature/Coding/JAVA-DSA-practice/L_LinkedList.java/LinkedList.java. Using fallback presentation compiler.
2026.07.10 18:44:36 INFO  no build target found for /Users/shreyashsature/Coding/JAVA-DSA-practice/L_LinkedList.java/LinkedList.java. Using fallback presentation compiler.
2026.07.10 18:44:36 INFO  no build target found for /Users/shreyashsature/Coding/JAVA-DSA-practice/L_LinkedList.java/LinkedList.java. Using fallback presentation compiler.
2026.07.10 18:44:36 INFO  no build target found for /Users/shreyashsature/Coding/JAVA-DSA-practice/L_LinkedList.java/LinkedList.java. Using fallback presentation compiler.
2026.07.10 18:44:36 WARN  Running javac-semanticdb failed for file:///Users/shreyashsature/Coding/JAVA-DSA-practice/L_LinkedList.java/LinkedList.java. Output:

2026.07.10 18:44:37 INFO  no build target found for /Users/shreyashsature/Coding/JAVA-DSA-practice/L_LinkedList.java/LinkedList.java. Using fallback presentation compiler.
2026.07.10 18:44:37 INFO  no build target found for /Users/shreyashsature/Coding/JAVA-DSA-practice/L_LinkedList.java/LinkedList.java. Using fallback presentation compiler.
2026.07.10 18:44:37 INFO  no build target found for /Users/shreyashsature/Coding/JAVA-DSA-practice/L_LinkedList.java/LinkedList.java. Using fallback presentation compiler.
2026.07.10 18:44:38 INFO  no build target found for /Users/shreyashsature/Coding/JAVA-DSA-practice/L_LinkedList.java/LinkedList.java. Using fallback presentation compiler.
2026.07.10 18:44:37 INFO  no build target found for /Users/shreyashsature/Coding/JAVA-DSA-practice/L_LinkedList.java/LinkedList.java. Using fallback presentation compiler.
2026.07.10 18:44:37 INFO  no build target found for /Users/shreyashsature/Coding/JAVA-DSA-practice/L_LinkedList.java/LinkedList.java. Using fallback presentation compiler.
2026.07.10 18:44:37 WARN  Running javac-semanticdb failed for file:///Users/shreyashsature/Coding/JAVA-DSA-practice/L_LinkedList.java/LinkedList.java. Output:

2026.07.10 18:44:38 INFO  no build target found for /Users/shreyashsature/Coding/JAVA-DSA-practice/L_LinkedList.java/LinkedList.java. Using fallback presentation compiler.
2026.07.10 18:44:37 INFO  no build target found for /Users/shreyashsature/Coding/JAVA-DSA-practice/L_LinkedList.java/LinkedList.java. Using fallback presentation compiler.
2026.07.10 18:44:39 INFO  no build target found for /Users/shreyashsature/Coding/JAVA-DSA-practice/L_LinkedList.java/LinkedList.java. Using fallback presentation compiler.
2026.07.10 18:44:39 INFO  no build target found for /Users/shreyashsature/Coding/JAVA-DSA-practice/L_LinkedList.java/LinkedList.java. Using fallback presentation compiler.
2026.07.10 18:44:39 INFO  no build target found for /Users/shreyashsature/Coding/JAVA-DSA-practice/L_LinkedList.java/LinkedList.java. Using fallback presentation compiler.
2026.07.10 18:44:39 WARN  Running javac-semanticdb failed for file:///Users/shreyashsature/Coding/JAVA-DSA-practice/L_LinkedList.java/LinkedList.java. Output:

2026.07.10 18:44:39 INFO  no build target found for /Users/shreyashsature/Coding/JAVA-DSA-practice/L_LinkedList.java/LinkedList.java. Using fallback presentation compiler.
2026.07.10 18:44:40 INFO  no build target found for /Users/shreyashsature/Coding/JAVA-DSA-practice/L_LinkedList.java/LinkedList.java. Using fallback presentation compiler.
2026.07.10 18:44:40 INFO  no build target found for /Users/shreyashsature/Coding/JAVA-DSA-practice/L_LinkedList.java/LinkedList.java. Using fallback presentation compiler.
2026.07.10 18:44:40 INFO  no build target found for /Users/shreyashsature/Coding/JAVA-DSA-practice/L_LinkedList.java/LinkedList.java. Using fallback presentation compiler.
2026.07.10 18:44:40 INFO  no build target found for /Users/shreyashsature/Coding/JAVA-DSA-practice/L_LinkedList.java/LinkedList.java. Using fallback presentation compiler.
2026.07.10 18:44:40 INFO  no build target found for /Users/shreyashsature/Coding/JAVA-DSA-practice/L_LinkedList.java/LinkedList.java. Using fallback presentation compiler.
2026.07.10 18:44:40 INFO  no build target found for /Users/shreyashsature/Coding/JAVA-DSA-practice/L_LinkedList.java/LinkedList.java. Using fallback presentation compiler.
2026.07.10 18:44:41 WARN  Running javac-semanticdb failed for file:///Users/shreyashsature/Coding/JAVA-DSA-practice/L_LinkedList.java/LinkedList.java. Output:

2026.07.10 18:44:41 INFO  no build target found for /Users/shreyashsature/Coding/JAVA-DSA-practice/L_LinkedList.java/LinkedList.java. Using fallback presentation compiler.
2026.07.10 18:44:41 INFO  no build target found for /Users/shreyashsature/Coding/JAVA-DSA-practice/L_LinkedList.java/LinkedList.java. Using fallback presentation compiler.
2026.07.10 18:44:41 INFO  no build target found for /Users/shreyashsature/Coding/JAVA-DSA-practice/L_LinkedList.java/LinkedList.java. Using fallback presentation compiler.
2026.07.10 18:44:41 INFO  no build target found for /Users/shreyashsature/Coding/JAVA-DSA-practice/L_LinkedList.java/LinkedList.java. Using fallback presentation compiler.
2026.07.10 18:44:41 WARN  Running javac-semanticdb failed for file:///Users/shreyashsature/Coding/JAVA-DSA-practice/L_LinkedList.java/LinkedList.java. Output:

2026.07.10 18:44:41 INFO  no build target found for /Users/shreyashsature/Coding/JAVA-DSA-practice/L_LinkedList.java/LinkedList.java. Using fallback presentation compiler.
2026.07.10 18:44:41 INFO  no build target found for /Users/shreyashsature/Coding/JAVA-DSA-practice/L_LinkedList.java/LinkedList.java. Using fallback presentation compiler.
2026.07.10 18:44:41 INFO  no build target found for /Users/shreyashsature/Coding/JAVA-DSA-practice/L_LinkedList.java/LinkedList.java. Using fallback presentation compiler.
2026.07.10 18:44:42 INFO  no build target found for /Users/shreyashsature/Coding/JAVA-DSA-practice/L_LinkedList.java/LinkedList.java. Using fallback presentation compiler.
2026.07.10 18:44:42 INFO  no build target found for /Users/shreyashsature/Coding/JAVA-DSA-practice/L_LinkedList.java/LinkedList.java. Using fallback presentation compiler.
2026.07.10 18:44:42 INFO  no build target found for /Users/shreyashsature/Coding/JAVA-DSA-practice/L_LinkedList.java/LinkedList.java. Using fallback presentation compiler.
2026.07.10 18:44:43 WARN  Running javac-semanticdb failed for file:///Users/shreyashsature/Coding/JAVA-DSA-practice/L_LinkedList.java/LinkedList.java. Output:

2026.07.10 18:44:43 INFO  no build target found for /Users/shreyashsature/Coding/JAVA-DSA-practice/L_LinkedList.java/LinkedList.java. Using fallback presentation compiler.
2026.07.10 18:44:42 INFO  no build target found for /Users/shreyashsature/Coding/JAVA-DSA-practice/L_LinkedList.java/LinkedList.java. Using fallback presentation compiler.
2026.07.10 18:44:42 INFO  no build target found for /Users/shreyashsature/Coding/JAVA-DSA-practice/L_LinkedList.java/LinkedList.java. Using fallback presentation compiler.
2026.07.10 18:44:42 INFO  no build target found for /Users/shreyashsature/Coding/JAVA-DSA-practice/L_LinkedList.java/LinkedList.java. Using fallback presentation compiler.
2026.07.10 18:44:43 WARN  Running javac-semanticdb failed for file:///Users/shreyashsature/Coding/JAVA-DSA-practice/L_LinkedList.java/LinkedList.java. Output:

2026.07.10 18:44:43 INFO  no build target found for /Users/shreyashsature/Coding/JAVA-DSA-practice/L_LinkedList.java/LinkedList.java. Using fallback presentation compiler.
2026.07.10 18:44:42 INFO  no build target found for /Users/shreyashsature/Coding/JAVA-DSA-practice/L_LinkedList.java/LinkedList.java. Using fallback presentation compiler.
2026.07.10 18:44:44 INFO  no build target found for /Users/shreyashsature/Coding/JAVA-DSA-practice/L_LinkedList.java/LinkedList.java. Using fallback presentation compiler.
2026.07.10 18:44:44 INFO  no build target found for /Users/shreyashsature/Coding/JAVA-DSA-practice/L_LinkedList.java/LinkedList.java. Using fallback presentation compiler.
2026.07.10 18:44:43 INFO  no build target found for /Users/shreyashsature/Coding/JAVA-DSA-practice/L_LinkedList.java/LinkedList.java. Using fallback presentation compiler.
2026.07.10 18:44:44 INFO  no build target found for /Users/shreyashsature/Coding/JAVA-DSA-practice/L_LinkedList.java/LinkedList.java. Using fallback presentation compiler.
2026.07.10 18:44:44 INFO  no build target found for /Users/shreyashsature/Coding/JAVA-DSA-practice/L_LinkedList.java/LinkedList.java. Using fallback presentation compiler.
2026.07.10 18:44:44 WARN  Running javac-semanticdb failed for file:///Users/shreyashsature/Coding/JAVA-DSA-practice/L_LinkedList.java/LinkedList.java. Output:

2026.07.10 18:44:44 INFO  no build target found for /Users/shreyashsature/Coding/JAVA-DSA-practice/L_LinkedList.java/LinkedList.java. Using fallback presentation compiler.
2026.07.10 18:44:44 INFO  no build target found for /Users/shreyashsature/Coding/JAVA-DSA-practice/L_LinkedList.java/LinkedList.java. Using fallback presentation compiler.
2026.07.10 18:44:44 INFO  no build target found for /Users/shreyashsature/Coding/JAVA-DSA-practice/L_LinkedList.java/LinkedList.java. Using fallback presentation compiler.
2026.07.10 18:44:44 WARN  Running javac-semanticdb failed for file:///Users/shreyashsature/Coding/JAVA-DSA-practice/L_LinkedList.java/LinkedList.java. Output:

2026.07.10 18:44:44 INFO  no build target found for /Users/shreyashsature/Coding/JAVA-DSA-practice/L_LinkedList.java/LinkedList.java. Using fallback presentation compiler.
2026.07.10 18:44:45 INFO  no build target found for /Users/shreyashsature/Coding/JAVA-DSA-practice/L_LinkedList.java/LinkedList.java. Using fallback presentation compiler.
2026.07.10 18:44:45 INFO  no build target found for /Users/shreyashsature/Coding/JAVA-DSA-practice/L_LinkedList.java/LinkedList.java. Using fallback presentation compiler.
2026.07.10 18:44:45 INFO  no build target found for /Users/shreyashsature/Coding/JAVA-DSA-practice/L_LinkedList.java/LinkedList.java. Using fallback presentation compiler.
2026.07.10 18:44:45 INFO  no build target found for /Users/shreyashsature/Coding/JAVA-DSA-practice/L_LinkedList.java/LinkedList.java. Using fallback presentation compiler.
2026.07.10 18:44:45 INFO  no build target found for /Users/shreyashsature/Coding/JAVA-DSA-practice/L_LinkedList.java/LinkedList.java. Using fallback presentation compiler.
2026.07.10 18:44:45 WARN  Running javac-semanticdb failed for file:///Users/shreyashsature/Coding/JAVA-DSA-practice/L_LinkedList.java/LinkedList.java. Output:

2026.07.10 18:44:45 INFO  no build target found for /Users/shreyashsature/Coding/JAVA-DSA-practice/L_LinkedList.java/LinkedList.java. Using fallback presentation compiler.
2026.07.10 18:44:45 INFO  no build target found for /Users/shreyashsature/Coding/JAVA-DSA-practice/L_LinkedList.java/LinkedList.java. Using fallback presentation compiler.
2026.07.10 18:44:46 WARN  Running javac-semanticdb failed for file:///Users/shreyashsature/Coding/JAVA-DSA-practice/L_LinkedList.java/LinkedList.java. Output:

2026.07.10 18:44:46 INFO  no build target found for /Users/shreyashsature/Coding/JAVA-DSA-practice/L_LinkedList.java/LinkedList.java. Using fallback presentation compiler.
2026.07.10 18:44:45 INFO  no build target found for /Users/shreyashsature/Coding/JAVA-DSA-practice/L_LinkedList.java/LinkedList.java. Using fallback presentation compiler.
2026.07.10 18:44:46 INFO  no build target found for /Users/shreyashsature/Coding/JAVA-DSA-practice/L_LinkedList.java/LinkedList.java. Using fallback presentation compiler.
2026.07.10 18:44:46 INFO  no build target found for /Users/shreyashsature/Coding/JAVA-DSA-practice/L_LinkedList.java/LinkedList.java. Using fallback presentation compiler.
2026.07.10 18:44:46 INFO  no build target found for /Users/shreyashsature/Coding/JAVA-DSA-practice/L_LinkedList.java/LinkedList.java. Using fallback presentation compiler.
2026.07.10 18:44:46 WARN  Running javac-semanticdb failed for file:///Users/shreyashsature/Coding/JAVA-DSA-practice/L_LinkedList.java/LinkedList.java. Output:

2026.07.10 18:44:46 INFO  no build target found for /Users/shreyashsature/Coding/JAVA-DSA-practice/L_LinkedList.java/LinkedList.java. Using fallback presentation compiler.
2026.07.10 18:44:46 INFO  no build target found for /Users/shreyashsature/Coding/JAVA-DSA-practice/L_LinkedList.java/LinkedList.java. Using fallback presentation compiler.
2026.07.10 18:44:46 WARN  Running javac-semanticdb failed for file:///Users/shreyashsature/Coding/JAVA-DSA-practice/L_LinkedList.java/LinkedList.java. Output:

2026.07.10 18:44:46 INFO  no build target found for /Users/shreyashsature/Coding/JAVA-DSA-practice/L_LinkedList.java/LinkedList.java. Using fallback presentation compiler.
2026.07.10 18:44:46 INFO  no build target found for /Users/shreyashsature/Coding/JAVA-DSA-practice/L_LinkedList.java/LinkedList.java. Using fallback presentation compiler.
2026.07.10 18:44:47 INFO  no build target found for /Users/shreyashsature/Coding/JAVA-DSA-practice/L_LinkedList.java/LinkedList.java. Using fallback presentation compiler.
2026.07.10 18:44:47 INFO  no build target found for /Users/shreyashsature/Coding/JAVA-DSA-practice/L_LinkedList.java/LinkedList.java. Using fallback presentation compiler.
2026.07.10 18:44:49 INFO  no build target found for /Users/shreyashsature/Coding/JAVA-DSA-practice/L_LinkedList.java/LinkedList.java. Using fallback presentation compiler.
2026.07.10 18:44:49 INFO  no build target found for /Users/shreyashsature/Coding/JAVA-DSA-practice/L_LinkedList.java/LinkedList.java. Using fallback presentation compiler.
2026.07.10 18:44:49 INFO  no build target found for /Users/shreyashsature/Coding/JAVA-DSA-practice/L_LinkedList.java/LinkedList.java. Using fallback presentation compiler.
2026.07.10 18:44:49 WARN  Running javac-semanticdb failed for file:///Users/shreyashsature/Coding/JAVA-DSA-practice/L_LinkedList.java/LinkedList.java. Output:

2026.07.10 18:44:49 INFO  no build target found for /Users/shreyashsature/Coding/JAVA-DSA-practice/L_LinkedList.java/LinkedList.java. Using fallback presentation compiler.
2026.07.10 18:44:50 INFO  no build target found for /Users/shreyashsature/Coding/JAVA-DSA-practice/L_LinkedList.java/LinkedList.java. Using fallback presentation compiler.
2026.07.10 18:44:50 INFO  no build target found for /Users/shreyashsature/Coding/JAVA-DSA-practice/L_LinkedList.java/LinkedList.java. Using fallback presentation compiler.
2026.07.10 18:44:50 INFO  no build target found for /Users/shreyashsature/Coding/JAVA-DSA-practice/L_LinkedList.java/LinkedList.java. Using fallback presentation compiler.
2026.07.10 18:44:50 INFO  no build target found for /Users/shreyashsature/Coding/JAVA-DSA-practice/L_LinkedList.java/LinkedList.java. Using fallback presentation compiler.
2026.07.10 18:44:50 WARN  Running javac-semanticdb failed for file:///Users/shreyashsature/Coding/JAVA-DSA-practice/L_LinkedList.java/LinkedList.java. Output:

2026.07.10 18:44:50 INFO  no build target found for /Users/shreyashsature/Coding/JAVA-DSA-practice/L_LinkedList.java/LinkedList.java. Using fallback presentation compiler.
2026.07.10 18:44:50 INFO  no build target found for /Users/shreyashsature/Coding/JAVA-DSA-practice/L_LinkedList.java/LinkedList.java. Using fallback presentation compiler.
2026.07.10 18:44:50 INFO  no build target found for /Users/shreyashsature/Coding/JAVA-DSA-practice/L_LinkedList.java/LinkedList.java. Using fallback presentation compiler.
2026.07.10 18:44:51 INFO  no build target found for /Users/shreyashsature/Coding/JAVA-DSA-practice/L_LinkedList.java/LinkedList.java. Using fallback presentation compiler.
2026.07.10 18:44:51 INFO  no build target found for /Users/shreyashsature/Coding/JAVA-DSA-practice/L_LinkedList.java/LinkedList.java. Using fallback presentation compiler.
2026.07.10 18:44:51 INFO  no build target found for /Users/shreyashsature/Coding/JAVA-DSA-practice/L_LinkedList.java/LinkedList.java. Using fallback presentation compiler.
2026.07.10 18:44:51 INFO  no build target found for /Users/shreyashsature/Coding/JAVA-DSA-practice/L_LinkedList.java/LinkedList.java. Using fallback presentation compiler.
2026.07.10 18:44:51 WARN  Running javac-semanticdb failed for file:///Users/shreyashsature/Coding/JAVA-DSA-practice/L_LinkedList.java/LinkedList.java. Output:

2026.07.10 18:44:51 INFO  no build target found for /Users/shreyashsature/Coding/JAVA-DSA-practice/L_LinkedList.java/LinkedList.java. Using fallback presentation compiler.
2026.07.10 18:44:52 INFO  no build target found for /Users/shreyashsature/Coding/JAVA-DSA-practice/L_LinkedList.java/LinkedList.java. Using fallback presentation compiler.
2026.07.10 18:44:52 INFO  no build target found for /Users/shreyashsature/Coding/JAVA-DSA-practice/L_LinkedList.java/LinkedList.java. Using fallback presentation compiler.
2026.07.10 18:44:52 INFO  no build target found for /Users/shreyashsature/Coding/JAVA-DSA-practice/L_LinkedList.java/LinkedList.java. Using fallback presentation compiler.
2026.07.10 18:44:53 WARN  Running javac-semanticdb failed for file:///Users/shreyashsature/Coding/JAVA-DSA-practice/L_LinkedList.java/LinkedList.java. Output:

2026.07.10 18:44:52 INFO  no build target found for /Users/shreyashsature/Coding/JAVA-DSA-practice/L_LinkedList.java/LinkedList.java. Using fallback presentation compiler.
2026.07.10 18:44:54 INFO  no build target found for /Users/shreyashsature/Coding/JAVA-DSA-practice/L_LinkedList.java/LinkedList.java. Using fallback presentation compiler.
2026.07.10 18:44:55 INFO  no build target found for /Users/shreyashsature/Coding/JAVA-DSA-practice/L_LinkedList.java/LinkedList.java. Using fallback presentation compiler.
2026.07.10 18:44:55 INFO  no build target found for /Users/shreyashsature/Coding/JAVA-DSA-practice/L_LinkedList.java/LinkedList.java. Using fallback presentation compiler.
2026.07.10 18:44:55 INFO  no build target found for /Users/shreyashsature/Coding/JAVA-DSA-practice/L_LinkedList.java/LinkedList.java. Using fallback presentation compiler.
2026.07.10 18:44:55 WARN  Running javac-semanticdb failed for file:///Users/shreyashsature/Coding/JAVA-DSA-practice/L_LinkedList.java/LinkedList.java. Output:

2026.07.10 18:44:55 INFO  no build target found for /Users/shreyashsature/Coding/JAVA-DSA-practice/L_LinkedList.java/LinkedList.java. Using fallback presentation compiler.
2026.07.10 18:44:56 INFO  no build target found for /Users/shreyashsature/Coding/JAVA-DSA-practice/L_LinkedList.java/LinkedList.java. Using fallback presentation compiler.
2026.07.10 18:45:02 INFO  no build target found for /Users/shreyashsature/Coding/JAVA-DSA-practice/L_LinkedList.java/LinkedList.java. Using fallback presentation compiler.
2026.07.10 18:45:02 INFO  no build target found for /Users/shreyashsature/Coding/JAVA-DSA-practice/L_LinkedList.java/LinkedList.java. Using fallback presentation compiler.
2026.07.10 18:45:02 INFO  no build target found for /Users/shreyashsature/Coding/JAVA-DSA-practice/L_LinkedList.java/LinkedList.java. Using fallback presentation compiler.
2026.07.10 18:45:03 INFO  no build target found for /Users/shreyashsature/Coding/JAVA-DSA-practice/L_LinkedList.java/LinkedList.java. Using fallback presentation compiler.
2026.07.10 18:45:02 INFO  no build target found for /Users/shreyashsature/Coding/JAVA-DSA-practice/L_LinkedList.java/LinkedList.java. Using fallback presentation compiler.
2026.07.10 18:45:03 INFO  no build target found for /Users/shreyashsature/Coding/JAVA-DSA-practice/L_LinkedList.java/LinkedList.java. Using fallback presentation compiler.
2026.07.10 18:45:02 INFO  no build target found for /Users/shreyashsature/Coding/JAVA-DSA-practice/L_LinkedList.java/LinkedList.java. Using fallback presentation compiler.
2026.07.10 18:45:03 WARN  Running javac-semanticdb failed for file:///Users/shreyashsature/Coding/JAVA-DSA-practice/L_LinkedList.java/LinkedList.java. Output:

2026.07.10 18:45:04 INFO  no build target found for /Users/shreyashsature/Coding/JAVA-DSA-practice/L_LinkedList.java/LinkedList.java. Using fallback presentation compiler.
2026.07.10 18:45:04 INFO  no build target found for /Users/shreyashsature/Coding/JAVA-DSA-practice/L_LinkedList.java/LinkedList.java. Using fallback presentation compiler.
2026.07.10 18:45:04 WARN  Running javac-semanticdb failed for file:///Users/shreyashsature/Coding/JAVA-DSA-practice/L_LinkedList.java/LinkedList.java. Output:

2026.07.10 18:45:04 INFO  no build target found for /Users/shreyashsature/Coding/JAVA-DSA-practice/L_LinkedList.java/LinkedList.java. Using fallback presentation compiler.
2026.07.10 18:45:04 INFO  no build target found for /Users/shreyashsature/Coding/JAVA-DSA-practice/L_LinkedList.java/LinkedList.java. Using fallback presentation compiler.
2026.07.10 18:45:04 INFO  no build target found for /Users/shreyashsature/Coding/JAVA-DSA-practice/L_LinkedList.java/LinkedList.java. Using fallback presentation compiler.
2026.07.10 18:45:04 INFO  no build target found for /Users/shreyashsature/Coding/JAVA-DSA-practice/L_LinkedList.java/LinkedList.java. Using fallback presentation compiler.
2026.07.10 18:45:04 INFO  no build target found for /Users/shreyashsature/Coding/JAVA-DSA-practice/L_LinkedList.java/LinkedList.java. Using fallback presentation compiler.
2026.07.10 18:45:04 INFO  no build target found for /Users/shreyashsature/Coding/JAVA-DSA-practice/L_LinkedList.java/LinkedList.java. Using fallback presentation compiler.
2026.07.10 18:45:04 INFO  no build target found for /Users/shreyashsature/Coding/JAVA-DSA-practice/L_LinkedList.java/LinkedList.java. Using fallback presentation compiler.
2026.07.10 18:45:04 INFO  no build target found for /Users/shreyashsature/Coding/JAVA-DSA-practice/L_LinkedList.java/LinkedList.java. Using fallback presentation compiler.
2026.07.10 18:45:04 INFO  no build target found for /Users/shreyashsature/Coding/JAVA-DSA-practice/L_LinkedList.java/LinkedList.java. Using fallback presentation compiler.
2026.07.10 18:45:04 INFO  no build target found for /Users/shreyashsature/Coding/JAVA-DSA-practice/L_LinkedList.java/LinkedList.java. Using fallback presentation compiler.
2026.07.10 18:45:05 WARN  Running javac-semanticdb failed for file:///Users/shreyashsature/Coding/JAVA-DSA-practice/L_LinkedList.java/LinkedList.java. Output:

2026.07.10 18:45:04 INFO  no build target found for /Users/shreyashsature/Coding/JAVA-DSA-practice/L_LinkedList.java/LinkedList.java. Using fallback presentation compiler.
2026.07.10 18:45:04 INFO  no build target found for /Users/shreyashsature/Coding/JAVA-DSA-practice/L_LinkedList.java/LinkedList.java. Using fallback presentation compiler.
2026.07.10 18:45:04 INFO  no build target found for /Users/shreyashsature/Coding/JAVA-DSA-practice/L_LinkedList.java/LinkedList.java. Using fallback presentation compiler.
2026.07.10 18:45:05 INFO  no build target found for /Users/shreyashsature/Coding/JAVA-DSA-practice/L_LinkedList.java/LinkedList.java. Using fallback presentation compiler.
2026.07.10 18:45:05 INFO  no build target found for /Users/shreyashsature/Coding/JAVA-DSA-practice/L_LinkedList.java/LinkedList.java. Using fallback presentation compiler.
2026.07.10 18:45:05 INFO  no build target found for /Users/shreyashsature/Coding/JAVA-DSA-practice/L_LinkedList.java/LinkedList.java. Using fallback presentation compiler.
2026.07.10 18:45:04 WARN  Running javac-semanticdb failed for file:///Users/shreyashsature/Coding/JAVA-DSA-practice/L_LinkedList.java/LinkedList.java. Output:

2026.07.10 18:45:05 INFO  no build target found for /Users/shreyashsature/Coding/JAVA-DSA-practice/L_LinkedList.java/LinkedList.java. Using fallback presentation compiler.
2026.07.10 18:45:06 INFO  no build target found for /Users/shreyashsature/Coding/JAVA-DSA-practice/L_LinkedList.java/LinkedList.java. Using fallback presentation compiler.
2026.07.10 18:45:06 INFO  no build target found for /Users/shreyashsature/Coding/JAVA-DSA-practice/L_LinkedList.java/LinkedList.java. Using fallback presentation compiler.
2026.07.10 18:45:06 INFO  no build target found for /Users/shreyashsature/Coding/JAVA-DSA-practice/L_LinkedList.java/LinkedList.java. Using fallback presentation compiler.
2026.07.10 18:45:06 INFO  no build target found for /Users/shreyashsature/Coding/JAVA-DSA-practice/L_LinkedList.java/LinkedList.java. Using fallback presentation compiler.
2026.07.10 18:45:06 WARN  Running javac-semanticdb failed for file:///Users/shreyashsature/Coding/JAVA-DSA-practice/L_LinkedList.java/LinkedList.java. Output:

2026.07.10 18:45:06 INFO  no build target found for /Users/shreyashsature/Coding/JAVA-DSA-practice/L_LinkedList.java/LinkedList.java. Using fallback presentation compiler.
2026.07.10 18:45:07 INFO  no build target found for /Users/shreyashsature/Coding/JAVA-DSA-practice/L_LinkedList.java/LinkedList.java. Using fallback presentation compiler.
2026.07.10 18:45:07 INFO  no build target found for /Users/shreyashsature/Coding/JAVA-DSA-practice/L_LinkedList.java/LinkedList.java. Using fallback presentation compiler.
2026.07.10 18:45:07 INFO  no build target found for /Users/shreyashsature/Coding/JAVA-DSA-practice/L_LinkedList.java/LinkedList.java. Using fallback presentation compiler.
2026.07.10 18:45:07 WARN  Running javac-semanticdb failed for file:///Users/shreyashsature/Coding/JAVA-DSA-practice/L_LinkedList.java/LinkedList.java. Output:

2026.07.10 18:45:07 INFO  no build target found for /Users/shreyashsature/Coding/JAVA-DSA-practice/L_LinkedList.java/LinkedList.java. Using fallback presentation compiler.
2026.07.10 18:45:07 INFO  no build target found for /Users/shreyashsature/Coding/JAVA-DSA-practice/L_LinkedList.java/LinkedList.java. Using fallback presentation compiler.
2026.07.10 18:45:08 WARN  Running javac-semanticdb failed for file:///Users/shreyashsature/Coding/JAVA-DSA-practice/L_LinkedList.java/LinkedList.java. Output:

2026.07.10 18:45:08 INFO  no build target found for /Users/shreyashsature/Coding/JAVA-DSA-practice/L_LinkedList.java/LinkedList.java. Using fallback presentation compiler.
2026.07.10 18:45:08 INFO  no build target found for /Users/shreyashsature/Coding/JAVA-DSA-practice/L_LinkedList.java/LinkedList.java. Using fallback presentation compiler.
2026.07.10 18:45:08 INFO  no build target found for /Users/shreyashsature/Coding/JAVA-DSA-practice/L_LinkedList.java/LinkedList.java. Using fallback presentation compiler.
2026.07.10 18:45:08 INFO  no build target found for /Users/shreyashsature/Coding/JAVA-DSA-practice/L_LinkedList.java/LinkedList.java. Using fallback presentation compiler.
2026.07.10 18:45:08 INFO  no build target found for /Users/shreyashsature/Coding/JAVA-DSA-practice/L_LinkedList.java/LinkedList.java. Using fallback presentation compiler.
2026.07.10 18:45:08 WARN  Running javac-semanticdb failed for file:///Users/shreyashsature/Coding/JAVA-DSA-practice/L_LinkedList.java/LinkedList.java. Output:

2026.07.10 18:45:08 INFO  no build target found for /Users/shreyashsature/Coding/JAVA-DSA-practice/L_LinkedList.java/LinkedList.java. Using fallback presentation compiler.
2026.07.10 18:45:10 INFO  no build target found for /Users/shreyashsature/Coding/JAVA-DSA-practice/L_LinkedList.java/LinkedList.java. Using fallback presentation compiler.
2026.07.10 18:45:10 INFO  no build target found for /Users/shreyashsature/Coding/JAVA-DSA-practice/L_LinkedList.java/LinkedList.java. Using fallback presentation compiler.
2026.07.10 18:45:10 INFO  no build target found for /Users/shreyashsature/Coding/JAVA-DSA-practice/L_LinkedList.java/LinkedList.java. Using fallback presentation compiler.
2026.07.10 18:45:10 INFO  no build target found for /Users/shreyashsature/Coding/JAVA-DSA-practice/L_LinkedList.java/LinkedList.java. Using fallback presentation compiler.
2026.07.10 18:45:10 INFO  no build target found for /Users/shreyashsature/Coding/JAVA-DSA-practice/L_LinkedList.java/LinkedList.java. Using fallback presentation compiler.
2026.07.10 18:45:11 INFO  no build target found for /Users/shreyashsature/Coding/JAVA-DSA-practice/L_LinkedList.java/LinkedList.java. Using fallback presentation compiler.
2026.07.10 18:45:11 INFO  no build target found for /Users/shreyashsature/Coding/JAVA-DSA-practice/L_LinkedList.java/LinkedList.java. Using fallback presentation compiler.
2026.07.10 18:45:11 INFO  no build target found for /Users/shreyashsature/Coding/JAVA-DSA-practice/L_LinkedList.java/LinkedList.java. Using fallback presentation compiler.
2026.07.10 18:45:11 INFO  no build target found for /Users/shreyashsature/Coding/JAVA-DSA-practice/L_LinkedList.java/LinkedList.java. Using fallback presentation compiler.
2026.07.10 18:45:10 INFO  no build target found for /Users/shreyashsature/Coding/JAVA-DSA-practice/L_LinkedList.java/LinkedList.java. Using fallback presentation compiler.
2026.07.10 18:45:11 INFO  no build target found for /Users/shreyashsature/Coding/JAVA-DSA-practice/L_LinkedList.java/LinkedList.java. Using fallback presentation compiler.
2026.07.10 18:45:11 WARN  Running javac-semanticdb failed for file:///Users/shreyashsature/Coding/JAVA-DSA-practice/L_LinkedList.java/LinkedList.java. Output:

2026.07.10 18:45:12 INFO  no build target found for /Users/shreyashsature/Coding/JAVA-DSA-practice/L_LinkedList.java/LinkedList.java. Using fallback presentation compiler.
2026.07.10 18:45:12 INFO  no build target found for /Users/shreyashsature/Coding/JAVA-DSA-practice/L_LinkedList.java/LinkedList.java. Using fallback presentation compiler.
2026.07.10 18:45:12 WARN  Running javac-semanticdb failed for file:///Users/shreyashsature/Coding/JAVA-DSA-practice/L_LinkedList.java/LinkedList.java. Output:

2026.07.10 18:45:12 INFO  no build target found for /Users/shreyashsature/Coding/JAVA-DSA-practice/L_LinkedList.java/LinkedList.java. Using fallback presentation compiler.
2026.07.10 18:45:12 INFO  no build target found for /Users/shreyashsature/Coding/JAVA-DSA-practice/L_LinkedList.java/LinkedList.java. Using fallback presentation compiler.
2026.07.10 18:45:12 INFO  no build target found for /Users/shreyashsature/Coding/JAVA-DSA-practice/L_LinkedList.java/LinkedList.java. Using fallback presentation compiler.
2026.07.10 18:45:12 INFO  no build target found for /Users/shreyashsature/Coding/JAVA-DSA-practice/L_LinkedList.java/LinkedList.java. Using fallback presentation compiler.
2026.07.10 18:45:12 WARN  Running javac-semanticdb failed for file:///Users/shreyashsature/Coding/JAVA-DSA-practice/L_LinkedList.java/LinkedList.java. Output:

2026.07.10 18:45:13 INFO  no build target found for /Users/shreyashsature/Coding/JAVA-DSA-practice/L_LinkedList.java/LinkedList.java. Using fallback presentation compiler.
2026.07.10 18:45:13 INFO  no build target found for /Users/shreyashsature/Coding/JAVA-DSA-practice/L_LinkedList.java/LinkedList.java. Using fallback presentation compiler.
2026.07.10 18:45:13 INFO  no build target found for /Users/shreyashsature/Coding/JAVA-DSA-practice/L_LinkedList.java/LinkedList.java. Using fallback presentation compiler.
2026.07.10 18:45:13 WARN  Running javac-semanticdb failed for file:///Users/shreyashsature/Coding/JAVA-DSA-practice/L_LinkedList.java/LinkedList.java. Output:

2026.07.10 18:45:13 INFO  no build target found for /Users/shreyashsature/Coding/JAVA-DSA-practice/L_LinkedList.java/LinkedList.java. Using fallback presentation compiler.
2026.07.10 18:45:13 INFO  no build target found for /Users/shreyashsature/Coding/JAVA-DSA-practice/L_LinkedList.java/LinkedList.java. Using fallback presentation compiler.
2026.07.10 18:45:13 INFO  no build target found for /Users/shreyashsature/Coding/JAVA-DSA-practice/L_LinkedList.java/LinkedList.java. Using fallback presentation compiler.
2026.07.10 18:45:14 INFO  no build target found for /Users/shreyashsature/Coding/JAVA-DSA-practice/L_LinkedList.java/LinkedList.java. Using fallback presentation compiler.
2026.07.10 18:45:14 WARN  Running javac-semanticdb failed for file:///Users/shreyashsature/Coding/JAVA-DSA-practice/L_LinkedList.java/LinkedList.java. Output:

2026.07.10 18:45:14 INFO  no build target found for /Users/shreyashsature/Coding/JAVA-DSA-practice/L_LinkedList.java/LinkedList.java. Using fallback presentation compiler.
2026.07.10 18:45:14 INFO  no build target found for /Users/shreyashsature/Coding/JAVA-DSA-practice/L_LinkedList.java/LinkedList.java. Using fallback presentation compiler.
2026.07.10 18:45:14 INFO  no build target found for /Users/shreyashsature/Coding/JAVA-DSA-practice/L_LinkedList.java/LinkedList.java. Using fallback presentation compiler.
2026.07.10 18:45:15 INFO  no build target found for /Users/shreyashsature/Coding/JAVA-DSA-practice/L_LinkedList.java/LinkedList.java. Using fallback presentation compiler.
2026.07.10 18:45:15 INFO  no build target found for /Users/shreyashsature/Coding/JAVA-DSA-practice/L_LinkedList.java/LinkedList.java. Using fallback presentation compiler.
2026.07.10 18:45:15 INFO  no build target found for /Users/shreyashsature/Coding/JAVA-DSA-practice/L_LinkedList.java/LinkedList.java. Using fallback presentation compiler.
2026.07.10 18:45:15 INFO  no build target found for /Users/shreyashsature/Coding/JAVA-DSA-practice/L_LinkedList.java/LinkedList.java. Using fallback presentation compiler.
2026.07.10 18:45:15 WARN  Running javac-semanticdb failed for file:///Users/shreyashsature/Coding/JAVA-DSA-practice/L_LinkedList.java/LinkedList.java. Output:

2026.07.10 18:45:15 INFO  no build target found for /Users/shreyashsature/Coding/JAVA-DSA-practice/L_LinkedList.java/LinkedList.java. Using fallback presentation compiler.
2026.07.10 18:45:16 INFO  no build target found for /Users/shreyashsature/Coding/JAVA-DSA-practice/L_LinkedList.java/LinkedList.java. Using fallback presentation compiler.
2026.07.10 18:45:18 INFO  no build target found for /Users/shreyashsature/Coding/JAVA-DSA-practice/L_LinkedList.java/LinkedList.java. Using fallback presentation compiler.
2026.07.10 18:45:18 INFO  no build target found for /Users/shreyashsature/Coding/JAVA-DSA-practice/L_LinkedList.java/LinkedList.java. Using fallback presentation compiler.
2026.07.10 18:45:18 INFO  no build target found for /Users/shreyashsature/Coding/JAVA-DSA-practice/L_LinkedList.java/LinkedList.java. Using fallback presentation compiler.
2026.07.10 18:45:18 INFO  no build target found for /Users/shreyashsature/Coding/JAVA-DSA-practice/L_LinkedList.java/LinkedList.java. Using fallback presentation compiler.
2026.07.10 18:45:18 INFO  no build target found for /Users/shreyashsature/Coding/JAVA-DSA-practice/L_LinkedList.java/LinkedList.java. Using fallback presentation compiler.
2026.07.10 18:45:18 INFO  no build target found for /Users/shreyashsature/Coding/JAVA-DSA-practice/L_LinkedList.java/LinkedList.java. Using fallback presentation compiler.
2026.07.10 18:45:18 INFO  no build target found for /Users/shreyashsature/Coding/JAVA-DSA-practice/L_LinkedList.java/LinkedList.java. Using fallback presentation compiler.
2026.07.10 18:45:18 INFO  no build target found for /Users/shreyashsature/Coding/JAVA-DSA-practice/L_LinkedList.java/LinkedList.java. Using fallback presentation compiler.
2026.07.10 18:45:18 INFO  no build target found for /Users/shreyashsature/Coding/JAVA-DSA-practice/L_LinkedList.java/LinkedList.java. Using fallback presentation compiler.
2026.07.10 18:45:18 INFO  no build target found for /Users/shreyashsature/Coding/JAVA-DSA-practice/L_LinkedList.java/LinkedList.java. Using fallback presentation compiler.
2026.07.10 18:45:18 WARN  Running javac-semanticdb failed for file:///Users/shreyashsature/Coding/JAVA-DSA-practice/L_LinkedList.java/LinkedList.java. Output:

2026.07.10 18:45:18 INFO  no build target found for /Users/shreyashsature/Coding/JAVA-DSA-practice/L_LinkedList.java/LinkedList.java. Using fallback presentation compiler.
2026.07.10 18:45:19 INFO  no build target found for /Users/shreyashsature/Coding/JAVA-DSA-practice/L_LinkedList.java/LinkedList.java. Using fallback presentation compiler.
2026.07.10 18:45:19 INFO  no build target found for /Users/shreyashsature/Coding/JAVA-DSA-practice/L_LinkedList.java/LinkedList.java. Using fallback presentation compiler.
2026.07.10 18:45:19 INFO  no build target found for /Users/shreyashsature/Coding/JAVA-DSA-practice/L_LinkedList.java/LinkedList.java. Using fallback presentation compiler.
2026.07.10 18:45:20 WARN  Running javac-semanticdb failed for file:///Users/shreyashsature/Coding/JAVA-DSA-practice/L_LinkedList.java/LinkedList.java. Output:

2026.07.10 18:45:20 INFO  no build target found for /Users/shreyashsature/Coding/JAVA-DSA-practice/L_LinkedList.java/LinkedList.java. Using fallback presentation compiler.
2026.07.10 18:45:20 INFO  no build target found for /Users/shreyashsature/Coding/JAVA-DSA-practice/L_LinkedList.java/LinkedList.java. Using fallback presentation compiler.
2026.07.10 18:45:20 INFO  no build target found for /Users/shreyashsature/Coding/JAVA-DSA-practice/L_LinkedList.java/LinkedList.java. Using fallback presentation compiler.
2026.07.10 18:45:37 INFO  no build target found for /Users/shreyashsature/Coding/JAVA-DSA-practice/L_LinkedList.java/LinkedList.java. Using fallback presentation compiler.
2026.07.10 18:45:37 INFO  no build target found for /Users/shreyashsature/Coding/JAVA-DSA-practice/L_LinkedList.java/LinkedList.java. Using fallback presentation compiler.
2026.07.10 18:45:37 INFO  no build target found for /Users/shreyashsature/Coding/JAVA-DSA-practice/L_LinkedList.java/LinkedList.java. Using fallback presentation compiler.
2026.07.10 18:45:37 WARN  Running javac-semanticdb failed for file:///Users/shreyashsature/Coding/JAVA-DSA-practice/L_LinkedList.java/LinkedList.java. Output:

2026.07.10 18:45:37 INFO  no build target found for /Users/shreyashsature/Coding/JAVA-DSA-practice/L_LinkedList.java/LinkedList.java. Using fallback presentation compiler.
2026.07.10 18:45:37 INFO  no build target found for /Users/shreyashsature/Coding/JAVA-DSA-practice/L_LinkedList.java/LinkedList.java. Using fallback presentation compiler.
2026.07.10 18:45:37 INFO  no build target found for /Users/shreyashsature/Coding/JAVA-DSA-practice/L_LinkedList.java/LinkedList.java. Using fallback presentation compiler.
2026.07.10 18:45:37 WARN  Running javac-semanticdb failed for file:///Users/shreyashsature/Coding/JAVA-DSA-practice/L_LinkedList.java/LinkedList.java. Output:

2026.07.10 18:45:38 INFO  no build target found for /Users/shreyashsature/Coding/JAVA-DSA-practice/L_LinkedList.java/LinkedList.java. Using fallback presentation compiler.
2026.07.10 18:45:38 INFO  no build target found for /Users/shreyashsature/Coding/JAVA-DSA-practice/L_LinkedList.java/LinkedList.java. Using fallback presentation compiler.
2026.07.10 18:45:38 INFO  no build target found for /Users/shreyashsature/Coding/JAVA-DSA-practice/L_LinkedList.java/LinkedList.java. Using fallback presentation compiler.
2026.07.10 18:45:38 INFO  no build target found for /Users/shreyashsature/Coding/JAVA-DSA-practice/L_LinkedList.java/LinkedList.java. Using fallback presentation compiler.
2026.07.10 18:45:38 INFO  no build target found for /Users/shreyashsature/Coding/JAVA-DSA-practice/L_LinkedList.java/LinkedList.java. Using fallback presentation compiler.
2026.07.10 18:45:38 INFO  no build target found for /Users/shreyashsature/Coding/JAVA-DSA-practice/L_LinkedList.java/LinkedList.java. Using fallback presentation compiler.
2026.07.10 18:45:39 WARN  Running javac-semanticdb failed for file:///Users/shreyashsature/Coding/JAVA-DSA-practice/L_LinkedList.java/LinkedList.java. Output:

2026.07.10 18:45:39 INFO  no build target found for /Users/shreyashsature/Coding/JAVA-DSA-practice/L_LinkedList.java/LinkedList.java. Using fallback presentation compiler.
2026.07.10 18:45:39 INFO  no build target found for /Users/shreyashsature/Coding/JAVA-DSA-practice/L_LinkedList.java/LinkedList.java. Using fallback presentation compiler.
2026.07.10 18:45:39 INFO  no build target found for /Users/shreyashsature/Coding/JAVA-DSA-practice/L_LinkedList.java/LinkedList.java. Using fallback presentation compiler.
2026.07.10 18:45:39 INFO  no build target found for /Users/shreyashsature/Coding/JAVA-DSA-practice/L_LinkedList.java/LinkedList.java. Using fallback presentation compiler.
2026.07.10 18:45:40 INFO  no build target found for /Users/shreyashsature/Coding/JAVA-DSA-practice/L_LinkedList.java/LinkedList.java. Using fallback presentation compiler.
2026.07.10 18:45:40 WARN  Running javac-semanticdb failed for file:///Users/shreyashsature/Coding/JAVA-DSA-practice/L_LinkedList.java/LinkedList.java. Output:

2026.07.10 18:45:40 INFO  no build target found for /Users/shreyashsature/Coding/JAVA-DSA-practice/L_LinkedList.java/LinkedList.java. Using fallback presentation compiler.
2026.07.10 18:45:40 INFO  no build target found for /Users/shreyashsature/Coding/JAVA-DSA-practice/L_LinkedList.java/LinkedList.java. Using fallback presentation compiler.
2026.07.10 18:45:41 INFO  no build target found for /Users/shreyashsature/Coding/JAVA-DSA-practice/L_LinkedList.java/LinkedList.java. Using fallback presentation compiler.
2026.07.10 18:45:41 INFO  no build target found for /Users/shreyashsature/Coding/JAVA-DSA-practice/L_LinkedList.java/LinkedList.java. Using fallback presentation compiler.
2026.07.10 18:45:41 INFO  no build target found for /Users/shreyashsature/Coding/JAVA-DSA-practice/L_LinkedList.java/LinkedList.java. Using fallback presentation compiler.
2026.07.10 18:45:41 INFO  no build target found for /Users/shreyashsature/Coding/JAVA-DSA-practice/L_LinkedList.java/LinkedList.java. Using fallback presentation compiler.
2026.07.10 18:45:42 INFO  no build target found for /Users/shreyashsature/Coding/JAVA-DSA-practice/L_LinkedList.java/LinkedList.java. Using fallback presentation compiler.
2026.07.10 18:45:41 INFO  no build target found for /Users/shreyashsature/Coding/JAVA-DSA-practice/L_LinkedList.java/LinkedList.java. Using fallback presentation compiler.
2026.07.10 18:45:42 INFO  no build target found for /Users/shreyashsature/Coding/JAVA-DSA-practice/L_LinkedList.java/LinkedList.java. Using fallback presentation compiler.
2026.07.10 18:45:42 INFO  no build target found for /Users/shreyashsature/Coding/JAVA-DSA-practice/L_LinkedList.java/LinkedList.java. Using fallback presentation compiler.
2026.07.10 18:45:42 INFO  no build target found for /Users/shreyashsature/Coding/JAVA-DSA-practice/L_LinkedList.java/LinkedList.java. Using fallback presentation compiler.
2026.07.10 18:45:43 WARN  Running javac-semanticdb failed for file:///Users/shreyashsature/Coding/JAVA-DSA-practice/L_LinkedList.java/LinkedList.java. Output:

2026.07.10 18:45:42 INFO  no build target found for /Users/shreyashsature/Coding/JAVA-DSA-practice/L_LinkedList.java/LinkedList.java. Using fallback presentation compiler.
2026.07.10 18:45:43 INFO  no build target found for /Users/shreyashsature/Coding/JAVA-DSA-practice/L_LinkedList.java/LinkedList.java. Using fallback presentation compiler.
2026.07.10 18:45:42 INFO  no build target found for /Users/shreyashsature/Coding/JAVA-DSA-practice/L_LinkedList.java/LinkedList.java. Using fallback presentation compiler.
2026.07.10 18:45:43 WARN  Running javac-semanticdb failed for file:///Users/shreyashsature/Coding/JAVA-DSA-practice/L_LinkedList.java/LinkedList.java. Output:

2026.07.10 18:45:42 INFO  no build target found for /Users/shreyashsature/Coding/JAVA-DSA-practice/L_LinkedList.java/LinkedList.java. Using fallback presentation compiler.
2026.07.10 18:45:44 INFO  no build target found for /Users/shreyashsature/Coding/JAVA-DSA-practice/L_LinkedList.java/LinkedList.java. Using fallback presentation compiler.
2026.07.10 18:45:44 INFO  no build target found for /Users/shreyashsature/Coding/JAVA-DSA-practice/L_LinkedList.java/LinkedList.java. Using fallback presentation compiler.
2026.07.10 18:45:44 INFO  no build target found for /Users/shreyashsature/Coding/JAVA-DSA-practice/L_LinkedList.java/LinkedList.java. Using fallback presentation compiler.
2026.07.10 18:45:44 INFO  no build target found for /Users/shreyashsature/Coding/JAVA-DSA-practice/L_LinkedList.java/LinkedList.java. Using fallback presentation compiler.
2026.07.10 18:45:44 INFO  no build target found for /Users/shreyashsature/Coding/JAVA-DSA-practice/L_LinkedList.java/LinkedList.java. Using fallback presentation compiler.
2026.07.10 18:45:44 WARN  Running javac-semanticdb failed for file:///Users/shreyashsature/Coding/JAVA-DSA-practice/L_LinkedList.java/LinkedList.java. Output:

2026.07.10 18:45:44 INFO  no build target found for /Users/shreyashsature/Coding/JAVA-DSA-practice/L_LinkedList.java/LinkedList.java. Using fallback presentation compiler.
2026.07.10 18:45:45 INFO  no build target found for /Users/shreyashsature/Coding/JAVA-DSA-practice/L_LinkedList.java/LinkedList.java. Using fallback presentation compiler.
2026.07.10 18:45:47 INFO  no build target found for /Users/shreyashsature/Coding/JAVA-DSA-practice/L_LinkedList.java/LinkedList.java. Using fallback presentation compiler.
2026.07.10 18:45:47 INFO  no build target found for /Users/shreyashsature/Coding/JAVA-DSA-practice/L_LinkedList.java/LinkedList.java. Using fallback presentation compiler.
2026.07.10 18:45:47 WARN  Running javac-semanticdb failed for file:///Users/shreyashsature/Coding/JAVA-DSA-practice/L_LinkedList.java/LinkedList.java. Output:

2026.07.10 18:45:47 INFO  no build target found for /Users/shreyashsature/Coding/JAVA-DSA-practice/L_LinkedList.java/LinkedList.java. Using fallback presentation compiler.
2026.07.10 18:45:47 INFO  no build target found for /Users/shreyashsature/Coding/JAVA-DSA-practice/L_LinkedList.java/LinkedList.java. Using fallback presentation compiler.
2026.07.10 18:45:47 INFO  no build target found for /Users/shreyashsature/Coding/JAVA-DSA-practice/L_LinkedList.java/LinkedList.java. Using fallback presentation compiler.
2026.07.10 18:45:47 INFO  no build target found for /Users/shreyashsature/Coding/JAVA-DSA-practice/L_LinkedList.java/LinkedList.java. Using fallback presentation compiler.
2026.07.10 18:45:47 INFO  no build target found for /Users/shreyashsature/Coding/JAVA-DSA-practice/L_LinkedList.java/LinkedList.java. Using fallback presentation compiler.
2026.07.10 18:45:47 INFO  no build target found for /Users/shreyashsature/Coding/JAVA-DSA-practice/L_LinkedList.java/LinkedList.java. Using fallback presentation compiler.
2026.07.10 18:45:48 WARN  Running javac-semanticdb failed for file:///Users/shreyashsature/Coding/JAVA-DSA-practice/L_LinkedList.java/LinkedList.java. Output:

2026.07.10 18:45:48 INFO  no build target found for /Users/shreyashsature/Coding/JAVA-DSA-practice/L_LinkedList.java/LinkedList.java. Using fallback presentation compiler.
2026.07.10 18:45:48 INFO  no build target found for /Users/shreyashsature/Coding/JAVA-DSA-practice/L_LinkedList.java/LinkedList.java. Using fallback presentation compiler.
2026.07.10 18:45:48 INFO  no build target found for /Users/shreyashsature/Coding/JAVA-DSA-practice/L_LinkedList.java/LinkedList.java. Using fallback presentation compiler.
2026.07.10 18:45:48 WARN  Running javac-semanticdb failed for file:///Users/shreyashsature/Coding/JAVA-DSA-practice/L_LinkedList.java/LinkedList.java. Output:

2026.07.10 18:45:48 INFO  no build target found for /Users/shreyashsature/Coding/JAVA-DSA-practice/L_LinkedList.java/LinkedList.java. Using fallback presentation compiler.
2026.07.10 18:45:48 INFO  no build target found for /Users/shreyashsature/Coding/JAVA-DSA-practice/L_LinkedList.java/LinkedList.java. Using fallback presentation compiler.
2026.07.10 18:45:48 INFO  no build target found for /Users/shreyashsature/Coding/JAVA-DSA-practice/L_LinkedList.java/LinkedList.java. Using fallback presentation compiler.
2026.07.10 18:45:48 INFO  no build target found for /Users/shreyashsature/Coding/JAVA-DSA-practice/L_LinkedList.java/LinkedList.java. Using fallback presentation compiler.
2026.07.10 18:45:49 INFO  no build target found for /Users/shreyashsature/Coding/JAVA-DSA-practice/L_LinkedList.java/LinkedList.java. Using fallback presentation compiler.
2026.07.10 18:45:49 INFO  no build target found for /Users/shreyashsature/Coding/JAVA-DSA-practice/L_LinkedList.java/LinkedList.java. Using fallback presentation compiler.
2026.07.10 18:45:49 INFO  no build target found for /Users/shreyashsature/Coding/JAVA-DSA-practice/L_LinkedList.java/LinkedList.java. Using fallback presentation compiler.
2026.07.10 18:45:49 WARN  Running javac-semanticdb failed for file:///Users/shreyashsature/Coding/JAVA-DSA-practice/L_LinkedList.java/LinkedList.java. Output:

2026.07.10 18:45:49 INFO  no build target found for /Users/shreyashsature/Coding/JAVA-DSA-practice/L_LinkedList.java/LinkedList.java. Using fallback presentation compiler.
2026.07.10 18:45:50 INFO  no build target found for /Users/shreyashsature/Coding/JAVA-DSA-practice/L_LinkedList.java/LinkedList.java. Using fallback presentation compiler.
2026.07.10 18:45:50 INFO  no build target found for /Users/shreyashsature/Coding/JAVA-DSA-practice/L_LinkedList.java/LinkedList.java. Using fallback presentation compiler.
2026.07.10 18:45:50 INFO  no build target found for /Users/shreyashsature/Coding/JAVA-DSA-practice/L_LinkedList.java/LinkedList.java. Using fallback presentation compiler.
2026.07.10 18:45:50 INFO  no build target found for /Users/shreyashsature/Coding/JAVA-DSA-practice/L_LinkedList.java/LinkedList.java. Using fallback presentation compiler.
2026.07.10 18:45:50 INFO  no build target found for /Users/shreyashsature/Coding/JAVA-DSA-practice/L_LinkedList.java/LinkedList.java. Using fallback presentation compiler.
2026.07.10 18:45:51 WARN  Running javac-semanticdb failed for file:///Users/shreyashsature/Coding/JAVA-DSA-practice/L_LinkedList.java/LinkedList.java. Output:

2026.07.10 18:45:51 INFO  no build target found for /Users/shreyashsature/Coding/JAVA-DSA-practice/L_LinkedList.java/LinkedList.java. Using fallback presentation compiler.
2026.07.10 18:45:50 INFO  no build target found for /Users/shreyashsature/Coding/JAVA-DSA-practice/L_LinkedList.java/LinkedList.java. Using fallback presentation compiler.
2026.07.10 18:45:52 INFO  no build target found for /Users/shreyashsature/Coding/JAVA-DSA-practice/L_LinkedList.java/LinkedList.java. Using fallback presentation compiler.
2026.07.10 18:45:52 INFO  no build target found for /Users/shreyashsature/Coding/JAVA-DSA-practice/L_LinkedList.java/LinkedList.java. Using fallback presentation compiler.
2026.07.10 18:45:52 INFO  no build target found for /Users/shreyashsature/Coding/JAVA-DSA-practice/L_LinkedList.java/LinkedList.java. Using fallback presentation compiler.
2026.07.10 18:45:52 INFO  no build target found for /Users/shreyashsature/Coding/JAVA-DSA-practice/L_LinkedList.java/LinkedList.java. Using fallback presentation compiler.
2026.07.10 18:45:53 INFO  no build target found for /Users/shreyashsature/Coding/JAVA-DSA-practice/L_LinkedList.java/LinkedList.java. Using fallback presentation compiler.
2026.07.10 18:45:52 INFO  no build target found for /Users/shreyashsature/Coding/JAVA-DSA-practice/L_LinkedList.java/LinkedList.java. Using fallback presentation compiler.
2026.07.10 18:45:53 WARN  Running javac-semanticdb failed for file:///Users/shreyashsature/Coding/JAVA-DSA-practice/L_LinkedList.java/LinkedList.java. Output:

2026.07.10 18:45:53 INFO  no build target found for /Users/shreyashsature/Coding/JAVA-DSA-practice/L_LinkedList.java/LinkedList.java. Using fallback presentation compiler.
2026.07.10 18:45:53 INFO  no build target found for /Users/shreyashsature/Coding/JAVA-DSA-practice/L_LinkedList.java/LinkedList.java. Using fallback presentation compiler.
2026.07.10 18:45:53 INFO  no build target found for /Users/shreyashsature/Coding/JAVA-DSA-practice/L_LinkedList.java/LinkedList.java. Using fallback presentation compiler.
2026.07.10 18:45:54 WARN  Running javac-semanticdb failed for file:///Users/shreyashsature/Coding/JAVA-DSA-practice/L_LinkedList.java/LinkedList.java. Output:

2026.07.10 18:45:54 INFO  no build target found for /Users/shreyashsature/Coding/JAVA-DSA-practice/L_LinkedList.java/LinkedList.java. Using fallback presentation compiler.
2026.07.10 18:45:53 INFO  no build target found for /Users/shreyashsature/Coding/JAVA-DSA-practice/L_LinkedList.java/LinkedList.java. Using fallback presentation compiler.
2026.07.10 18:45:55 INFO  no build target found for /Users/shreyashsature/Coding/JAVA-DSA-practice/L_LinkedList.java/LinkedList.java. Using fallback presentation compiler.
2026.07.10 18:45:56 INFO  no build target found for /Users/shreyashsature/Coding/JAVA-DSA-practice/L_LinkedList.java/LinkedList.java. Using fallback presentation compiler.
2026.07.10 18:45:56 INFO  no build target found for /Users/shreyashsature/Coding/JAVA-DSA-practice/L_LinkedList.java/LinkedList.java. Using fallback presentation compiler.
2026.07.10 18:45:56 INFO  no build target found for /Users/shreyashsature/Coding/JAVA-DSA-practice/L_LinkedList.java/LinkedList.java. Using fallback presentation compiler.
2026.07.10 18:45:56 WARN  Running javac-semanticdb failed for file:///Users/shreyashsature/Coding/JAVA-DSA-practice/L_LinkedList.java/LinkedList.java. Output:

2026.07.10 18:45:56 INFO  no build target found for /Users/shreyashsature/Coding/JAVA-DSA-practice/L_LinkedList.java/LinkedList.java. Using fallback presentation compiler.
2026.07.10 18:45:57 INFO  no build target found for /Users/shreyashsature/Coding/JAVA-DSA-practice/L_LinkedList.java/LinkedList.java. Using fallback presentation compiler.
2026.07.10 18:45:57 INFO  no build target found for /Users/shreyashsature/Coding/JAVA-DSA-practice/L_LinkedList.java/LinkedList.java. Using fallback presentation compiler.
2026.07.10 18:45:57 INFO  no build target found for /Users/shreyashsature/Coding/JAVA-DSA-practice/L_LinkedList.java/LinkedList.java. Using fallback presentation compiler.
2026.07.10 18:45:58 WARN  Running javac-semanticdb failed for file:///Users/shreyashsature/Coding/JAVA-DSA-practice/L_LinkedList.java/LinkedList.java. Output:

2026.07.10 18:45:58 INFO  no build target found for /Users/shreyashsature/Coding/JAVA-DSA-practice/L_LinkedList.java/LinkedList.java. Using fallback presentation compiler.
2026.07.10 18:45:58 INFO  no build target found for /Users/shreyashsature/Coding/JAVA-DSA-practice/L_LinkedList.java/LinkedList.java. Using fallback presentation compiler.
2026.07.10 18:45:58 INFO  no build target found for /Users/shreyashsature/Coding/JAVA-DSA-practice/L_LinkedList.java/LinkedList.java. Using fallback presentation compiler.
2026.07.10 18:46:02 INFO  no build target found for /Users/shreyashsature/Coding/JAVA-DSA-practice/L_LinkedList.java/LinkedList.java. Using fallback presentation compiler.
2026.07.10 18:46:02 INFO  no build target found for /Users/shreyashsature/Coding/JAVA-DSA-practice/L_LinkedList.java/LinkedList.java. Using fallback presentation compiler.
2026.07.10 18:46:02 WARN  Running javac-semanticdb failed for file:///Users/shreyashsature/Coding/JAVA-DSA-practice/L_LinkedList.java/LinkedList.java. Output:

2026.07.10 18:46:02 INFO  no build target found for /Users/shreyashsature/Coding/JAVA-DSA-practice/L_LinkedList.java/LinkedList.java. Using fallback presentation compiler.
2026.07.10 18:46:02 INFO  no build target found for /Users/shreyashsature/Coding/JAVA-DSA-practice/L_LinkedList.java/LinkedList.java. Using fallback presentation compiler.
2026.07.10 18:46:02 INFO  no build target found for /Users/shreyashsature/Coding/JAVA-DSA-practice/L_LinkedList.java/LinkedList.java. Using fallback presentation compiler.
2026.07.10 18:46:02 WARN  Running javac-semanticdb failed for file:///Users/shreyashsature/Coding/JAVA-DSA-practice/L_LinkedList.java/LinkedList.java. Output:

2026.07.10 18:46:02 INFO  no build target found for /Users/shreyashsature/Coding/JAVA-DSA-practice/L_LinkedList.java/LinkedList.java. Using fallback presentation compiler.
2026.07.10 18:46:02 INFO  no build target found for /Users/shreyashsature/Coding/JAVA-DSA-practice/L_LinkedList.java/LinkedList.java. Using fallback presentation compiler.
2026.07.10 18:46:02 INFO  no build target found for /Users/shreyashsature/Coding/JAVA-DSA-practice/L_LinkedList.java/LinkedList.java. Using fallback presentation compiler.
2026.07.10 18:46:03 INFO  no build target found for /Users/shreyashsature/Coding/JAVA-DSA-practice/L_LinkedList.java/LinkedList.java. Using fallback presentation compiler.
2026.07.10 18:46:02 INFO  no build target found for /Users/shreyashsature/Coding/JAVA-DSA-practice/L_LinkedList.java/LinkedList.java. Using fallback presentation compiler.
2026.07.10 18:46:03 INFO  no build target found for /Users/shreyashsature/Coding/JAVA-DSA-practice/L_LinkedList.java/LinkedList.java. Using fallback presentation compiler.
2026.07.10 18:46:03 INFO  no build target found for /Users/shreyashsature/Coding/JAVA-DSA-practice/L_LinkedList.java/LinkedList.java. Using fallback presentation compiler.
2026.07.10 18:46:03 INFO  no build target found for /Users/shreyashsature/Coding/JAVA-DSA-practice/L_LinkedList.java/LinkedList.java. Using fallback presentation compiler.
2026.07.10 18:46:03 WARN  Running javac-semanticdb failed for file:///Users/shreyashsature/Coding/JAVA-DSA-practice/L_LinkedList.java/LinkedList.java. Output:

2026.07.10 18:46:03 INFO  no build target found for /Users/shreyashsature/Coding/JAVA-DSA-practice/L_LinkedList.java/LinkedList.java. Using fallback presentation compiler.
2026.07.10 18:46:03 INFO  no build target found for /Users/shreyashsature/Coding/JAVA-DSA-practice/L_LinkedList.java/LinkedList.java. Using fallback presentation compiler.
2026.07.10 18:46:03 INFO  no build target found for /Users/shreyashsature/Coding/JAVA-DSA-practice/L_LinkedList.java/LinkedList.java. Using fallback presentation compiler.
2026.07.10 18:46:04 INFO  no build target found for /Users/shreyashsature/Coding/JAVA-DSA-practice/L_LinkedList.java/LinkedList.java. Using fallback presentation compiler.
2026.07.10 18:46:04 INFO  no build target found for /Users/shreyashsature/Coding/JAVA-DSA-practice/L_LinkedList.java/LinkedList.java. Using fallback presentation compiler.
2026.07.10 18:46:04 INFO  no build target found for /Users/shreyashsature/Coding/JAVA-DSA-practice/L_LinkedList.java/LinkedList.java. Using fallback presentation compiler.
2026.07.10 18:46:04 WARN  Running javac-semanticdb failed for file:///Users/shreyashsature/Coding/JAVA-DSA-practice/L_LinkedList.java/LinkedList.java. Output:

2026.07.10 18:46:04 INFO  no build target found for /Users/shreyashsature/Coding/JAVA-DSA-practice/L_LinkedList.java/LinkedList.java. Using fallback presentation compiler.
2026.07.10 18:46:05 INFO  no build target found for /Users/shreyashsature/Coding/JAVA-DSA-practice/L_LinkedList.java/LinkedList.java. Using fallback presentation compiler.
2026.07.10 18:46:04 INFO  no build target found for /Users/shreyashsature/Coding/JAVA-DSA-practice/L_LinkedList.java/LinkedList.java. Using fallback presentation compiler.
2026.07.10 18:46:05 WARN  Running javac-semanticdb failed for file:///Users/shreyashsature/Coding/JAVA-DSA-practice/L_LinkedList.java/LinkedList.java. Output:

2026.07.10 18:46:04 INFO  no build target found for /Users/shreyashsature/Coding/JAVA-DSA-practice/L_LinkedList.java/LinkedList.java. Using fallback presentation compiler.
2026.07.10 18:46:04 INFO  no build target found for /Users/shreyashsature/Coding/JAVA-DSA-practice/L_LinkedList.java/LinkedList.java. Using fallback presentation compiler.
2026.07.10 18:46:06 INFO  no build target found for /Users/shreyashsature/Coding/JAVA-DSA-practice/L_LinkedList.java/LinkedList.java. Using fallback presentation compiler.
2026.07.10 18:46:06 INFO  no build target found for /Users/shreyashsature/Coding/JAVA-DSA-practice/L_LinkedList.java/LinkedList.java. Using fallback presentation compiler.
2026.07.10 18:46:06 INFO  no build target found for /Users/shreyashsature/Coding/JAVA-DSA-practice/L_LinkedList.java/LinkedList.java. Using fallback presentation compiler.
2026.07.10 18:46:06 WARN  Running javac-semanticdb failed for file:///Users/shreyashsature/Coding/JAVA-DSA-practice/L_LinkedList.java/LinkedList.java. Output:

2026.07.10 18:46:06 INFO  no build target found for /Users/shreyashsature/Coding/JAVA-DSA-practice/L_LinkedList.java/LinkedList.java. Using fallback presentation compiler.
2026.07.10 18:46:06 INFO  no build target found for /Users/shreyashsature/Coding/JAVA-DSA-practice/L_LinkedList.java/LinkedList.java. Using fallback presentation compiler.
2026.07.10 18:46:06 INFO  no build target found for /Users/shreyashsature/Coding/JAVA-DSA-practice/L_LinkedList.java/LinkedList.java. Using fallback presentation compiler.
2026.07.10 18:46:06 WARN  Running javac-semanticdb failed for file:///Users/shreyashsature/Coding/JAVA-DSA-practice/L_LinkedList.java/LinkedList.java. Output:

2026.07.10 18:46:07 INFO  no build target found for /Users/shreyashsature/Coding/JAVA-DSA-practice/L_LinkedList.java/LinkedList.java. Using fallback presentation compiler.
2026.07.10 18:46:07 INFO  no build target found for /Users/shreyashsature/Coding/JAVA-DSA-practice/L_LinkedList.java/LinkedList.java. Using fallback presentation compiler.
2026.07.10 18:46:06 WARN  Running javac-semanticdb failed for file:///Users/shreyashsature/Coding/JAVA-DSA-practice/L_LinkedList.java/LinkedList.java. Output:

2026.07.10 18:46:07 INFO  no build target found for /Users/shreyashsature/Coding/JAVA-DSA-practice/L_LinkedList.java/LinkedList.java. Using fallback presentation compiler.
2026.07.10 18:46:07 INFO  no build target found for /Users/shreyashsature/Coding/JAVA-DSA-practice/L_LinkedList.java/LinkedList.java. Using fallback presentation compiler.
2026.07.10 18:46:07 INFO  no build target found for /Users/shreyashsature/Coding/JAVA-DSA-practice/L_LinkedList.java/LinkedList.java. Using fallback presentation compiler.
2026.07.10 18:46:08 WARN  Running javac-semanticdb failed for file:///Users/shreyashsature/Coding/JAVA-DSA-practice/L_LinkedList.java/LinkedList.java. Output:

2026.07.10 18:46:08 INFO  no build target found for /Users/shreyashsature/Coding/JAVA-DSA-practice/L_LinkedList.java/LinkedList.java. Using fallback presentation compiler.
2026.07.10 18:46:08 INFO  no build target found for /Users/shreyashsature/Coding/JAVA-DSA-practice/L_LinkedList.java/LinkedList.java. Using fallback presentation compiler.
2026.07.10 18:46:08 INFO  no build target found for /Users/shreyashsature/Coding/JAVA-DSA-practice/L_LinkedList.java/LinkedList.java. Using fallback presentation compiler.
2026.07.10 18:46:08 WARN  Running javac-semanticdb failed for file:///Users/shreyashsature/Coding/JAVA-DSA-practice/L_LinkedList.java/LinkedList.java. Output:

2026.07.10 18:46:08 INFO  no build target found for /Users/shreyashsature/Coding/JAVA-DSA-practice/L_LinkedList.java/LinkedList.java. Using fallback presentation compiler.
2026.07.10 18:46:08 INFO  no build target found for /Users/shreyashsature/Coding/JAVA-DSA-practice/L_LinkedList.java/LinkedList.java. Using fallback presentation compiler.
2026.07.10 18:46:08 INFO  no build target found for /Users/shreyashsature/Coding/JAVA-DSA-practice/L_LinkedList.java/LinkedList.java. Using fallback presentation compiler.
2026.07.10 18:46:08 INFO  no build target found for /Users/shreyashsature/Coding/JAVA-DSA-practice/L_LinkedList.java/LinkedList.java. Using fallback presentation compiler.
2026.07.10 18:46:08 INFO  no build target found for /Users/shreyashsature/Coding/JAVA-DSA-practice/L_LinkedList.java/LinkedList.java. Using fallback presentation compiler.
2026.07.10 18:46:08 INFO  no build target found for /Users/shreyashsature/Coding/JAVA-DSA-practice/L_LinkedList.java/LinkedList.java. Using fallback presentation compiler.
2026.07.10 18:46:08 INFO  no build target found for /Users/shreyashsature/Coding/JAVA-DSA-practice/L_LinkedList.java/LinkedList.java. Using fallback presentation compiler.
2026.07.10 18:46:08 INFO  no build target found for /Users/shreyashsature/Coding/JAVA-DSA-practice/L_LinkedList.java/LinkedList.java. Using fallback presentation compiler.
2026.07.10 18:46:09 INFO  no build target found for /Users/shreyashsature/Coding/JAVA-DSA-practice/L_LinkedList.java/LinkedList.java. Using fallback presentation compiler.
2026.07.10 18:46:09 INFO  no build target found for /Users/shreyashsature/Coding/JAVA-DSA-practice/L_LinkedList.java/LinkedList.java. Using fallback presentation compiler.
2026.07.10 18:46:09 WARN  Running javac-semanticdb failed for file:///Users/shreyashsature/Coding/JAVA-DSA-practice/L_LinkedList.java/LinkedList.java. Output:

2026.07.10 18:46:09 INFO  no build target found for /Users/shreyashsature/Coding/JAVA-DSA-practice/L_LinkedList.java/LinkedList.java. Using fallback presentation compiler.
2026.07.10 18:46:11 INFO  no build target found for /Users/shreyashsature/Coding/JAVA-DSA-practice/L_LinkedList.java/LinkedList.java. Using fallback presentation compiler.
2026.07.10 18:46:31 INFO  no build target found for /Users/shreyashsature/Coding/JAVA-DSA-practice/L_LinkedList.java/LinkedList.java. Using fallback presentation compiler.
2026.07.10 18:46:31 INFO  no build target found for /Users/shreyashsature/Coding/JAVA-DSA-practice/L_LinkedList.java/LinkedList.java. Using fallback presentation compiler.
2026.07.10 18:46:31 INFO  no build target found for /Users/shreyashsature/Coding/JAVA-DSA-practice/L_LinkedList.java/LinkedList.java. Using fallback presentation compiler.
2026.07.10 18:46:32 INFO  no build target found for /Users/shreyashsature/Coding/JAVA-DSA-practice/L_LinkedList.java/LinkedList.java. Using fallback presentation compiler.
2026.07.10 18:46:33 INFO  no build target found for /Users/shreyashsature/Coding/JAVA-DSA-practice/L_LinkedList.java/LinkedList.java. Using fallback presentation compiler.
2026.07.10 18:46:33 INFO  no build target found for /Users/shreyashsature/Coding/JAVA-DSA-practice/L_LinkedList.java/LinkedList.java. Using fallback presentation compiler.
2026.07.10 18:46:33 INFO  no build target found for /Users/shreyashsature/Coding/JAVA-DSA-practice/L_LinkedList.java/LinkedList.java. Using fallback presentation compiler.
2026.07.10 18:46:33 INFO  no build target found for /Users/shreyashsature/Coding/JAVA-DSA-practice/L_LinkedList.java/LinkedList.java. Using fallback presentation compiler.
2026.07.10 18:46:33 INFO  no build target found for /Users/shreyashsature/Coding/JAVA-DSA-practice/L_LinkedList.java/LinkedList.java. Using fallback presentation compiler.
2026.07.10 18:46:33 INFO  no build target found for /Users/shreyashsature/Coding/JAVA-DSA-practice/L_LinkedList.java/LinkedList.java. Using fallback presentation compiler.
2026.07.10 18:46:34 WARN  Running javac-semanticdb failed for file:///Users/shreyashsature/Coding/JAVA-DSA-practice/L_LinkedList.java/LinkedList.java. Output:

2026.07.10 18:46:34 INFO  no build target found for /Users/shreyashsature/Coding/JAVA-DSA-practice/L_LinkedList.java/LinkedList.java. Using fallback presentation compiler.
2026.07.10 18:46:34 INFO  no build target found for /Users/shreyashsature/Coding/JAVA-DSA-practice/L_LinkedList.java/LinkedList.java. Using fallback presentation compiler.
2026.07.10 18:46:34 INFO  no build target found for /Users/shreyashsature/Coding/JAVA-DSA-practice/L_LinkedList.java/LinkedList.java. Using fallback presentation compiler.
2026.07.10 18:46:36 INFO  no build target found for /Users/shreyashsature/Coding/JAVA-DSA-practice/L_LinkedList.java/LinkedList.java. Using fallback presentation compiler.
2026.07.10 18:46:36 INFO  no build target found for /Users/shreyashsature/Coding/JAVA-DSA-practice/L_LinkedList.java/LinkedList.java. Using fallback presentation compiler.
2026.07.10 18:46:36 INFO  no build target found for /Users/shreyashsature/Coding/JAVA-DSA-practice/L_LinkedList.java/LinkedList.java. Using fallback presentation compiler.
2026.07.10 18:46:36 WARN  Running javac-semanticdb failed for file:///Users/shreyashsature/Coding/JAVA-DSA-practice/L_LinkedList.java/LinkedList.java. Output:

2026.07.10 18:46:36 INFO  no build target found for /Users/shreyashsature/Coding/JAVA-DSA-practice/L_LinkedList.java/LinkedList.java. Using fallback presentation compiler.
2026.07.10 18:46:37 INFO  no build target found for /Users/shreyashsature/Coding/JAVA-DSA-practice/L_LinkedList.java/LinkedList.java. Using fallback presentation compiler.
2026.07.10 18:46:37 INFO  no build target found for /Users/shreyashsature/Coding/JAVA-DSA-practice/L_LinkedList.java/LinkedList.java. Using fallback presentation compiler.
2026.07.10 18:46:58 INFO  no build target found for /Users/shreyashsature/Coding/JAVA-DSA-practice/L_LinkedList.java/LinkedList.java. Using fallback presentation compiler.
2026.07.10 18:46:58 INFO  no build target found for /Users/shreyashsature/Coding/JAVA-DSA-practice/L_LinkedList.java/LinkedList.java. Using fallback presentation compiler.
2026.07.10 18:46:58 INFO  no build target found for /Users/shreyashsature/Coding/JAVA-DSA-practice/L_LinkedList.java/LinkedList.java. Using fallback presentation compiler.
2026.07.10 18:46:59 INFO  no build target found for /Users/shreyashsature/Coding/JAVA-DSA-practice/L_LinkedList.java/LinkedList.java. Using fallback presentation compiler.
2026.07.10 18:46:59 INFO  no build target found for /Users/shreyashsature/Coding/JAVA-DSA-practice/L_LinkedList.java/LinkedList.java. Using fallback presentation compiler.
2026.07.10 18:47:00 INFO  no build target found for /Users/shreyashsature/Coding/JAVA-DSA-practice/L_LinkedList.java/LinkedList.java. Using fallback presentation compiler.
2026.07.10 18:47:00 INFO  no build target found for /Users/shreyashsature/Coding/JAVA-DSA-practice/L_LinkedList.java/LinkedList.java. Using fallback presentation compiler.
2026.07.10 18:47:00 INFO  no build target found for /Users/shreyashsature/Coding/JAVA-DSA-practice/L_LinkedList.java/LinkedList.java. Using fallback presentation compiler.
2026.07.10 18:47:00 INFO  no build target found for /Users/shreyashsature/Coding/JAVA-DSA-practice/L_LinkedList.java/LinkedList.java. Using fallback presentation compiler.
2026.07.10 18:47:01 WARN  Running javac-semanticdb failed for file:///Users/shreyashsature/Coding/JAVA-DSA-practice/L_LinkedList.java/LinkedList.java. Output:

2026.07.10 18:47:01 INFO  no build target found for /Users/shreyashsature/Coding/JAVA-DSA-practice/L_LinkedList.java/LinkedList.java. Using fallback presentation compiler.
2026.07.10 18:47:02 INFO  no build target found for /Users/shreyashsature/Coding/JAVA-DSA-practice/L_LinkedList.java/LinkedList.java. Using fallback presentation compiler.
2026.07.10 18:47:02 INFO  no build target found for /Users/shreyashsature/Coding/JAVA-DSA-practice/L_LinkedList.java/LinkedList.java. Using fallback presentation compiler.
2026.07.10 18:47:03 INFO  no build target found for /Users/shreyashsature/Coding/JAVA-DSA-practice/L_LinkedList.java/LinkedList.java. Using fallback presentation compiler.
2026.07.10 18:47:02 INFO  no build target found for /Users/shreyashsature/Coding/JAVA-DSA-practice/L_LinkedList.java/LinkedList.java. Using fallback presentation compiler.
2026.07.10 18:47:03 WARN  Running javac-semanticdb failed for file:///Users/shreyashsature/Coding/JAVA-DSA-practice/L_LinkedList.java/LinkedList.java. Output:

2026.07.10 18:47:03 INFO  no build target found for /Users/shreyashsature/Coding/JAVA-DSA-practice/L_LinkedList.java/LinkedList.java. Using fallback presentation compiler.
2026.07.10 18:47:03 INFO  no build target found for /Users/shreyashsature/Coding/JAVA-DSA-practice/L_LinkedList.java/LinkedList.java. Using fallback presentation compiler.
2026.07.10 18:47:06 INFO  no build target found for /Users/shreyashsature/Coding/JAVA-DSA-practice/L_LinkedList.java/LinkedList.java. Using fallback presentation compiler.
2026.07.10 18:47:43 INFO  no build target found for /Users/shreyashsature/Coding/JAVA-DSA-practice/L_LinkedList.java/LinkedList.java. Using fallback presentation compiler.
2026.07.10 18:47:43 INFO  no build target found for /Users/shreyashsature/Coding/JAVA-DSA-practice/L_LinkedList.java/LinkedList.java. Using fallback presentation compiler.
2026.07.10 18:47:43 INFO  no build target found for /Users/shreyashsature/Coding/JAVA-DSA-practice/L_LinkedList.java/LinkedList.java. Using fallback presentation compiler.
2026.07.10 18:47:44 WARN  Running javac-semanticdb failed for file:///Users/shreyashsature/Coding/JAVA-DSA-practice/L_LinkedList.java/LinkedList.java. Output:

2026.07.10 18:47:44 INFO  no build target found for /Users/shreyashsature/Coding/JAVA-DSA-practice/L_LinkedList.java/LinkedList.java. Using fallback presentation compiler.
2026.07.10 18:47:45 INFO  no build target found for /Users/shreyashsature/Coding/JAVA-DSA-practice/L_LinkedList.java/LinkedList.java. Using fallback presentation compiler.
2026.07.10 18:47:45 INFO  no build target found for /Users/shreyashsature/Coding/JAVA-DSA-practice/L_LinkedList.java/LinkedList.java. Using fallback presentation compiler.
2026.07.10 18:47:45 INFO  no build target found for /Users/shreyashsature/Coding/JAVA-DSA-practice/L_LinkedList.java/LinkedList.java. Using fallback presentation compiler.
2026.07.10 18:47:45 INFO  no build target found for /Users/shreyashsature/Coding/JAVA-DSA-practice/L_LinkedList.java/LinkedList.java. Using fallback presentation compiler.
2026.07.10 18:47:45 INFO  no build target found for /Users/shreyashsature/Coding/JAVA-DSA-practice/L_LinkedList.java/LinkedList.java. Using fallback presentation compiler.
2026.07.10 18:47:45 INFO  no build target found for /Users/shreyashsature/Coding/JAVA-DSA-practice/L_LinkedList.java/LinkedList.java. Using fallback presentation compiler.
2026.07.10 18:47:45 WARN  Running javac-semanticdb failed for file:///Users/shreyashsature/Coding/JAVA-DSA-practice/L_LinkedList.java/LinkedList.java. Output:

2026.07.10 18:47:46 INFO  no build target found for /Users/shreyashsature/Coding/JAVA-DSA-practice/L_LinkedList.java/LinkedList.java. Using fallback presentation compiler.
2026.07.10 18:47:46 INFO  no build target found for /Users/shreyashsature/Coding/JAVA-DSA-practice/L_LinkedList.java/LinkedList.java. Using fallback presentation compiler.
2026.07.10 18:47:46 INFO  no build target found for /Users/shreyashsature/Coding/JAVA-DSA-practice/L_LinkedList.java/LinkedList.java. Using fallback presentation compiler.
2026.07.10 18:47:46 WARN  Running javac-semanticdb failed for file:///Users/shreyashsature/Coding/JAVA-DSA-practice/L_LinkedList.java/LinkedList.java. Output:

2026.07.10 18:47:46 INFO  no build target found for /Users/shreyashsature/Coding/JAVA-DSA-practice/L_LinkedList.java/LinkedList.java. Using fallback presentation compiler.
2026.07.10 18:47:46 INFO  no build target found for /Users/shreyashsature/Coding/JAVA-DSA-practice/L_LinkedList.java/LinkedList.java. Using fallback presentation compiler.
2026.07.10 18:47:46 INFO  no build target found for /Users/shreyashsature/Coding/JAVA-DSA-practice/L_LinkedList.java/LinkedList.java. Using fallback presentation compiler.
2026.07.10 18:47:46 WARN  Running javac-semanticdb failed for file:///Users/shreyashsature/Coding/JAVA-DSA-practice/L_LinkedList.java/LinkedList.java. Output:

2026.07.10 18:47:47 INFO  no build target found for /Users/shreyashsature/Coding/JAVA-DSA-practice/L_LinkedList.java/LinkedList.java. Using fallback presentation compiler.
2026.07.10 18:47:47 INFO  no build target found for /Users/shreyashsature/Coding/JAVA-DSA-practice/L_LinkedList.java/LinkedList.java. Using fallback presentation compiler.
2026.07.10 18:47:47 INFO  no build target found for /Users/shreyashsature/Coding/JAVA-DSA-practice/L_LinkedList.java/LinkedList.java. Using fallback presentation compiler.
2026.07.10 18:47:47 INFO  no build target found for /Users/shreyashsature/Coding/JAVA-DSA-practice/L_LinkedList.java/LinkedList.java. Using fallback presentation compiler.
2026.07.10 18:47:47 INFO  no build target found for /Users/shreyashsature/Coding/JAVA-DSA-practice/L_LinkedList.java/LinkedList.java. Using fallback presentation compiler.
2026.07.10 18:47:47 INFO  no build target found for /Users/shreyashsature/Coding/JAVA-DSA-practice/L_LinkedList.java/LinkedList.java. Using fallback presentation compiler.
2026.07.10 18:47:47 WARN  Running javac-semanticdb failed for file:///Users/shreyashsature/Coding/JAVA-DSA-practice/L_LinkedList.java/LinkedList.java. Output:

2026.07.10 18:47:47 INFO  no build target found for /Users/shreyashsature/Coding/JAVA-DSA-practice/L_LinkedList.java/LinkedList.java. Using fallback presentation compiler.
2026.07.10 18:47:47 INFO  no build target found for /Users/shreyashsature/Coding/JAVA-DSA-practice/L_LinkedList.java/LinkedList.java. Using fallback presentation compiler.
2026.07.10 18:47:48 INFO  no build target found for /Users/shreyashsature/Coding/JAVA-DSA-practice/L_LinkedList.java/LinkedList.java. Using fallback presentation compiler.
2026.07.10 18:47:48 INFO  no build target found for /Users/shreyashsature/Coding/JAVA-DSA-practice/L_LinkedList.java/LinkedList.java. Using fallback presentation compiler.
2026.07.10 18:47:48 INFO  no build target found for /Users/shreyashsature/Coding/JAVA-DSA-practice/L_LinkedList.java/LinkedList.java. Using fallback presentation compiler.
2026.07.10 18:47:48 WARN  Running javac-semanticdb failed for file:///Users/shreyashsature/Coding/JAVA-DSA-practice/L_LinkedList.java/LinkedList.java. Output:

2026.07.10 18:47:47 INFO  no build target found for /Users/shreyashsature/Coding/JAVA-DSA-practice/L_LinkedList.java/LinkedList.java. Using fallback presentation compiler.
2026.07.10 18:47:48 INFO  no build target found for /Users/shreyashsature/Coding/JAVA-DSA-practice/L_LinkedList.java/LinkedList.java. Using fallback presentation compiler.
2026.07.10 18:47:49 INFO  no build target found for /Users/shreyashsature/Coding/JAVA-DSA-practice/L_LinkedList.java/LinkedList.java. Using fallback presentation compiler.
2026.07.10 18:47:49 INFO  no build target found for /Users/shreyashsature/Coding/JAVA-DSA-practice/L_LinkedList.java/LinkedList.java. Using fallback presentation compiler.
2026.07.10 18:47:49 WARN  Running javac-semanticdb failed for file:///Users/shreyashsature/Coding/JAVA-DSA-practice/L_LinkedList.java/LinkedList.java. Output:

2026.07.10 18:47:49 INFO  no build target found for /Users/shreyashsature/Coding/JAVA-DSA-practice/L_LinkedList.java/LinkedList.java. Using fallback presentation compiler.
2026.07.10 18:47:49 INFO  no build target found for /Users/shreyashsature/Coding/JAVA-DSA-practice/L_LinkedList.java/LinkedList.java. Using fallback presentation compiler.
2026.07.10 18:47:49 INFO  no build target found for /Users/shreyashsature/Coding/JAVA-DSA-practice/L_LinkedList.java/LinkedList.java. Using fallback presentation compiler.
2026.07.10 18:47:49 INFO  no build target found for /Users/shreyashsature/Coding/JAVA-DSA-practice/L_LinkedList.java/LinkedList.java. Using fallback presentation compiler.
2026.07.10 18:47:49 INFO  no build target found for /Users/shreyashsature/Coding/JAVA-DSA-practice/L_LinkedList.java/LinkedList.java. Using fallback presentation compiler.
2026.07.10 18:47:50 INFO  no build target found for /Users/shreyashsature/Coding/JAVA-DSA-practice/L_LinkedList.java/LinkedList.java. Using fallback presentation compiler.
2026.07.10 18:47:50 INFO  no build target found for /Users/shreyashsature/Coding/JAVA-DSA-practice/L_LinkedList.java/LinkedList.java. Using fallback presentation compiler.
2026.07.10 18:47:50 INFO  no build target found for /Users/shreyashsature/Coding/JAVA-DSA-practice/L_LinkedList.java/LinkedList.java. Using fallback presentation compiler.
2026.07.10 18:47:50 WARN  Running javac-semanticdb failed for file:///Users/shreyashsature/Coding/JAVA-DSA-practice/L_LinkedList.java/LinkedList.java. Output:

2026.07.10 18:47:50 INFO  no build target found for /Users/shreyashsature/Coding/JAVA-DSA-practice/L_LinkedList.java/LinkedList.java. Using fallback presentation compiler.
2026.07.10 18:47:50 INFO  no build target found for /Users/shreyashsature/Coding/JAVA-DSA-practice/L_LinkedList.java/LinkedList.java. Using fallback presentation compiler.
2026.07.10 18:47:51 WARN  Running javac-semanticdb failed for file:///Users/shreyashsature/Coding/JAVA-DSA-practice/L_LinkedList.java/LinkedList.java. Output:

2026.07.10 18:47:50 INFO  no build target found for /Users/shreyashsature/Coding/JAVA-DSA-practice/L_LinkedList.java/LinkedList.java. Using fallback presentation compiler.
2026.07.10 18:47:51 INFO  no build target found for /Users/shreyashsature/Coding/JAVA-DSA-practice/L_LinkedList.java/LinkedList.java. Using fallback presentation compiler.
2026.07.10 18:47:51 INFO  no build target found for /Users/shreyashsature/Coding/JAVA-DSA-practice/L_LinkedList.java/LinkedList.java. Using fallback presentation compiler.
2026.07.10 18:47:51 WARN  Running javac-semanticdb failed for file:///Users/shreyashsature/Coding/JAVA-DSA-practice/L_LinkedList.java/LinkedList.java. Output:

2026.07.10 18:47:51 INFO  no build target found for /Users/shreyashsature/Coding/JAVA-DSA-practice/L_LinkedList.java/LinkedList.java. Using fallback presentation compiler.
2026.07.10 18:47:51 INFO  no build target found for /Users/shreyashsature/Coding/JAVA-DSA-practice/L_LinkedList.java/LinkedList.java. Using fallback presentation compiler.
2026.07.10 18:47:51 INFO  no build target found for /Users/shreyashsature/Coding/JAVA-DSA-practice/L_LinkedList.java/LinkedList.java. Using fallback presentation compiler.
2026.07.10 18:47:51 INFO  no build target found for /Users/shreyashsature/Coding/JAVA-DSA-practice/L_LinkedList.java/LinkedList.java. Using fallback presentation compiler.
2026.07.10 18:47:52 WARN  Running javac-semanticdb failed for file:///Users/shreyashsature/Coding/JAVA-DSA-practice/L_LinkedList.java/LinkedList.java. Output:

2026.07.10 18:47:52 INFO  no build target found for /Users/shreyashsature/Coding/JAVA-DSA-practice/L_LinkedList.java/LinkedList.java. Using fallback presentation compiler.
2026.07.10 18:47:52 INFO  no build target found for /Users/shreyashsature/Coding/JAVA-DSA-practice/L_LinkedList.java/LinkedList.java. Using fallback presentation compiler.
2026.07.10 18:47:52 INFO  no build target found for /Users/shreyashsature/Coding/JAVA-DSA-practice/L_LinkedList.java/LinkedList.java. Using fallback presentation compiler.
2026.07.10 18:47:53 WARN  Running javac-semanticdb failed for file:///Users/shreyashsature/Coding/JAVA-DSA-practice/L_LinkedList.java/LinkedList.java. Output:

2026.07.10 18:47:53 INFO  no build target found for /Users/shreyashsature/Coding/JAVA-DSA-practice/L_LinkedList.java/LinkedList.java. Using fallback presentation compiler.
2026.07.10 18:47:52 INFO  no build target found for /Users/shreyashsature/Coding/JAVA-DSA-practice/L_LinkedList.java/LinkedList.java. Using fallback presentation compiler.
2026.07.10 18:47:54 INFO  no build target found for /Users/shreyashsature/Coding/JAVA-DSA-practice/L_LinkedList.java/LinkedList.java. Using fallback presentation compiler.
2026.07.10 18:47:55 INFO  no build target found for /Users/shreyashsature/Coding/JAVA-DSA-practice/L_LinkedList.java/LinkedList.java. Using fallback presentation compiler.
2026.07.10 18:47:55 INFO  no build target found for /Users/shreyashsature/Coding/JAVA-DSA-practice/L_LinkedList.java/LinkedList.java. Using fallback presentation compiler.
2026.07.10 18:47:55 INFO  no build target found for /Users/shreyashsature/Coding/JAVA-DSA-practice/L_LinkedList.java/LinkedList.java. Using fallback presentation compiler.
2026.07.10 18:47:55 WARN  Running javac-semanticdb failed for file:///Users/shreyashsature/Coding/JAVA-DSA-practice/L_LinkedList.java/LinkedList.java. Output:

2026.07.10 18:47:55 INFO  no build target found for /Users/shreyashsature/Coding/JAVA-DSA-practice/L_LinkedList.java/LinkedList.java. Using fallback presentation compiler.
2026.07.10 18:47:56 INFO  no build target found for /Users/shreyashsature/Coding/JAVA-DSA-practice/L_LinkedList.java/LinkedList.java. Using fallback presentation compiler.
2026.07.10 18:47:55 INFO  no build target found for /Users/shreyashsature/Coding/JAVA-DSA-practice/L_LinkedList.java/LinkedList.java. Using fallback presentation compiler.
2026.07.10 18:47:56 WARN  Running javac-semanticdb failed for file:///Users/shreyashsature/Coding/JAVA-DSA-practice/L_LinkedList.java/LinkedList.java. Output:

2026.07.10 18:47:57 INFO  no build target found for /Users/shreyashsature/Coding/JAVA-DSA-practice/L_LinkedList.java/LinkedList.java. Using fallback presentation compiler.
2026.07.10 18:47:57 INFO  no build target found for /Users/shreyashsature/Coding/JAVA-DSA-practice/L_LinkedList.java/LinkedList.java. Using fallback presentation compiler.
2026.07.10 18:47:57 INFO  no build target found for /Users/shreyashsature/Coding/JAVA-DSA-practice/L_LinkedList.java/LinkedList.java. Using fallback presentation compiler.
2026.07.10 18:47:56 WARN  Running javac-semanticdb failed for file:///Users/shreyashsature/Coding/JAVA-DSA-practice/L_LinkedList.java/LinkedList.java. Output:

2026.07.10 18:47:57 INFO  no build target found for /Users/shreyashsature/Coding/JAVA-DSA-practice/L_LinkedList.java/LinkedList.java. Using fallback presentation compiler.
2026.07.10 18:47:57 INFO  no build target found for /Users/shreyashsature/Coding/JAVA-DSA-practice/L_LinkedList.java/LinkedList.java. Using fallback presentation compiler.
2026.07.10 18:47:57 INFO  no build target found for /Users/shreyashsature/Coding/JAVA-DSA-practice/L_LinkedList.java/LinkedList.java. Using fallback presentation compiler.
2026.07.10 18:47:57 WARN  Running javac-semanticdb failed for file:///Users/shreyashsature/Coding/JAVA-DSA-practice/L_LinkedList.java/LinkedList.java. Output:

2026.07.10 18:47:57 INFO  no build target found for /Users/shreyashsature/Coding/JAVA-DSA-practice/L_LinkedList.java/LinkedList.java. Using fallback presentation compiler.
2026.07.10 18:47:58 INFO  no build target found for /Users/shreyashsature/Coding/JAVA-DSA-practice/L_LinkedList.java/LinkedList.java. Using fallback presentation compiler.
2026.07.10 18:47:58 INFO  no build target found for /Users/shreyashsature/Coding/JAVA-DSA-practice/L_LinkedList.java/LinkedList.java. Using fallback presentation compiler.
2026.07.10 18:47:58 WARN  Running javac-semanticdb failed for file:///Users/shreyashsature/Coding/JAVA-DSA-practice/L_LinkedList.java/LinkedList.java. Output:

2026.07.10 18:47:58 INFO  no build target found for /Users/shreyashsature/Coding/JAVA-DSA-practice/L_LinkedList.java/LinkedList.java. Using fallback presentation compiler.
2026.07.10 18:47:58 INFO  no build target found for /Users/shreyashsature/Coding/JAVA-DSA-practice/L_LinkedList.java/LinkedList.java. Using fallback presentation compiler.
2026.07.10 18:47:59 INFO  no build target found for /Users/shreyashsature/Coding/JAVA-DSA-practice/L_LinkedList.java/LinkedList.java. Using fallback presentation compiler.
2026.07.10 18:47:59 INFO  no build target found for /Users/shreyashsature/Coding/JAVA-DSA-practice/L_LinkedList.java/LinkedList.java. Using fallback presentation compiler.
2026.07.10 18:47:59 INFO  no build target found for /Users/shreyashsature/Coding/JAVA-DSA-practice/L_LinkedList.java/LinkedList.java. Using fallback presentation compiler.
2026.07.10 18:47:59 INFO  no build target found for /Users/shreyashsature/Coding/JAVA-DSA-practice/L_LinkedList.java/LinkedList.java. Using fallback presentation compiler.
2026.07.10 18:47:59 INFO  no build target found for /Users/shreyashsature/Coding/JAVA-DSA-practice/L_LinkedList.java/LinkedList.java. Using fallback presentation compiler.
2026.07.10 18:48:00 WARN  Running javac-semanticdb failed for file:///Users/shreyashsature/Coding/JAVA-DSA-practice/L_LinkedList.java/LinkedList.java. Output:

2026.07.10 18:48:00 INFO  no build target found for /Users/shreyashsature/Coding/JAVA-DSA-practice/L_LinkedList.java/LinkedList.java. Using fallback presentation compiler.
2026.07.10 18:48:00 INFO  no build target found for /Users/shreyashsature/Coding/JAVA-DSA-practice/L_LinkedList.java/LinkedList.java. Using fallback presentation compiler.
2026.07.10 18:48:35 INFO  no build target found for /Users/shreyashsature/Coding/JAVA-DSA-practice/L_LinkedList.java/LinkedList.java. Using fallback presentation compiler.
2026.07.10 18:48:36 INFO  no build target found for /Users/shreyashsature/Coding/JAVA-DSA-practice/L_LinkedList.java/LinkedList.java. Using fallback presentation compiler.
2026.07.10 18:48:37 INFO  no build target found for /Users/shreyashsature/Coding/JAVA-DSA-practice/L_LinkedList.java/LinkedList.java. Using fallback presentation compiler.
2026.07.10 18:49:31 WARN  Running javac-semanticdb failed for file:///Users/shreyashsature/Coding/JAVA-DSA-practice/L_LinkedList.java/LinkedList.java. Output:

2026.07.10 22:12:28 WARN  no build target for: /Users/shreyashsature/Coding/JAVA-DSA-practice/L_LinkedList.java/LinkedList.java
2026.07.10 22:12:28 INFO  no build target found for /Users/shreyashsature/Coding/JAVA-DSA-practice/L_LinkedList.java/LinkedList.java. Using fallback presentation compiler.
2026.07.10 22:12:29 INFO  no build target found for /Users/shreyashsature/Coding/JAVA-DSA-practice/L_LinkedList.java/LinkedList.java. Using fallback presentation compiler.
2026.07.10 22:12:29 INFO  no build target found for /Users/shreyashsature/Coding/JAVA-DSA-practice/L_LinkedList.java/LinkedList.java. Using fallback presentation compiler.
2026.07.10 22:12:29 WARN  no build target for: /Users/shreyashsature/Coding/JAVA-DSA-practice/L_LinkedList.java/LinkedList.java
2026.07.10 22:12:29 INFO  no build target found for /Users/shreyashsature/Coding/JAVA-DSA-practice/L_LinkedList.java/LinkedList.java. Using fallback presentation compiler.
2026.07.10 22:12:30 INFO  no build target found for /Users/shreyashsature/Coding/JAVA-DSA-practice/L_LinkedList.java/LinkedList.java. Using fallback presentation compiler.
2026.07.10 22:12:30 INFO  no build target found for /Users/shreyashsature/Coding/JAVA-DSA-practice/L_LinkedList.java/LinkedList.java. Using fallback presentation compiler.
2026.07.10 22:12:30 INFO  no build target found for /Users/shreyashsature/Coding/JAVA-DSA-practice/L_LinkedList.java/LinkedList.java. Using fallback presentation compiler.
